appid,name,header_image,website,release_date,is_free,price,currency,about_the_game,short_description,detailed_description,dlc_count,achievements,recommendations,windows,mac,linux,metacritic_score,metacritic_url,support_url,support_email,interface_languages,audio_languages,developers,publishers,category_ids,category_descriptions,genre_ids,genre_descriptions
10,Counter-Strike,https://shared.akamai.steamstatic.com/store_item_assets/steam/apps/10/header.jpg?t=1745368572,,2000-11-01,False,8.19,EUR,Play the world's number 1 online action game. Engage in an incredibly realistic brand of terrorist warfare in this wildly popular team-based game. Ally with teammates to complete strategic missions. Take out enemy sites. Rescue hostages. Your role affects your team's success. Your team's success affects your role.,Play the world's number 1 online action game. Engage in an incredibly realistic brand of terrorist warfare in this wildly popular team-based game. Ally with teammates to complete strategic missions. Take out enemy sites. Rescue hostages. Your role affects your team's success. Your team's success affects your role.,Play the world's number 1 online action game. Engage in an incredibly realistic brand of terrorist warfare in this wildly popular team-based game. Ally with teammates to complete strategic missions. Take out enemy sites. Rescue hostages. Your role affects your team's success. Your team's success affects your role.,0,0,169576,True,True,True,88,https://www.metacritic.com/game/pc/counter-strike?ftag=MCD-06-10aaa1f,http://steamcommunity.com/app/10,,"English, French, German, Italian, Spanish - Spain, Simplified Chinese, Traditional Chinese, Korean","English, French, German, Italian, Spanish - Spain, Simplified Chinese, Traditional Chinese, Korean",Valve,Valve,"1, 49, 36, 37, 66, 68, 75, 69, 8, 62","Multi-player, PvP, Online PvP, Shared/Split Screen PvP, Color Alternatives, Custom Volume Controls, Keyboard Only Option, Stereo Sound, Valve Anti-Cheat enabled, Family Sharing",1,Action
20,Team Fortress Classic,https://shared.akamai.steamstatic.com/store_item_assets/steam/apps/20/header.jpg?t=1745368565,,1999-04-01,False,4.99,EUR,"One of the most popular online action games of all time, Team Fortress Classic features over nine character classes -- from Medic to Spy to Demolition Man -- enlisted in a unique style of online team warfare. Each character class possesses unique weapons, items, and abilities, as teams compete online in a variety of game play modes.","One of the most popular online action games of all time, Team Fortress Classic features over nine character classes -- from Medic to Spy to Demolition Man -- enlisted in a unique style of online team warfare. Each character class possesses unique weapons, items, and abilities, as teams compete online in a variety of game play modes.","One of the most popular online action games of all time, Team Fortress Classic features over nine character classes -- from Medic to Spy to Demolition Man -- enlisted in a unique style of online team warfare. Each character class possesses unique weapons, items, and abilities, as teams compete online in a variety of game play modes.",0,0,7045,True,True,True,,,,,"English, French, German, Italian, Spanish - Spain, Korean, Russian, Simplified Chinese, Traditional Chinese",,Valve,Valve,"1, 49, 36, 37, 68, 75, 69, 8, 44, 62","Multi-player, PvP, Online PvP, Shared/Split Screen PvP, Custom Volume Controls, Keyboard Only Option, Stereo Sound, Valve Anti-Cheat enabled, Remote Play Together, Family Sharing",1,Action
30,Day of Defeat,https://shared.akamai.steamstatic.com/store_item_assets/steam/apps/30/header.jpg?t=1745368580,http://www.dayofdefeat.com/,2003-05-01,False,4.99,EUR,"Enlist in an intense brand of Axis vs. Allied teamplay set in the WWII European Theatre of Operations. Players assume the role of light/assault/heavy infantry, sniper or machine-gunner class, each with a unique arsenal of historical weaponry at their disposal. Missions are based on key historical operations. And, as war rages, players must work together with their squad to accomplish a variety of mission-specific objectives.","Enlist in an intense brand of Axis vs. Allied teamplay set in the WWII European Theatre of Operations. Players assume the role of light/assault/heavy infantry, sniper or machine-gunner class, each with a unique arsenal of historical weaponry at their disposal. Missions are based on key historical operations.","Enlist in an intense brand of Axis vs. Allied teamplay set in the WWII European Theatre of Operations. Players assume the role of light/assault/heavy infantry, sniper or machine-gunner class, each with a unique arsenal of historical weaponry at their disposal. Missions are based on key historical operations. And, as war rages, players must work together with their squad to accomplish a variety of mission-specific objectives.",0,0,4473,True,True,True,79,https://www.metacritic.com/game/pc/day-of-defeat?ftag=MCD-06-10aaa1f,,,"English, French, German, Italian, Spanish - Spain",,Valve,Valve,"1, 67, 66, 68, 69, 8, 62","Multi-player, Camera Comfort, Color Alternatives, Custom Volume Controls, Stereo Sound, Valve Anti-Cheat enabled, Family Sharing",1,Action
40,Deathmatch Classic,https://shared.akamai.steamstatic.com/store_item_assets/steam/apps/40/header.jpg?t=1745368570,,2001-06-01,False,4.99,EUR,"Enjoy fast-paced multiplayer gaming with Deathmatch Classic (a.k.a. DMC). Valve's tribute to the work of id software, DMC invites players to grab their rocket launchers and put their reflexes to the test in a collection of futuristic settings.","Enjoy fast-paced multiplayer gaming with Deathmatch Classic (a.k.a. DMC). Valve's tribute to the work of id software, DMC invites players to grab their rocket launchers and put their reflexes to the test in a collection of futuristic settings.","Enjoy fast-paced multiplayer gaming with Deathmatch Classic (a.k.a. DMC). Valve's tribute to the work of id software, DMC invites players to grab their rocket launchers and put their reflexes to the test in a collection of futuristic settings.",0,0,2452,True,True,True,,,,,"English, French, German, Italian, Spanish - Spain, Korean, Russian, Simplified Chinese, Traditional Chinese",,Valve,Valve,"1, 49, 36, 37, 66, 68, 75, 69, 8, 44, 62","Multi-player, PvP, Online PvP, Shared/Split Screen PvP, Color Alternatives, Custom Volume Controls, Keyboard Only Option, Stereo Sound, Valve Anti-Cheat enabled, Remote Play Together, Family Sharing",1,Action
50,Half-Life: Opposing Force,https://shared.akamai.steamstatic.com/store_item_assets/steam/apps/50/header.jpg?t=1745368539,,1999-11-01,False,4.99,EUR,"Return to the Black Mesa Research Facility as one of the military specialists assigned to eliminate Gordon Freeman. Experience an entirely new episode of single player action. Meet fierce alien opponents, and experiment with new weaponry. Named 'Game of the Year' by the Academy of Interactive Arts and Sciences.","Return to the Black Mesa Research Facility as one of the military specialists assigned to eliminate Gordon Freeman. Experience an entirely new episode of single player action. Meet fierce alien opponents, and experiment with new weaponry. Named 'Game of the Year' by the Academy of Interactive Arts and Sciences.","Return to the Black Mesa Research Facility as one of the military specialists assigned to eliminate Gordon Freeman. Experience an entirely new episode of single player action. Meet fierce alien opponents, and experiment with new weaponry. Named 'Game of the Year' by the Academy of Interactive Arts and Sciences.",0,0,25374,True,True,True,,,https://help.steampowered.com,,"English, French, German, Korean",,Gearbox Software,Valve,"2, 1, 68, 78, 74, 79, 8, 62","Single-player, Multi-player, Custom Volume Controls, Adjustable Difficulty, Playable without Timed Input, Save Anytime, Valve Anti-Cheat enabled, Family Sharing",1,Action
60,Ricochet,https://shared.akamai.steamstatic.com/store_item_assets/steam/apps/60/header.jpg?t=1745368568,,2000-11-01,False,4.99,EUR,"A futuristic action game that challenges your agility as well as your aim, Ricochet features one-on-one and team matches played in a variety of futuristic battle arenas.","A futuristic action game that challenges your agility as well as your aim, Ricochet features one-on-one and team matches played in a variety of futuristic battle arenas.","A futuristic action game that challenges your agility as well as your aim, Ricochet features one-on-one and team matches played in a variety of futuristic battle arenas.",0,0,4550,True,True,True,,,,,"English, French, German, Italian, Spanish - Spain, Korean, Russian, Simplified Chinese, Traditional Chinese",,Valve,Valve,"1, 49, 36, 68, 75, 69, 8, 62","Multi-player, PvP, Online PvP, Custom Volume Controls, Keyboard Only Option, Stereo Sound, Valve Anti-Cheat enabled, Family Sharing",1,Action
70,Half-Life,https://shared.akamai.steamstatic.com/store_item_assets/steam/apps/70/header.jpg?t=1745368462,http://www.half-life.com/,1998-11-19,False,8.19,EUR,"Named Game of the Year by over 50 publications, Valve's debut title blends action and adventure with award-winning technology to create a frighteningly realistic world where players must think to survive. Also includes an exciting multiplayer mode that allows you to play against friends and enemies around the world.","Named Game of the Year by over 50 publications, Valve's debut title blends action and adventure with award-winning technology to create a frighteningly realistic world where players must think to survive. Also includes an exciting multiplayer mode that allows you to play against friends and enemies around the world.","Named Game of the Year by over 50 publications, Valve's debut title blends action and adventure with award-winning technology to create a frighteningly realistic world where players must think to survive. Also includes an exciting multiplayer mode that allows you to play against friends and enemies around the world.",1,0,117070,True,True,True,96,https://www.metacritic.com/game/pc/half-life?ftag=MCD-06-10aaa1f,http://steamcommunity.com/app/70,,"English, French, German, Italian, Spanish - Spain, Simplified Chinese, Traditional Chinese, Korean","English, French, German, Italian, Spanish - Spain, Simplified Chinese, Traditional Chinese, Korean",Valve,Valve,"2, 1, 49, 36, 28, 66, 68, 78, 75, 74, 55, 56, 57, 58, 79, 69, 23, 8, 41, 42, 62","Single-player, Multi-player, PvP, Online PvP, Full controller support, Color Alternatives, Custom Volume Controls, Adjustable Difficulty, Keyboard Only Option, Playable without Timed Input, DualShock Controller Support, DualShock Controller Support, DualSense Controller Support, DualSense Controller Support, Save Anytime, Stereo Sound, Steam Cloud, Valve Anti-Cheat enabled, Remote Play on Phone, Remote Play on Tablet, Family Sharing",1,Action
80,Counter-Strike: Condition Zero,https://shared.akamai.steamstatic.com/store_item_assets/steam/apps/80/header.jpg?t=1745368574,,2004-03-01,False,8.19,EUR,"With its extensive Tour of Duty campaign, a near-limitless number of skirmish modes, updates and new content for Counter-Strike's award-winning multiplayer game play, plus over 12 bonus single player missions, Counter-Strike: Condition Zero is a tremendous offering of single and multiplayer content.","With its extensive Tour of Duty campaign, a near-limitless number of skirmish modes, updates and new content for Counter-Strike's award-winning multiplayer game play, plus over 12 bonus single player missions, Counter-Strike: Condition Zero is a tremendous offering of single and multiplayer content.","With its extensive Tour of Duty campaign, a near-limitless number of skirmish modes, updates and new content for Counter-Strike's award-winning multiplayer game play, plus over 12 bonus single player missions, Counter-Strike: Condition Zero is a tremendous offering of single and multiplayer content.",0,0,21402,True,True,True,65,https://www.metacritic.com/game/pc/counter-strike-condition-zero?ftag=MCD-06-10aaa1f,http://steamcommunity.com/app/80,,"English, French, German, Italian, Spanish - Spain, Simplified Chinese, Traditional Chinese, Korean",,Valve,Valve,"2, 1, 66, 68, 78, 69, 8, 62","Single-player, Multi-player, Color Alternatives, Custom Volume Controls, Adjustable Difficulty, Stereo Sound, Valve Anti-Cheat enabled, Family Sharing",1,Action
130,Half-Life: Blue Shift,https://shared.akamai.steamstatic.com/store_item_assets/steam/apps/130/header.jpg?t=1745368541,,2001-06-01,False,4.99,EUR,"Made by Gearbox Software and originally released in 2001 as an add-on to Half-Life, Blue Shift is a return to the Black Mesa Research Facility in which you play as Barney Calhoun, the security guard sidekick who helped Gordon out of so many sticky situations.","Made by Gearbox Software and originally released in 2001 as an add-on to Half-Life, Blue Shift is a return to the Black Mesa Research Facility in which you play as Barney Calhoun, the security guard sidekick who helped Gordon out of so many sticky situations.","Made by Gearbox Software and originally released in 2001 as an add-on to Half-Life, Blue Shift is a return to the Black Mesa Research Facility in which you play as Barney Calhoun, the security guard sidekick who helped Gordon out of so many sticky situations.",0,0,18610,True,True,True,71,https://www.metacritic.com/game/pc/half-life-blue-shift?ftag=MCD-06-10aaa1f,https://help.steampowered.com,,"English, French, German",,Gearbox Software,Valve,"2, 68, 78, 74, 79, 62","Single-player, Custom Volume Controls, Adjustable Difficulty, Playable without Timed Input, Save Anytime, Family Sharing",1,Action
220,Half-Life 2,https://shared.akamai.steamstatic.com/store_item_assets/steam/apps/220/header.jpg?t=1745368545,http://www.half-life.com/halflife2,2004-11-16,False,9.75,EUR,"The Seven Hour War is lost. Earth has surrendered. The Black Mesa incident is a distant memory. The player again picks up the crowbar of research scientist Gordon Freeman, who finds himself on an alien-infested Earth being picked to the bone, its resources depleted, its populace dwindling. Freeman is thrust into the unenviable role of rescuing the world from the wrong he unleashed back at Black Mesa. And a lot of people he cares about are counting on him.Half-Life 2 is the landmark first-person shooter that “forged the framework for the next generation of games” (PC Gamer). Experience a thrilling campaign packed with unprecedented levels of immersive world-building, boundary-pushing physics, and exhilarating combat. Includes the Half-Life 2 Episode One and Two ExpansionsThe story of Half-Life 2 continues with Episodes One and Two, full-featured Half-Life adventures set during the aftermath of the base game. They are accessible from the main menu, and you will automatically advance to the next episode after completing each one. Half-Life 2: DeathmatchFast multiplayer action set in the Half-Life 2 universe! HL2's physics adds a new dimension to deathmatch play. Play straight deathmatch or try Combine vs. Resistance teamplay. Toss a toilet at your friend today! Included in your Steam library with purchase of Half-Life 2.Steam WorkshopPlay entire campaigns or replace weapons, enemies, UI, and more with content created by the community.","Reawakened from stasis in the occupied metropolis of City 17, Gordon Freeman is joined by Alyx Vance as he leads a desperate human resistance. Experience the landmark first-person shooter packed with immersive world-building, boundary-pushing physics, and exhilarating combat.","The Seven Hour War is lost. Earth has surrendered. The Black Mesa incident is a distant memory. The player again picks up the crowbar of research scientist Gordon Freeman, who finds himself on an alien-infested Earth being picked to the bone, its resources depleted, its populace dwindling. Freeman is thrust into the unenviable role of rescuing the world from the wrong he unleashed back at Black Mesa. And a lot of people he cares about are counting on him.Half-Life 2 is the landmark first-person shooter that “forged the framework for the next generation of games” (PC Gamer). Experience a thrilling campaign packed with unprecedented levels of immersive world-building, boundary-pushing physics, and exhilarating combat. Includes the Half-Life 2 Episode One and Two ExpansionsThe story of Half-Life 2 continues with Episodes One and Two, full-featured Half-Life adventures set during the aftermath of the base game. They are accessible from the main menu, and you will automatically advance to the next episode after completing each one. Half-Life 2: DeathmatchFast multiplayer action set in the Half-Life 2 universe! HL2's physics adds a new dimension to deathmatch play. Play straight deathmatch or try Combine vs. Resistance teamplay. Toss a toilet at your friend today! Included in your Steam library with purchase of Half-Life 2.Steam WorkshopPlay entire campaigns or replace weapons, enemies, UI, and more with content created by the community.",1,69,202253,True,False,True,96,https://www.metacritic.com/game/pc/half-life-2?ftag=MCD-06-10aaa1f,http://steamcommunity.com/app/220,,"English, French, German, Italian, Korean, Spanish - Spain, Russian, Simplified Chinese, Traditional Chinese, Dutch, Danish, Finnish, Japanese, Norwegian, Polish, Portuguese - Portugal, Swedish, Thai, Bulgarian, Czech, Greek, Hungarian, Portuguese - Brazil, Romanian, Spanish - Latin America, Turkish, Ukrainian","English, French, German, Italian, Korean, Spanish - Spain, Russian, Ukrainian",Valve,Valve,"2, 22, 28, 29, 13, 30, 67, 68, 78, 74, 55, 56, 57, 58, 79, 59, 69, 65, 70, 23, 16, 14, 41, 42, 44, 62, 63","Single-player, Steam Achievements, Full controller support, Steam Trading Cards, Captions available, Steam Workshop, Camera Comfort, Custom Volume Controls, Adjustable Difficulty, Playable without Timed Input, DualShock Controller Support, DualShock Controller Support, DualSense Controller Support, DualSense Controller Support, Save Anytime, Steam Input API Support, Stereo Sound, Subtitle Options, Surround Sound, Steam Cloud, Includes Source SDK, Commentary available, Remote Play on Phone, Remote Play on Tablet, Remote Play Together, Family Sharing, Steam Timeline",1,Action
240,Counter-Strike: Source,https://shared.akamai.steamstatic.com/store_item_assets/steam/apps/240/header.jpg?t=1745368575,,2004-11-01,False,9.75,EUR,"THE NEXT INSTALLMENT OF THE WORLD'S # 1 ONLINE ACTION GAME Counter-Strike: Source blends Counter-Strike's award-winning teamplay action with the advanced technology of Source™ technology. Featuring state of the art graphics, all new sounds, and introducing physics, Counter-Strike: Source is a must-have for every action gamer.",Counter-Strike: Source blends Counter-Strike's award-winning teamplay action with the advanced technology of Source™ technology.,"THE NEXT INSTALLMENT OF THE WORLD'S # 1 ONLINE ACTION GAME Counter-Strike: Source blends Counter-Strike's award-winning teamplay action with the advanced technology of Source™ technology. Featuring state of the art graphics, all new sounds, and introducing physics, Counter-Strike: Source is a must-have for every action gamer.",0,147,135294,True,False,True,88,https://www.metacritic.com/game/pc/counter-strike-source?ftag=MCD-06-10aaa1f,http://steamcommunity.com/app/240,,"English, French, German, Italian, Japanese, Korean, Spanish - Spain, Russian, Simplified Chinese, Traditional Chinese, Thai, Turkish",,Valve,Valve,"1, 27, 22, 67, 66, 68, 69, 65, 70, 23, 8, 15, 16, 62","Multi-player, Cross-Platform Multiplayer, Steam Achievements, Camera Comfort, Color Alternatives, Custom Volume Controls, Stereo Sound, Subtitle Options, Surround Sound, Steam Cloud, Valve Anti-Cheat enabled, Stats, Includes Source SDK, Family Sharing",1,Action
300,Day of Defeat: Source,https://shared.akamai.steamstatic.com/store_item_assets/steam/apps/300/header.jpg?t=1763407002,http://www.dayofdefeat.com/,2010-07-12,False,9.75,EUR,"Day of Defeat offers intense online action gameplay set in Europe during WWII. Assume the role of infantry, sniper or machine-gunner classes, and more. DoD:S features enhanced graphics and sounds design to leverage the power of Source, Valve's new engine technology.",Valve's WWII Multiplayer Classic - Now available for Mac.,"Day of Defeat offers intense online action gameplay set in Europe during WWII. Assume the role of infantry, sniper or machine-gunner classes, and more. DoD:S features enhanced graphics and sounds design to leverage the power of Source, Valve's new engine technology.",0,54,15980,True,False,True,80,https://www.metacritic.com/game/pc/day-of-defeat-source?ftag=MCD-06-10aaa1f,,,English,,Valve,Valve,"1, 27, 22, 29, 67, 66, 68, 78, 69, 70, 8, 15, 16, 62","Multi-player, Cross-Platform Multiplayer, Steam Achievements, Steam Trading Cards, Camera Comfort, Color Alternatives, Custom Volume Controls, Adjustable Difficulty, Stereo Sound, Surround Sound, Valve Anti-Cheat enabled, Stats, Includes Source SDK, Family Sharing",1,Action
320,Half-Life 2: Deathmatch,https://shared.akamai.steamstatic.com/store_item_assets/steam/apps/320/header.jpg?t=1749481506,,2004-11-01,False,0.0,,Fast multiplayer action set in the Half-Life 2 universe! HL2's physics adds a new dimension to deathmatch play. Play straight deathmatch or try Combine vs. Resistance teamplay. Toss a toilet at your friend today!,Fast multiplayer action set in the Half-Life 2 universe! HL2's physics adds a new dimension to deathmatch play. Play straight deathmatch or try Combine vs. Resistance teamplay. Toss a toilet at your friend today!,Fast multiplayer action set in the Half-Life 2 universe! HL2's physics adds a new dimension to deathmatch play. Play straight deathmatch or try Combine vs. Resistance teamplay. Toss a toilet at your friend today!,0,0,10232,True,False,True,,,,,English,,Valve,Valve,"1, 68, 74, 69, 70, 8, 16, 62","Multi-player, Custom Volume Controls, Playable without Timed Input, Stereo Sound, Surround Sound, Valve Anti-Cheat enabled, Includes Source SDK, Family Sharing",1,Action
360,Half-Life Deathmatch: Source,https://shared.akamai.steamstatic.com/store_item_assets/steam/apps/360/header.jpg?t=1745368549,,2006-05-01,False,9.75,EUR,"Half-Life Deathmatch: Source is a recreation of the first multiplayer game set in the Half-Life universe. Features all the classic weapons and most-played maps, now running on the Source engine.","Half-Life Deathmatch: Source is a recreation of the first multiplayer game set in the Half-Life universe. Features all the classic weapons and most-played maps, now running on the Source engine.","Half-Life Deathmatch: Source is a recreation of the first multiplayer game set in the Half-Life universe. Features all the classic weapons and most-played maps, now running on the Source engine.",0,0,4359,True,False,True,,,,,English,,Valve,Valve,"1, 67, 68, 74, 69, 70, 8, 62","Multi-player, Camera Comfort, Custom Volume Controls, Playable without Timed Input, Stereo Sound, Surround Sound, Valve Anti-Cheat enabled, Family Sharing",1,Action
400,Portal,https://shared.akamai.steamstatic.com/store_item_assets/steam/apps/400/header.jpg?t=1745368554,http://www.whatistheorangebox.com/,2007-10-10,False,9.75,EUR,"Portal™ is a new single player game from Valve. Set in the mysterious Aperture Science Laboratories, Portal has been called one of the most innovative new games on the horizon and will offer gamers hours of unique gameplay. The game is designed to change the way players approach, manipulate, and surmise the possibilities in a given environment; similar to how Half-Life® 2's Gravity Gun innovated new ways to leverage an object in any given situation. Players must solve physical puzzles and challenges by opening portals to maneuvering objects, and themselves, through space.","Portal™ is a new single player game from Valve. Set in the mysterious Aperture Science Laboratories, Portal has been called one of the most innovative new games on the horizon and will offer gamers hours of unique gameplay.","Portal™ is a new single player game from Valve. Set in the mysterious Aperture Science Laboratories, Portal has been called one of the most innovative new games on the horizon and will offer gamers hours of unique gameplay. The game is designed to change the way players approach, manipulate, and surmise the possibilities in a given environment; similar to how Half-Life® 2's Gravity Gun innovated new ways to leverage an object in any given situation. Players must solve physical puzzles and challenges by opening portals to maneuvering objects, and themselves, through space.",2,15,173149,True,False,True,90,https://www.metacritic.com/game/pc/portal?ftag=MCD-06-10aaa1f,http://steamcommunity.com/app/400,,"English, French, German, Russian, Danish, Dutch, Finnish, Italian, Japanese, Norwegian, Polish, Portuguese - Portugal, Simplified Chinese, Spanish - Spain, Swedish, Traditional Chinese, Korean, Bulgarian, Czech, Greek, Hungarian, Portuguese - Brazil, Romanian, Spanish - Latin America, Thai, Turkish, Ukrainian","English, French, German, Russian, Spanish - Spain, Traditional Chinese, Ukrainian",Valve,Valve,"2, 22, 28, 13, 67, 68, 55, 56, 57, 58, 79, 59, 69, 65, 70, 17, 16, 14, 41, 42, 62","Single-player, Steam Achievements, Full controller support, Captions available, Camera Comfort, Custom Volume Controls, DualShock Controller Support, DualShock Controller Support, DualSense Controller Support, DualSense Controller Support, Save Anytime, Steam Input API Support, Stereo Sound, Subtitle Options, Surround Sound, Includes level editor, Includes Source SDK, Commentary available, Remote Play on Phone, Remote Play on Tablet, Family Sharing",1,Action
440,Team Fortress 2,https://shared.akamai.steamstatic.com/store_item_assets/steam/apps/440/header.jpg?t=1757348372,http://www.teamfortress.com/,2007-10-10,True,0.0,,"""The most fun you can have online"" - PC Gamer Is now FREE! There’s no catch! Play as much as you want, as long as you like! The most highly-rated free game of all time! One of the most popular online action games of all time, Team Fortress 2 delivers constant free updates—new game modes, maps, equipment and, most importantly, hats. Nine distinct classes provide a broad range of tactical abilities and personalities, and lend themselves to a variety of player skills. New to TF? Don’t sweat it! No matter what your style and experience, we’ve got a character for you. Detailed training and offline practice modes will help you hone your skills before jumping into one of TF2’s many game modes, including Capture the Flag, Control Point, Payload, Arena, King of the Hill and more. Make a character your own! There are hundreds of weapons, hats and more to collect, craft, buy and trade. Tweak your favorite class to suit your gameplay style and personal taste. You don’t need to pay to win—virtually all of the items in the Mann Co. Store can also be found in-game.","Nine distinct classes provide a broad range of tactical abilities and personalities. Constantly updated with new game modes, maps, equipment and, most importantly, hats!","""The most fun you can have online"" - PC Gamer Is now FREE! There’s no catch! Play as much as you want, as long as you like! The most highly-rated free game of all time! One of the most popular online action games of all time, Team Fortress 2 delivers constant free updates—new game modes, maps, equipment and, most importantly, hats. Nine distinct classes provide a broad range of tactical abilities and personalities, and lend themselves to a variety of player skills. New to TF? Don’t sweat it! No matter what your style and experience, we’ve got a character for you. Detailed training and offline practice modes will help you hone your skills before jumping into one of TF2’s many game modes, including Capture the Flag, Control Point, Payload, Arena, King of the Hill and more. Make a character your own! There are hundreds of weapons, hats and more to collect, craft, buy and trade. Tweak your favorite class to suit your gameplay style and personal taste. You don’t need to pay to win—virtually all of the items in the Mann Co. Store can also be found in-game.",1,520,47783,True,False,True,92,https://www.metacritic.com/game/pc/team-fortress-2?ftag=MCD-06-10aaa1f,http://steamcommunity.com/app/440,,"English, Danish, Dutch, Finnish, French, German, Italian, Japanese, Norwegian, Polish, Portuguese - Portugal, Russian, Simplified Chinese, Spanish - Spain, Swedish, Traditional Chinese, Korean, Czech, Hungarian, Portuguese - Brazil, Turkish, Greek, Bulgarian, Romanian, Thai, Ukrainian, Spanish - Latin America","English, Spanish - Latin America",Valve,Valve,"1, 27, 22, 29, 13, 30, 35, 67, 66, 68, 69, 70, 18, 8, 15, 17, 14, 41, 42","Multi-player, Cross-Platform Multiplayer, Steam Achievements, Steam Trading Cards, Captions available, Steam Workshop, In-App Purchases, Camera Comfort, Color Alternatives, Custom Volume Controls, Stereo Sound, Surround Sound, Partial Controller Support, Valve Anti-Cheat enabled, Stats, Includes level editor, Commentary available, Remote Play on Phone, Remote Play on Tablet","1, 37","Action, Free To Play"
500,Left 4 Dead,https://shared.akamai.steamstatic.com/store_item_assets/steam/apps/500/header.jpg?t=1745368560,http://www.l4d.com/,2008-11-17,False,9.75,EUR,"From Valve (the creators of Counter-Strike, Half-Life and more) comes Left 4 Dead, a co-op action horror game for the PC and Xbox 360 that casts up to four players in an epic struggle for survival against swarming zombie hordes and terrifying mutant monsters.Set in the immediate aftermath of the zombie apocalypse, L4D's survival co-op mode lets you blast a path through the infected in four unique “movies,” guiding your survivors across the rooftops of an abandoned metropolis, through rural ghost towns and pitch-black forests in your quest to escape a devastated Ground Zero crawling with infected enemies. Each ""movie"" is comprised of five large maps, and can be played by one to four human players, with an emphasis on team-based strategy and objectives. New technology dubbed ""the AI Director"" is used to generate a unique gameplay experience every time you play. The Director tailors the frequency and ferocity of the zombie attacks to your performance, putting you in the middle of a fast-paced, but not overwhelming, Hollywood horror movie. Addictive single player, co-op, and multiplayer action gameplay from the makers of Counter-Strike and Half-Life Versus Mode lets you compete four-on-four with friends, playing as a human trying to get rescued, or as a zombie boss monster that will stop at nothing to destroy them. See how long you and your friends can hold out against the infected horde in the new Survival Mode An advanced AI director dynamically creates intense and unique experiences every time the game is played 20 maps, 10 weapons and unlimited possibilities in four sprawling ""movies"" Matchmaking, stats, rankings, and awards system drive collaborative play Designer's Commentary allows gamers to go ""behind the scenes"" of the game Powered by Source and Steam THE SACRIFICE""The Sacrifice” is the new add-on for Left 4 Dead.""The Sacrifice"" is the prequel to ""The Passing,"" and takes place from the L4D Survivors' perspective as they make their way South. In addition to advancing the story, ""The Sacrifice"" introduces a new style finale featuring ""Sacrificial Gameplay"" where players get to decide who will give their life so the others may live.In The Sacrifice for Left 4 Dead owners receive ""The Sacrifice"" campaign playable in Campaign, Versus, and Survival modes.","From Valve (the creators of Counter-Strike, Half-Life and more) comes Left 4 Dead, a co-op action horror game for the PC and Xbox 360 that casts up to four players in an epic struggle for survival against swarming zombie hordes and terrifying mutant monsters.","From Valve (the creators of Counter-Strike, Half-Life and more) comes Left 4 Dead, a co-op action horror game for the PC and Xbox 360 that casts up to four players in an epic struggle for survival against swarming zombie hordes and terrifying mutant monsters.Set in the immediate aftermath of the zombie apocalypse, L4D's survival co-op mode lets you blast a path through the infected in four unique “movies,” guiding your survivors across the rooftops of an abandoned metropolis, through rural ghost towns and pitch-black forests in your quest to escape a devastated Ground Zero crawling with infected enemies. Each ""movie"" is comprised of five large maps, and can be played by one to four human players, with an emphasis on team-based strategy and objectives. New technology dubbed ""the AI Director"" is used to generate a unique gameplay experience every time you play. The Director tailors the frequency and ferocity of the zombie attacks to your performance, putting you in the middle of a fast-paced, but not overwhelming, Hollywood horror movie. Addictive single player, co-op, and multiplayer action gameplay from the makers of Counter-Strike and Half-Life Versus Mode lets you compete four-on-four with friends, playing as a human trying to get rescued, or as a zombie boss monster that will stop at nothing to destroy them. See how long you and your friends can hold out against the infected horde in the new Survival Mode An advanced AI director dynamically creates intense and unique experiences every time the game is played 20 maps, 10 weapons and unlimited possibilities in four sprawling ""movies"" Matchmaking, stats, rankings, and awards system drive collaborative play Designer's Commentary allows gamers to go ""behind the scenes"" of the game Powered by Source and Steam THE SACRIFICE""The Sacrifice” is the new add-on for Left 4 Dead.""The Sacrifice"" is the prequel to ""The Passing,"" and takes place from the L4D Survivors' perspective as they make their way South. In addition to advancing the story, ""The Sacrifice"" introduces a new style finale featuring ""Sacrificial Gameplay"" where players get to decide who will give their life so the others may live.In The Sacrifice for Left 4 Dead owners receive ""The Sacrifice"" campaign playable in Campaign, Versus, and Survival modes.",0,73,58080,True,False,False,89,https://www.metacritic.com/game/pc/left-4-dead?ftag=MCD-06-10aaa1f,http://steamcommunity.com/app/500,,"English, French, German, Spanish - Spain, Russian, Danish, Dutch, Finnish, Italian, Japanese, Norwegian, Polish, Portuguese - Portugal, Simplified Chinese, Swedish, Traditional Chinese, Korean, Bulgarian, Czech, Greek, Hungarian, Portuguese - Brazil, Romanian, Spanish - Latin America, Thai, Turkish, Ukrainian, Vietnamese","English, French, German, Spanish - Spain, Russian, Vietnamese",Valve,Valve,"2, 1, 9, 22, 28, 13, 67, 66, 68, 78, 55, 56, 57, 58, 69, 70, 23, 8, 15, 25, 16, 14, 43, 62","Single-player, Multi-player, Co-op, Steam Achievements, Full controller support, Captions available, Camera Comfort, Color Alternatives, Custom Volume Controls, Adjustable Difficulty, DualShock Controller Support, DualShock Controller Support, DualSense Controller Support, DualSense Controller Support, Stereo Sound, Surround Sound, Steam Cloud, Valve Anti-Cheat enabled, Stats, Steam Leaderboards, Includes Source SDK, Commentary available, Remote Play on TV, Family Sharing",1,Action
550,Left 4 Dead 2,https://shared.akamai.steamstatic.com/store_item_assets/steam/apps/550/header.jpg?t=1772742214,http://www.l4d.com,2009-11-16,False,9.75,EUR,"Set in the zombie apocalypse, Left 4 Dead 2 (L4D2) is the highly anticipated sequel to the award-winning Left 4 Dead, the #1 co-op game of 2008. This co-operative action horror FPS takes you and your friends through the cities, swamps and cemeteries of the Deep South, from Savannah to New Orleans across five expansive campaigns. You'll play as one of four new survivors armed with a wide and devastating array of classic and upgraded weapons. In addition to firearms, you'll also get a chance to take out some aggression on infected with a variety of carnage-creating melee weapons, from chainsaws to axes and even the deadly frying pan. You'll be putting these weapons to the test against (or playing as in Versus) three horrific and formidable new Special Infected. You'll also encounter five new uncommon common infected, including the terrifying Mudmen.Helping to take L4D's frantic, action-packed gameplay to the next level is AI Director 2.0. This improved Director has the ability to procedurally change the weather you'll fight through and the pathways you'll take, in addition to tailoring the enemy population, effects, and sounds to match your performance. L4D2 promises a satisfying and uniquely challenging experience every time the game is played, custom-fitted to your style of play.Next generation co-op action gaming from the makers of Half-Life, Portal, Team Fortress and Counter-Strike.Over 20 new weapons & items headlined by over 10 melee weapons – axe, chainsaw, frying pan, baseball bat – allow you to get up close with the zombiesNew survivors. New Story. New dialogue. Five expansive campaigns for co-operative, Versus and Survival game modes.An all new multiplayer mode.Uncommon common infected. Each of the five new campaigns contains at least one new uncommon common zombies which are exclusive to that campaign. AI Director 2.0: Advanced technology dubbed The AI Director drove L4D's unique gameplay – customizing enemy population, effects, and music, based upon the players’ performance. L4D 2 features The AI Director 2.0 which expands the Director’s ability to customize level layout, world objects, weather, and lighting to reflect different times of day.Stats, rankings, and awards system drives collaborative play","Set in the zombie apocalypse, Left 4 Dead 2 is a co-operative action horror FPS takes you and your friends through the cities, swamps and cemeteries of the Deep South, from Savannah to New Orleans across five expansive campaigns.","Set in the zombie apocalypse, Left 4 Dead 2 (L4D2) is the highly anticipated sequel to the award-winning Left 4 Dead, the #1 co-op game of 2008. This co-operative action horror FPS takes you and your friends through the cities, swamps and cemeteries of the Deep South, from Savannah to New Orleans across five expansive campaigns. You'll play as one of four new survivors armed with a wide and devastating array of classic and upgraded weapons. In addition to firearms, you'll also get a chance to take out some aggression on infected with a variety of carnage-creating melee weapons, from chainsaws to axes and even the deadly frying pan. You'll be putting these weapons to the test against (or playing as in Versus) three horrific and formidable new Special Infected. You'll also encounter five new uncommon common infected, including the terrifying Mudmen.Helping to take L4D's frantic, action-packed gameplay to the next level is AI Director 2.0. This improved Director has the ability to procedurally change the weather you'll fight through and the pathways you'll take, in addition to tailoring the enemy population, effects, and sounds to match your performance. L4D2 promises a satisfying and uniquely challenging experience every time the game is played, custom-fitted to your style of play.Next generation co-op action gaming from the makers of Half-Life, Portal, Team Fortress and Counter-Strike.Over 20 new weapons & items headlined by over 10 melee weapons – axe, chainsaw, frying pan, baseball bat – allow you to get up close with the zombiesNew survivors. New Story. New dialogue. Five expansive campaigns for co-operative, Versus and Survival game modes.An all new multiplayer mode.Uncommon common infected. Each of the five new campaigns contains at least one new uncommon common zombies which are exclusive to that campaign. AI Director 2.0: Advanced technology dubbed The AI Director drove L4D's unique gameplay – customizing enemy population, effects, and music, based upon the players’ performance. L4D 2 features The AI Director 2.0 which expands the Director’s ability to customize level layout, world objects, weather, and lighting to reflect different times of day.Stats, rankings, and awards system drives collaborative play",0,101,814315,True,False,True,89,https://www.metacritic.com/game/pc/left-4-dead-2?ftag=MCD-06-10aaa1f,http://steamcommunity.com/app/550,,"Danish, Dutch, English, Finnish, French, German, Italian, Japanese, Korean, Norwegian, Polish, Portuguese - Portugal, Russian, Simplified Chinese, Spanish - Spain, Swedish, Traditional Chinese, Hungarian, Turkish, Bulgarian, Czech, Greek, Portuguese - Brazil, Romanian, Spanish - Latin America, Thai, Ukrainian, Vietnamese","English, French, German, Russian, Spanish - Spain, Vietnamese",Valve,Valve,"2, 1, 49, 36, 9, 38, 22, 28, 29, 13, 30, 67, 66, 68, 78, 74, 55, 56, 57, 58, 59, 69, 70, 23, 8, 15, 16, 14, 41, 42, 43, 44, 62, 63","Single-player, Multi-player, PvP, Online PvP, Co-op, Online Co-op, Steam Achievements, Full controller support, Steam Trading Cards, Captions available, Steam Workshop, Camera Comfort, Color Alternatives, Custom Volume Controls, Adjustable Difficulty, Playable without Timed Input, DualShock Controller Support, DualShock Controller Support, DualSense Controller Support, DualSense Controller Support, Steam Input API Support, Stereo Sound, Surround Sound, Steam Cloud, Valve Anti-Cheat enabled, Stats, Includes Source SDK, Commentary available, Remote Play on Phone, Remote Play on Tablet, Remote Play on TV, Remote Play Together, Family Sharing, Steam Timeline",1,Action
570,Dota 2,https://shared.akamai.steamstatic.com/store_item_assets/steam/apps/570/header.jpg?t=1769535998,http://www.dota2.com/,2013-07-09,True,0.0,,"The most-played game on Steam.Every day, millions of players worldwide enter battle as one of over a hundred Dota heroes. And no matter if it's their 10th hour of play or 1,000th, there's always something new to discover. With regular updates that ensure a constant evolution of gameplay, features, and heroes, Dota 2 has truly taken on a life of its own.One Battlefield. Infinite Possibilities.When it comes to diversity of heroes, abilities, and powerful items, Dota boasts an endless array—no two games are the same. Any hero can fill multiple roles, and there's an abundance of items to help meet the needs of each game. Dota doesn't provide limitations on how to play, it empowers you to express your own style.All heroes are free.Competitive balance is Dota's crown jewel, and to ensure everyone is playing on an even field, the core content of the game—like the vast pool of heroes—is available to all players. Fans can collect cosmetics for heroes and fun add-ons for the world they inhabit, but everything you need to play is already included before you join your first match.Bring your friends and party up.Dota is deep, and constantly evolving, but it's never too late to join. Learn the ropes playing co-op vs. bots. Sharpen your skills in the hero demo mode. Jump into the behavior- and skill-based matchmaking system that ensures you'll be matched with the right players each game.","Every day, millions of players worldwide enter battle as one of over a hundred Dota heroes. And no matter if it's their 10th hour of play or 1,000th, there's always something new to discover. With regular updates that ensure a constant evolution of gameplay, features, and heroes, Dota 2 has taken on a life of its own.","The most-played game on Steam.Every day, millions of players worldwide enter battle as one of over a hundred Dota heroes. And no matter if it's their 10th hour of play or 1,000th, there's always something new to discover. With regular updates that ensure a constant evolution of gameplay, features, and heroes, Dota 2 has truly taken on a life of its own.One Battlefield. Infinite Possibilities.When it comes to diversity of heroes, abilities, and powerful items, Dota boasts an endless array—no two games are the same. Any hero can fill multiple roles, and there's an abundance of items to help meet the needs of each game. Dota doesn't provide limitations on how to play, it empowers you to express your own style.All heroes are free.Competitive balance is Dota's crown jewel, and to ensure everyone is playing on an even field, the core content of the game—like the vast pool of heroes—is available to all players. Fans can collect cosmetics for heroes and fun add-ons for the world they inhabit, but everything you need to play is already included before you join your first match.Bring your friends and party up.Dota is deep, and constantly evolving, but it's never too late to join. Learn the ropes playing co-op vs. bots. Sharpen your skills in the hero demo mode. Jump into the behavior- and skill-based matchmaking system that ensures you'll be matched with the right players each game.",2,0,14379,True,True,True,90,https://www.metacritic.com/game/pc/dota-2?ftag=MCD-06-10aaa1f,,,"Bulgarian, Czech, Danish, Dutch, English, Finnish, French, German, Greek, Hungarian, Italian, Japanese, Korean, Norwegian, Polish, Portuguese - Portugal, Portuguese - Brazil, Romanian, Russian, Simplified Chinese, Spanish - Spain, Swedish, Thai, Traditional Chinese, Turkish, Ukrainian, Spanish - Latin America, Vietnamese","English, Korean, Simplified Chinese, Vietnamese",Valve,Valve,"1, 9, 29, 30, 40, 35, 67, 66, 68, 8, 63","Multi-player, Co-op, Steam Trading Cards, Steam Workshop, SteamVR Collectibles, In-App Purchases, Camera Comfort, Color Alternatives, Custom Volume Controls, Valve Anti-Cheat enabled, Steam Timeline","1, 2, 37","Action, Strategy, Free To Play"
620,Portal 2,https://shared.akamai.steamstatic.com/store_item_assets/steam/apps/620/header.jpg?t=1745363004,http://www.thinkwithportals.com/,2011-04-18,False,9.75,EUR,"Portal 2 draws from the award-winning formula of innovative gameplay, story, and music that earned the original Portal over 70 industry accolades and created a cult following. The single-player portion of Portal 2 introduces a cast of dynamic new characters, a host of fresh puzzle elements, and a much larger set of devious test chambers. Players will explore never-before-seen areas of the Aperture Science Labs and be reunited with GLaDOS, the occasionally murderous computer companion who guided them through the original game. The game’s two-player cooperative mode features its own entirely separate campaign with a unique story, test chambers, and two new player characters. This new mode forces players to reconsider everything they thought they knew about portals. Success will require them to not just act cooperatively, but to think cooperatively. Product Features Extensive single player: Featuring next generation gameplay and a wildly-engrossing story. Complete two-person co-op: Multiplayer game featuring its own dedicated story, characters, and gameplay. Advanced physics: Allows for the creation of a whole new range of interesting challenges, producing a much larger but not harder game. Original music. Massive sequel: The original Portal was named 2007's Game of the Year by over 30 publications worldwide. Editing Tools: Portal 2 editing tools will be included.","The ""Perpetual Testing Initiative"" has been expanded to allow you to design co-op puzzles for you and your friends!","Portal 2 draws from the award-winning formula of innovative gameplay, story, and music that earned the original Portal over 70 industry accolades and created a cult following. The single-player portion of Portal 2 introduces a cast of dynamic new characters, a host of fresh puzzle elements, and a much larger set of devious test chambers. Players will explore never-before-seen areas of the Aperture Science Labs and be reunited with GLaDOS, the occasionally murderous computer companion who guided them through the original game. The game’s two-player cooperative mode features its own entirely separate campaign with a unique story, test chambers, and two new player characters. This new mode forces players to reconsider everything they thought they knew about portals. Success will require them to not just act cooperatively, but to think cooperatively. Product Features Extensive single player: Featuring next generation gameplay and a wildly-engrossing story. Complete two-person co-op: Multiplayer game featuring its own dedicated story, characters, and gameplay. Advanced physics: Allows for the creation of a whole new range of interesting challenges, producing a much larger but not harder game. Original music. Massive sequel: The original Portal was named 2007's Game of the Year by over 30 publications worldwide. Editing Tools: Portal 2 editing tools will be included.",1,51,389768,True,False,True,95,https://www.metacritic.com/game/pc/portal-2?ftag=MCD-06-10aaa1f,http://steamcommunity.com/app/620,,"English, French, German, Spanish - Spain, Czech, Danish, Dutch, Finnish, Hungarian, Italian, Japanese, Korean, Norwegian, Polish, Portuguese - Portugal, Romanian, Russian, Simplified Chinese, Swedish, Thai, Traditional Chinese, Turkish, Bulgarian, Greek, Portuguese - Brazil, Spanish - Latin America, Ukrainian","English, French, German, Spanish - Spain, Russian, Ukrainian",Valve,Valve,"2, 1, 9, 38, 39, 24, 22, 28, 29, 13, 51, 30, 67, 68, 74, 55, 56, 57, 58, 79, 59, 69, 70, 23, 15, 17, 14, 41, 42, 43, 44, 62","Single-player, Multi-player, Co-op, Online Co-op, Shared/Split Screen Co-op, Shared/Split Screen, Steam Achievements, Full controller support, Steam Trading Cards, Captions available, Steam Workshop, Steam Workshop, Camera Comfort, Custom Volume Controls, Playable without Timed Input, DualShock Controller Support, DualShock Controller Support, DualSense Controller Support, DualSense Controller Support, Save Anytime, Steam Input API Support, Stereo Sound, Surround Sound, Steam Cloud, Stats, Includes level editor, Commentary available, Remote Play on Phone, Remote Play on Tablet, Remote Play on TV, Remote Play Together, Family Sharing","1, 25","Action, Adventure"
630,Alien Swarm,https://shared.akamai.steamstatic.com/store_item_assets/steam/apps/630/header.jpg?t=1763407010,http://www.alienswarm.com,2010-07-19,True,0.0,,"Alien Swarm is a game and Source SDK release from a group of talented designers at Valve who were hired from the Mod community. Available free of charge, the game thrusts players into an epic bug hunt featuring a unique blend of co-op play and squad-level tactics. With your friends, form a squad of four distinct IAF Marine classes. Plan your attack using an unlockable arsenal of weapons with countless loadout configurations against a wide variety of aliens. Blaze your way through an overrun, off-world colony, eradicating the alien infestation in environments ranging from the icy planet's surface, to a subterranean lava-flooded mining facility. Along with the game get the complete code base for Alien Swarm that features updates to the Source engine as well as the SDK. Alien Swarm adds 3rd person camera, depth of field, improved dynamic shadows and a wide variety of gameplay additions to the Source engine. Tactical, 4 player co-op action game with a top-down perspective Complete game code and mod tools Unlock persistent items by gaining levels Over 40 weapons and equipment with countless loadout configurations 4 unique classes and 8 unique characters Matchmaking, Steam Cloud, Steam Stats 64 achievements Tile-based map generation tool Powered by Source and Steam",Co-operative multiplayer game and complete code base available for free.,"Alien Swarm is a game and Source SDK release from a group of talented designers at Valve who were hired from the Mod community. Available free of charge, the game thrusts players into an epic bug hunt featuring a unique blend of co-op play and squad-level tactics. With your friends, form a squad of four distinct IAF Marine classes. Plan your attack using an unlockable arsenal of weapons with countless loadout configurations against a wide variety of aliens. Blaze your way through an overrun, off-world colony, eradicating the alien infestation in environments ranging from the icy planet's surface, to a subterranean lava-flooded mining facility. Along with the game get the complete code base for Alien Swarm that features updates to the Source engine as well as the SDK. Alien Swarm adds 3rd person camera, depth of field, improved dynamic shadows and a wide variety of gameplay additions to the Source engine. Tactical, 4 player co-op action game with a top-down perspective Complete game code and mod tools Unlock persistent items by gaining levels Over 40 weapons and equipment with countless loadout configurations 4 unique classes and 8 unique characters Matchmaking, Steam Cloud, Steam Stats 64 achievements Tile-based map generation tool Powered by Source and Steam",0,66,294,True,False,False,77,https://www.metacritic.com/game/pc/alien-swarm?ftag=MCD-06-10aaa1f,,,English,,Valve,Valve,"2, 1, 9, 22, 13, 67, 66, 68, 78, 69, 70, 23, 15, 17, 62","Single-player, Multi-player, Co-op, Steam Achievements, Captions available, Camera Comfort, Color Alternatives, Custom Volume Controls, Adjustable Difficulty, Stereo Sound, Surround Sound, Steam Cloud, Stats, Includes level editor, Family Sharing","1, 37","Action, Free To Play"
730,Counter-Strike 2,https://shared.akamai.steamstatic.com/store_item_assets/steam/apps/730/162664aa5da85f418105350c5d67ca565f6c3713/header.jpg?t=1784564069,http://counter-strike.net/,2012-08-21,True,0.0,,"For over two decades, Counter-Strike has offered an elite competitive experience, one shaped by millions of players from across the globe. And now the next chapter in the CS story is about to begin. This is Counter-Strike 2.A free upgrade to CS:GO, Counter-Strike 2 marks the largest technical leap in Counter-Strike’s history. Built on the Source 2 engine, Counter-Strike 2 is modernized with realistic physically-based rendering, state of the art networking, and upgraded Community Workshop tools.In addition to the classic objective-focused gameplay that Counter-Strike pioneered in 1999, Counter-Strike 2 features:All-new CS Ratings with the updated Premier modeGlobal and Regional leaderboardsUpgraded and overhauled mapsGame-changing dynamic smoke grenadesTick-rate-independent gameplayRedesigned visual effects and audioAll items from CS:GO moving forward to CS2","For over two decades, Counter-Strike has offered an elite competitive experience, one shaped by millions of players from across the globe. And now the next chapter in the CS story is about to begin. This is Counter-Strike 2.","For over two decades, Counter-Strike has offered an elite competitive experience, one shaped by millions of players from across the globe. And now the next chapter in the CS story is about to begin. This is Counter-Strike 2.A free upgrade to CS:GO, Counter-Strike 2 marks the largest technical leap in Counter-Strike’s history. Built on the Source 2 engine, Counter-Strike 2 is modernized with realistic physically-based rendering, state of the art networking, and upgraded Community Workshop tools.In addition to the classic objective-focused gameplay that Counter-Strike pioneered in 1999, Counter-Strike 2 features:All-new CS Ratings with the updated Premier modeGlobal and Regional leaderboardsUpgraded and overhauled mapsGame-changing dynamic smoke grenadesTick-rate-independent gameplayRedesigned visual effects and audioAll items from CS:GO moving forward to CS2",1,1,5247920,True,False,True,,,,,"Czech, Danish, Dutch, English, Finnish, French, German, Hungarian, Italian, Japanese, Korean, Norwegian, Polish, Portuguese - Portugal, Portuguese - Brazil, Romanian, Russian, Simplified Chinese, Spanish - Spain, Swedish, Thai, Traditional Chinese, Turkish, Bulgarian, Ukrainian, Greek, Spanish - Latin America, Vietnamese, Indonesian","English, Indonesian",Valve,Valve,"1, 27, 29, 51, 30, 35, 64, 67, 66, 68, 74, 69, 70, 8, 15, 41, 42, 43, 63","Multi-player, Cross-Platform Multiplayer, Steam Trading Cards, Steam Workshop, Steam Workshop, In-App Purchases, Adjustable Text Size, Camera Comfort, Color Alternatives, Custom Volume Controls, Playable without Timed Input, Stereo Sound, Surround Sound, Valve Anti-Cheat enabled, Stats, Remote Play on Phone, Remote Play on Tablet, Remote Play on TV, Steam Timeline","1, 37","Action, Free To Play"
1002,Rag Doll Kung Fu,https://shared.akamai.steamstatic.com/store_item_assets/steam/apps/1002/header.jpg?t=1611415705,http://www.ragdollkungfu.com/,2005-10-12,False,0.79,EUR,"A piece of Steam history - THE FIRST EVER NON VALVE GAME TO APPEAR ON THE STEAM PLATFORM! Featuring a wide collection of single and multiplayer games - supporting multiple mice, Rag Doll Kung Fu provides players with one of the most creative and unique game experiences delivered in years. Additionally, between those game rounds, the challenges of an aspiring Kung Fu master are revealed via outlandish cut scenes inspired by classic Kung Fu cinema.",A piece of Steam history - THE FIRST EVER NON VALVE GAME TO APPEAR ON THE STEAM PLATFORM!,"A piece of Steam history - THE FIRST EVER NON VALVE GAME TO APPEAR ON THE STEAM PLATFORM! Featuring a wide collection of single and multiplayer games - supporting multiple mice, Rag Doll Kung Fu provides players with one of the most creative and unique game experiences delivered in years. Additionally, between those game rounds, the challenges of an aspiring Kung Fu master are revealed via outlandish cut scenes inspired by classic Kung Fu cinema.",0,0,0,True,False,False,69,https://www.metacritic.com/game/pc/rag-doll-kung-fu?ftag=MCD-06-10aaa1f,,,English,,Mark Healey,Mark Healey,"2, 1, 62","Single-player, Multi-player, Family Sharing",23,Indie
1200,Red Orchestra: Ostfront 41-45,https://shared.akamai.steamstatic.com/store_item_assets/steam/apps/1200/header.jpg?t=1551467896,http://www.redorchestragame.com/,2006-03-14,False,3.99,EUR,"Fight in the theatre of war that changed the world forever. Battle alongside your compatriots on some of the most inhospitable environments of the Eastern Front in Red Orchestra: Ostfront 41-45. Red Orchestra places you in the most realistic WWII first-person multi-player combat to date on the PC, allowing the player to fight through some of the most intense combat of the war. You can play as infantry, using a wide range of infantry weapons, or crew one of the many armored combat vehicles available in the game, from half-tracks to the most famous German and Soviet heavy tanks. Engage the enemy with everything in your arsenal, from your bayonet at close quarters up to the massive 122mm cannon on the Soviet IS-2. And if that isn't enough, find an officer and a radio to call in thunderous artillery strikes to shake the enemy loose. Crew 16 fully realized vehicles with highly detailed exterior and interior models Choose from 30 authentic infantry weapons Full 50+ player online Multiplayer Support Unique Setting - the only FPS to focus on the WWII Russian Front Engage enemy tanks at 800 metres and more with the Simulation-level armored vehicle combat Fight the full range of combined arms infantry and vehicle combat in detailed environments based on real-world data, from city-centre to deeply rural settings Realistic bullet and projectile ballistics will make you duck for cover Coordinate strategies with your team-mates via Voice Over IP Authentic Immersive Sound FX and 3d Positional Sound System 3D 'Iron Sights' and unique 3D scope system True weapon deployment system including resting rifles on support Historically accurate artillery system Distance-based sound system dynamically creates the battle ambiance Advanced player movement system featuring diving over obstacles and leaning Custom 8 way animation system for highly realistic player animations New for Summer '07 This update includes a new map, a new vehicle and some major graphical enhancements to the game and is available to owners of the game for free through Steam. The new map - Krivoi Rog - gives players the largest tank slugfest to date, with 16 square kilometers of terrain, 3000 meter viewable range and up to 50 players. This map also features the new vehicle - the German Panzer IV G, providing the German players with some additional fire-power for the mid-war period. In addition to the new map and vehicle, an all-new adaptive bloom system has been added for the game's graphics, making the bloom crystal-clear even at low resolutions. For further eye-candy, Anti-Aliasing and Anisotropic Filtering settings are now configurable in-game. New for Spring '07 Ten new maps, the winning entries in Tripwire's Custom Map Competition. Tripwire worked with the developers of each of these maps to ensure the maps are optimized, polished, and gameplay balanced. Highlights in the new map-pack include: ""Smolensk Stalemate"": the contest winning map features perfectly balanced to-and-fro infantry combat through ruined villages and trenches in August 1943.""Leningrad"": features close-quarters infantry fighting in the ruined streets of the city, above them in the bombed-out buildings and deep beneath them in the sewers, all with close-in armor support.""Berezina"": the After-Hourz team surpass themselves on this rural/village map, introducing not just a new vehicle (the Russian BT-7 light tank), but also the first functional anti-tank gun in the game. To cap it off, the BT-7 even carries tank-riders.""Black Day July"": one of the very best for tank combat fans, set in the rolling countryside around Prokhorovka as German and Russian armor clash en masse during the Battle of Kursk. Increased player limits. A new level of intensity with 50+ player multiplayer battles (up from the previous limit of 32). New community made content, including the Russian BT-7 light tank with infantry tank riders and the first player controllable anti-tank gun in the game. New soundtrack: The ""Orchestra"" comes to the Ostfront - the game now features a complete in-game soundtrack from composer Matthew Burns. Gameplay enhancements. The addition of several features requested by the clan/ladder/league community to enhance competitive play.","Fight in the theatre of war that changed the world forever. Battle alongside your compatriots on some of the most inhospitable environments of the Eastern Front in Red Orchestra: Ostfront 41-45. Red Orchestra places you in the most realistic WWII first-person multi-player combat to date on the PC, allowing the player to fight through...","D-Day Anniversary 2016 Update for Darkest HourTo commemorate the 72nd anniversary of the D-Day landings in Normandy, we have added a total of five new official maps for the Darkest Hour mod!La Cambe (50+ players)St-Clement (32+ players)Dead Man’s Corner (8-16 players)Vierville (16-32 players)Foucarville (8-16 players)If you own RO:Ostfront the mod is completely free to you. To get your copy, simply head for the store page: HEREAbout the GameFight in the theatre of war that changed the world forever. Battle alongside your compatriots on some of the most inhospitable environments of the Eastern Front in Red Orchestra: Ostfront 41-45. Red Orchestra places you in the most realistic WWII first-person multi-player combat to date on the PC, allowing the player to fight through some of the most intense combat of the war. You can play as infantry, using a wide range of infantry weapons, or crew one of the many armored combat vehicles available in the game, from half-tracks to the most famous German and Soviet heavy tanks. Engage the enemy with everything in your arsenal, from your bayonet at close quarters up to the massive 122mm cannon on the Soviet IS-2. And if that isn't enough, find an officer and a radio to call in thunderous artillery strikes to shake the enemy loose. Crew 16 fully realized vehicles with highly detailed exterior and interior models Choose from 30 authentic infantry weapons Full 50+ player online Multiplayer Support Unique Setting - the only FPS to focus on the WWII Russian Front Engage enemy tanks at 800 metres and more with the Simulation-level armored vehicle combat Fight the full range of combined arms infantry and vehicle combat in detailed environments based on real-world data, from city-centre to deeply rural settings Realistic bullet and projectile ballistics will make you duck for cover Coordinate strategies with your team-mates via Voice Over IP Authentic Immersive Sound FX and 3d Positional Sound System 3D 'Iron Sights' and unique 3D scope system True weapon deployment system including resting rifles on support Historically accurate artillery system Distance-based sound system dynamically creates the battle ambiance Advanced player movement system featuring diving over obstacles and leaning Custom 8 way animation system for highly realistic player animations New for Summer '07 This update includes a new map, a new vehicle and some major graphical enhancements to the game and is available to owners of the game for free through Steam. The new map - Krivoi Rog - gives players the largest tank slugfest to date, with 16 square kilometers of terrain, 3000 meter viewable range and up to 50 players. This map also features the new vehicle - the German Panzer IV G, providing the German players with some additional fire-power for the mid-war period. In addition to the new map and vehicle, an all-new adaptive bloom system has been added for the game's graphics, making the bloom crystal-clear even at low resolutions. For further eye-candy, Anti-Aliasing and Anisotropic Filtering settings are now configurable in-game. New for Spring '07 Ten new maps, the winning entries in Tripwire's Custom Map Competition. Tripwire worked with the developers of each of these maps to ensure the maps are optimized, polished, and gameplay balanced. Highlights in the new map-pack include: ""Smolensk Stalemate"": the contest winning map features perfectly balanced to-and-fro infantry combat through ruined villages and trenches in August 1943.""Leningrad"": features close-quarters infantry fighting in the ruined streets of the city, above them in the bombed-out buildings and deep beneath them in the sewers, all with close-in armor support.""Berezina"": the After-Hourz team surpass themselves on this rural/village map, introducing not just a new vehicle (the Russian BT-7 light tank), but also the first functional anti-tank gun in the game. To cap it off, the BT-7 even carries tank-riders.""Black Day July"": one of the very best for tank combat fans, set in the rolling countryside around Prokhorovka as German and Russian armor clash en masse during the Battle of Kursk. Increased player limits. A new level of intensity with 50+ player multiplayer battles (up from the previous limit of 32). New community made content, including the Russian BT-7 light tank with infantry tank riders and the first player controllable anti-tank gun in the game. New soundtrack: The ""Orchestra"" comes to the Ostfront - the game now features a complete in-game soundtrack from composer Matthew Burns. Gameplay enhancements. The addition of several features requested by the clan/ladder/league community to enhance competitive play.",0,44,1523,True,True,True,81,https://www.metacritic.com/game/pc/red-orchestra-ostfront-41-45?ftag=MCD-06-10aaa1f,,,"English, French, Russian",,Tripwire Interactive,Tripwire Interactive,"1, 22, 8, 62","Multi-player, Steam Achievements, Valve Anti-Cheat enabled, Family Sharing",1,Action
1250,Killing Floor,https://shared.akamai.steamstatic.com/store_item_assets/steam/apps/1250/header.jpg?t=1726777771,http://www.killingfloorthegame.com,2009-05-14,False,19.99,EUR,"Killing Floor is a Co-op Survival Horror FPS set in the devastated cities and countryside of England after a series of cloning experiments for the military goes horribly wrong. You and your friends are members of the military dropped into these locations with a simple mission: Survive long enough to cleanse the area of the failed experiments! Cooperative gameplay for up to six players against multiple waves of specimens Persistent Perks system, allowing players to convert their in-game achievements into permanent improvements to their character's skills and abilities Over 170 Steam Achievements, including “Dignity for the dead” for killing 10 enemies feeding on dead teammates' corpses and “Hot Cross Fun” for finishing off 25 burning enemies with a Crossbow Slow-motion “ZEDtime” to better watch those crucial and violent creature deaths, even in multiplayer Solo game mode for offline play Ten different monster types trying to eat your face off, armed with everything from teeth and claws, to chainsaws, chain-guns and rocket-launchers 33+ weapons for the players to chose from, ranging from knives and fire-axes to pump shotguns, rifles and a flamethrower Equip your team with welders, medical tools and body armor to help your odds of survival Choose which Perks to play with to best balance out your co-op team against the horrors Open, non-linear play areas: choose when and where to fight — or run; weld doors closed to direct the monster horde down alternate corridors Fully-configurable, allowing players to change the difficulty level, number of creature waves, or even set up their own favorite waves of monsters Support for Steam Friends and other Steamworks features Includes Windows-only SDK for the creation of new levels and mods","6-player co-op survival horror at its finest! Free updates, free special events and a ridiculous amount of fun!","Wishlist Killing Floor 3!About the GameKilling Floor is a Co-op Survival Horror FPS set in the devastated cities and countryside of England after a series of cloning experiments for the military goes horribly wrong. You and your friends are members of the military dropped into these locations with a simple mission: Survive long enough to cleanse the area of the failed experiments! Cooperative gameplay for up to six players against multiple waves of specimens Persistent Perks system, allowing players to convert their in-game achievements into permanent improvements to their character's skills and abilities Over 170 Steam Achievements, including “Dignity for the dead” for killing 10 enemies feeding on dead teammates' corpses and “Hot Cross Fun” for finishing off 25 burning enemies with a Crossbow Slow-motion “ZEDtime” to better watch those crucial and violent creature deaths, even in multiplayer Solo game mode for offline play Ten different monster types trying to eat your face off, armed with everything from teeth and claws, to chainsaws, chain-guns and rocket-launchers 33+ weapons for the players to chose from, ranging from knives and fire-axes to pump shotguns, rifles and a flamethrower Equip your team with welders, medical tools and body armor to help your odds of survival Choose which Perks to play with to best balance out your co-op team against the horrors Open, non-linear play areas: choose when and where to fight — or run; weld doors closed to direct the monster horde down alternate corridors Fully-configurable, allowing players to change the difficulty level, number of creature waves, or even set up their own favorite waves of monsters Support for Steam Friends and other Steamworks features Includes Windows-only SDK for the creation of new levels and mods",21,285,40062,True,True,True,72,https://www.metacritic.com/game/pc/killing-floor?ftag=MCD-06-10aaa1f,http://support.tripwireinteractive.com/,,"English, French, Italian, German, Spanish - Spain, Hungarian, Polish, Russian","English, French, Italian, German, Spanish - Spain, Russian",Tripwire Interactive,Tripwire Interactive,"2, 1, 9, 27, 22, 29, 30, 8, 15, 17, 62","Single-player, Multi-player, Co-op, Cross-Platform Multiplayer, Steam Achievements, Steam Trading Cards, Steam Workshop, Valve Anti-Cheat enabled, Stats, Includes level editor, Family Sharing",1,Action
1300,SiN Episodes: Emergence,https://shared.akamai.steamstatic.com/store_item_assets/steam/apps/1300/header.jpg?t=1765989543,,2006-05-10,False,8.19,EUR,"You are John Blade, commander of HardCorps, an elite security force dedicated to protecting the people of Freeport City. Four years have passed since your first battle with Elexis Sinclaire, a beautiful, brilliant, and ruthless scientist who is out to remake humanity according to her own twisted vision. The law has failed to bring Elexis and her multi-billion dollar empire, SiNTEK, to justice, so Blade is determined to take matters into his own hands. Joining Blade on his mission are JC - a hacker with a secret to keep - and Jessica Cannon, a fiery rookie who can find her way into any secure facility. Enter the living, breathing world of Freeport City, a futuristic collision of New York, San Francisco and Tokyo. As Freeport continues to suffer from mutant attacks, you must now bring down Sinclaire before she can set her deadly plan in motion and alter the shape of humanity forever. SiN Episodes™: Emergence launches the new era of episodic gaming. A first person shooter powered by Valve's award-winning Source™ technology, SiN Episodes offers unprecedented interactivity, an engrossing story, and a revolutionary dynamic difficulty system that provides a custom experience based on your skill level and play style. Intense Combat: Face off against ruthless enemies, like jetpack soldiers and mutants that evolve as you fight them. Witness enemies that adapt to your actions and truly work as a team, as they cover each other and help fallen comrades to get back on their feet.Outsmart your opponents by using your surroundings to your advantage as you set up traps using lethal elements of the environment. Location-based damage rewards accuracy while melee combat moves enable you to get up-close and personal. Unprecedented Interactivity: Blast your way through highly interactive environments powered by an enhanced version of the Source engine. Characters dynamically react to what you're looking at and the environment. Target and shoot off specific vehicle parts and literally blow cars to pieces. Experience the next level of vehicle combat with a flexible positioning system enabling you to move around the interior with an unprecedented degree of freedom, allowing you to pick the ideal position to attack that enemy position up ahead. Personal Challenge System™: Driven by one of the most elaborate statistics systems ever created, SiN Episodes will constantly adapt to your playing style and offers a challenge that is custom-tailored to your skill level. Episodic Delivery: Buy as little or as much of the game as you want, with each installment offering 3 - 6 hours of action-packed gameplay. But tread lightly, as the choices you make may influence future episodes in unforeseen ways. Source Powered: Utilizing the same engine that powered Half-life® 2, Emergence gives you stunningly gorgeous graphics and intense physics-based gameplay.","You are John Blade, commander of HardCorps, an elite security force dedicated to protecting the people of Freeport City. Four years have passed since your first battle with Elexis Sinclaire, a beautiful, brilliant, and ruthless scientist who is out to remake humanity according to her own twisted vision.","You are John Blade, commander of HardCorps, an elite security force dedicated to protecting the people of Freeport City. Four years have passed since your first battle with Elexis Sinclaire, a beautiful, brilliant, and ruthless scientist who is out to remake humanity according to her own twisted vision. The law has failed to bring Elexis and her multi-billion dollar empire, SiNTEK, to justice, so Blade is determined to take matters into his own hands. Joining Blade on his mission are JC - a hacker with a secret to keep - and Jessica Cannon, a fiery rookie who can find her way into any secure facility. Enter the living, breathing world of Freeport City, a futuristic collision of New York, San Francisco and Tokyo. As Freeport continues to suffer from mutant attacks, you must now bring down Sinclaire before she can set her deadly plan in motion and alter the shape of humanity forever. SiN Episodes™: Emergence launches the new era of episodic gaming. A first person shooter powered by Valve's award-winning Source™ technology, SiN Episodes offers unprecedented interactivity, an engrossing story, and a revolutionary dynamic difficulty system that provides a custom experience based on your skill level and play style. Intense Combat: Face off against ruthless enemies, like jetpack soldiers and mutants that evolve as you fight them. Witness enemies that adapt to your actions and truly work as a team, as they cover each other and help fallen comrades to get back on their feet.Outsmart your opponents by using your surroundings to your advantage as you set up traps using lethal elements of the environment. Location-based damage rewards accuracy while melee combat moves enable you to get up-close and personal. Unprecedented Interactivity: Blast your way through highly interactive environments powered by an enhanced version of the Source engine. Characters dynamically react to what you're looking at and the environment. Target and shoot off specific vehicle parts and literally blow cars to pieces. Experience the next level of vehicle combat with a flexible positioning system enabling you to move around the interior with an unprecedented degree of freedom, allowing you to pick the ideal position to attack that enemy position up ahead. Personal Challenge System™: Driven by one of the most elaborate statistics systems ever created, SiN Episodes will constantly adapt to your playing style and offers a challenge that is custom-tailored to your skill level. Episodic Delivery: Buy as little or as much of the game as you want, with each installment offering 3 - 6 hours of action-packed gameplay. But tread lightly, as the choices you make may influence future episodes in unforeseen ways. Source Powered: Utilizing the same engine that powered Half-life® 2, Emergence gives you stunningly gorgeous graphics and intense physics-based gameplay.",0,0,1117,True,False,False,75,https://www.metacritic.com/game/pc/sin-episodes-emergence?ftag=MCD-06-10aaa1f,,,"English, Russian, French",,Ritual Entertainment,"Atari, Nightdive Studios","2, 15, 62","Single-player, Stats, Family Sharing",1,Action
1313,SiN Gold,https://shared.akamai.steamstatic.com/store_item_assets/steam/apps/1313/header.jpg?t=1765989643,https://www.nightdivestudios.com/,2020-03-18,False,8.19,EUR,"When the CEO of SinTEK Industries begins injecting the streets with a DNA-altering drug, it's time to reassess the laws of morality. When the same twisted bio-chemist plans to overtake the world with her unholy army of genetically-engineered mutants, it's time to rewrite the golden rule.You are Colonel John R. Blade, head of the most prominent private protection agency in Freeport. Now Elexis Sinclaire is waging her holy war against the security industry...and you along with it. You've made a religion out of fighting crime. Now you're going to make Elexis pay for her sins.Updated Features* Added ""Wages of SiN"" expansion* Added modernized Steam master server support* Added and restored editing SDK* Added support for additional 16:9 video resolutions* Restored/uncensored various original game assetsGeneral Improvements* Optimizations to math, container types, and search algorithms* Restored support for *.sin pack files, re-packed assets* Removed obsolete IPX networking support* Restored original sound and music engine* Changed video format to open-source/patent-free OGV/TheoraFixes* Fixed crash in Docks cinematic* Fixed incorrect behavior in Thug AI* Fixed undefined camera position and occasional crash in Wages of SiN ending cinematic* r_palettemode cvar for software mode now reads and writes correct configuration variable* Fixed memory corruption issue during multiplayer initialization* cl_maxfps default changed to 200 to avoid issues with game running too fast* Repaired issue with extremely loud sounds on menu screens when FPS is too high* Fixed possible soft lock when using menu hotkeys while inside an in-game computer console* Restored missing assets for Beecadrone enemy",SiN: Gold has returned! Free update for original owners!,"When the CEO of SinTEK Industries begins injecting the streets with a DNA-altering drug, it's time to reassess the laws of morality. When the same twisted bio-chemist plans to overtake the world with her unholy army of genetically-engineered mutants, it's time to rewrite the golden rule.You are Colonel John R. Blade, head of the most prominent private protection agency in Freeport. Now Elexis Sinclaire is waging her holy war against the security industry...and you along with it. You've made a religion out of fighting crime. Now you're going to make Elexis pay for her sins.Updated Features* Added ""Wages of SiN"" expansion* Added modernized Steam master server support* Added and restored editing SDK* Added support for additional 16:9 video resolutions* Restored/uncensored various original game assetsGeneral Improvements* Optimizations to math, container types, and search algorithms* Restored support for *.sin pack files, re-packed assets* Removed obsolete IPX networking support* Restored original sound and music engine* Changed video format to open-source/patent-free OGV/TheoraFixes* Fixed crash in Docks cinematic* Fixed incorrect behavior in Thug AI* Fixed undefined camera position and occasional crash in Wages of SiN ending cinematic* r_palettemode cvar for software mode now reads and writes correct configuration variable* Fixed memory corruption issue during multiplayer initialization* cl_maxfps default changed to 200 to avoid issues with game running too fast* Repaired issue with extremely loud sounds on menu screens when FPS is too high* Fixed possible soft lock when using menu hotkeys while inside an in-game computer console* Restored missing assets for Beecadrone enemy",0,0,390,True,False,False,,,,support@nightdivestudios.com,"English, French",,"Ritual Entertainment, Nightdive Studios","Nightdive Studios, Atari","2, 1, 49, 36, 47, 62","Single-player, Multi-player, PvP, Online PvP, LAN PvP, Family Sharing",1,Action
1500,Darwinia,https://shared.akamai.steamstatic.com/store_item_assets/steam/apps/1500/header.jpg?t=1779028568,http://www.darwinia.co.uk/,2005-12-01,False,11.79,EUR,"Darwinia is a unique mix of real-time strategy, action, and puzzles, featuring an innovative gesture-based control system. Save the Darwinians, battle viruses, and solve challenges to restore order in a stunning, retro-inspired digital world. Winner of multiple prestigious awards, including the Seumas McNally Grand Prize at IGF 2006, Darwinia is a must-play for strategy and action fans alike.Step into the vibrant world of Darwinia, a digital theme park created by the eccentric Dr. Sepulveda, where evolving AI creatures called Darwinians live. Their peaceful existence is disrupted by a dangerous virus, and as a hacker, it's up to you to save them. Dive into this corrupted digital realm, battle the virus, and uncover the mysteries threatening the Darwinians' survival.Darwinia blends real-time strategy, action, and puzzles in an exciting mix. Control ""programs"" to fight viruses, herd Darwinians, and complete objectives. With a unique gesture-based control system, you draw shapes to summon units, adding a fresh twist to the strategy genre. As you progress, new abilities and tougher challenges keep the gameplay engaging.Darwinia's retro-inspired, polygon-based visuals transport you to a colorful, abstract digital world that feels like a love letter to 80s classics like Tron and Defender. Its striking style, combined with fluid animations, makes it visually timeless. The game’s unique blend of nostalgia and modern flair led to widespread acclaim, winning multiple prestigious awards, including the IGF's Seamus McNally Grand Prize. Now fully remastered for modern systems, Darwinia’s classic charm shines as brightly today as when it first launched, making it a must-play for both old and new fans alike.Introversion Software has been developing games since 2001, and stands behind acclaimed titles like Uplink, Defcon, Darwinia, Multiwinia, Prison Architect, Scanner Sombre, and their latest release, The Last Starship. Introversion has garnered both critical and commercial success being recognised with multiple awards including the IGF grand prize for Darwinia and BAFTA for best persistent game (Prison Architect). They have sold more than 4M copies of their games worldwide.","Darwinia blends real-time strategy, action, and puzzles with a unique gesture-based control system. Save the Darwinians, battle viruses, and restore order in a retro-inspired digital world. Winner of multiple prestigious awards, including the Seumas McNally Grand Prize at IGF 2006.","Darwinia is a unique mix of real-time strategy, action, and puzzles, featuring an innovative gesture-based control system. Save the Darwinians, battle viruses, and solve challenges to restore order in a stunning, retro-inspired digital world. Winner of multiple prestigious awards, including the Seumas McNally Grand Prize at IGF 2006, Darwinia is a must-play for strategy and action fans alike.Step into the vibrant world of Darwinia, a digital theme park created by the eccentric Dr. Sepulveda, where evolving AI creatures called Darwinians live. Their peaceful existence is disrupted by a dangerous virus, and as a hacker, it's up to you to save them. Dive into this corrupted digital realm, battle the virus, and uncover the mysteries threatening the Darwinians' survival.Darwinia blends real-time strategy, action, and puzzles in an exciting mix. Control ""programs"" to fight viruses, herd Darwinians, and complete objectives. With a unique gesture-based control system, you draw shapes to summon units, adding a fresh twist to the strategy genre. As you progress, new abilities and tougher challenges keep the gameplay engaging.Darwinia's retro-inspired, polygon-based visuals transport you to a colorful, abstract digital world that feels like a love letter to 80s classics like Tron and Defender. Its striking style, combined with fluid animations, makes it visually timeless. The game’s unique blend of nostalgia and modern flair led to widespread acclaim, winning multiple prestigious awards, including the IGF's Seamus McNally Grand Prize. Now fully remastered for modern systems, Darwinia’s classic charm shines as brightly today as when it first launched, making it a must-play for both old and new fans alike.Introversion Software has been developing games since 2001, and stands behind acclaimed titles like Uplink, Defcon, Darwinia, Multiwinia, Prison Architect, Scanner Sombre, and their latest release, The Last Starship. Introversion has garnered both critical and commercial success being recognised with multiple awards including the IGF grand prize for Darwinia and BAFTA for best persistent game (Prison Architect). They have sold more than 4M copies of their games worldwide.",0,0,781,True,True,True,84,https://www.metacritic.com/game/pc/darwinia?ftag=MCD-06-10aaa1f,,,"English, German, French, Italian, Spanish - Spain",,Introversion Software,Introversion Software,"2, 28, 23, 17, 62","Single-player, Full controller support, Steam Cloud, Includes level editor, Family Sharing","23, 2","Indie, Strategy"
1510,Uplink,https://shared.akamai.steamstatic.com/store_item_assets/steam/apps/1510/header.jpg?t=1739068939,http://www.uplink.co.uk/,2006-08-23,False,11.79,EUR,"In Uplink, play as a freelance hacker taking on high-stakes contracts. Hack into secure systems, steal data, sabotage rivals, and manipulate evidence. Choose to support factions or go rogue, upgrading your tools and skills with each mission. As you navigate this world of cyber espionage, your choices have lasting consequences, influencing the direction of the story and your place within it.As a freelance hacker, you'll infiltrate high-security systems, steal corporate data, sabotage rivals, and frame others for cybercrimes. Success hinges on mastering tools like password crackers and log modifiers while evading detection by bouncing connections and erasing tracks.In Uplink, progression and upgrades drive your rise from rookie hacker to cyber-espionage expert. Earn credits by completing contracts, then invest in faster CPUs, advanced software, and powerful tools to take on tougher missions. As your skills grow, so do the stakes, creating a thrilling loop of challenge and reward that keeps the gameplay endlessly engaging.Your choices shape the story and the world around you. You can align with rival corporations, support one side, or remain neutral, each path influencing your missions and alliances. Alternatively, you can focus entirely on freelance hacking, building your reputation and wealth. Your decisions lead to different outcomes, making every playthrough unique and ensuring a dynamic, replayable experience.Introversion Software has been developing games since 2001, and stands behind acclaimed titles like Uplink, Defcon, Darwinia, Multiwinia, Prison Architect, Scanner Sombre, and their latest release, The Last Starship. Introversion has garnered both critical and commercial success being recognised with multiple awards including the IGF grand prize for Darwinia and BAFTA for best persistent game (Prison Architect). They have sold more than 4M copies of their games worldwide.","Uplink lets you play as a freelance hacker tackling risky contracts for corporations. Break into systems, steal data, sabotage rivals, and upgrade your gear. Support factions or go rogue in this immersive, strategy-driven hacking simulation game where your choices shape the outcome.","In Uplink, play as a freelance hacker taking on high-stakes contracts. Hack into secure systems, steal data, sabotage rivals, and manipulate evidence. Choose to support factions or go rogue, upgrading your tools and skills with each mission. As you navigate this world of cyber espionage, your choices have lasting consequences, influencing the direction of the story and your place within it.As a freelance hacker, you'll infiltrate high-security systems, steal corporate data, sabotage rivals, and frame others for cybercrimes. Success hinges on mastering tools like password crackers and log modifiers while evading detection by bouncing connections and erasing tracks.In Uplink, progression and upgrades drive your rise from rookie hacker to cyber-espionage expert. Earn credits by completing contracts, then invest in faster CPUs, advanced software, and powerful tools to take on tougher missions. As your skills grow, so do the stakes, creating a thrilling loop of challenge and reward that keeps the gameplay endlessly engaging.Your choices shape the story and the world around you. You can align with rival corporations, support one side, or remain neutral, each path influencing your missions and alliances. Alternatively, you can focus entirely on freelance hacking, building your reputation and wealth. Your decisions lead to different outcomes, making every playthrough unique and ensuring a dynamic, replayable experience.Introversion Software has been developing games since 2001, and stands behind acclaimed titles like Uplink, Defcon, Darwinia, Multiwinia, Prison Architect, Scanner Sombre, and their latest release, The Last Starship. Introversion has garnered both critical and commercial success being recognised with multiple awards including the IGF grand prize for Darwinia and BAFTA for best persistent game (Prison Architect). They have sold more than 4M copies of their games worldwide.",0,0,1769,True,True,True,75,https://www.metacritic.com/game/pc/uplink-hacker-elite?ftag=MCD-06-10aaa1f,,,English,,Introversion Software,Introversion Software,"2, 62","Single-player, Family Sharing","23, 2","Indie, Strategy"
1520,DEFCON,https://shared.akamai.steamstatic.com/store_item_assets/steam/apps/1520/header.jpg?t=1739091415,http://www.everybody-dies.com/,2006-09-29,False,11.79,EUR,"DEFCON, inspired by the 1983 cult classic Wargames, is a Cold War-era strategy game simulating global thermonuclear war. Hidden in an underground bunker, your goal is to annihilate enemy populations while protecting your own. Fragile alliances and betrayals shape the high-stakes gameplay, as every attack exposes you to retaliation. With its minimalist interface, DEFCON tracks death tolls in real-time, blending psychological tension with strategic depth. In nuclear Armageddon, everybody loses. You just have to lose the least.Experience the chilling reality of global thermonuclear war in DEFCON. Position submarines, silos, and air defenses to engage in strategic nuclear exchanges. Every attack reveals your own vulnerabilities, making each decision a high-stakes gamble. The minimalist, military-style interface, and chilling soundscape heightens the tension.DEFCON shines in multiplayer, where alliances are forged and broken in a heartbeat. Engage in brinkmanship, balancing aggression with self-preservation, to avoid triggering total nuclear war. The ultimate goal: ensure you lose the least, as paranoia and betrayal dominate every moment.DEFCON doesn’t just simulate war — it emphasizes its devastating cost. Real-time death tolls track the human impact as cities are obliterated and the globe plunges into darkness.DEFCON was the 3rd major game from acclaimed indie developer, Introversion Software, which then went onto to develop the BAFTA winning game, Prison Architect.Introversion Software has been developing games since 2001, and stands behind acclaimed titles like Uplink, Darwinia, Multiwinia, Prison Architect, Scanner Sombre, and their latest release, The Last Starship. Introversion has garnered both critical and commercial success being recognised with multiple awards including the IGF grand prize for Darwinia and BAFTA for best persistent game (Prison Architect). They have sold more than 4M copies of their games worldwide.","Inspired by the 1983 cult classic film, Wargames, DEFCON superbly evokes the tension, paranoia and suspicion of the Cold War era, playing on the fascinating aspects of psychological gameplay that occur during strategic nuclear warfare.","DEFCON, inspired by the 1983 cult classic Wargames, is a Cold War-era strategy game simulating global thermonuclear war. Hidden in an underground bunker, your goal is to annihilate enemy populations while protecting your own. Fragile alliances and betrayals shape the high-stakes gameplay, as every attack exposes you to retaliation. With its minimalist interface, DEFCON tracks death tolls in real-time, blending psychological tension with strategic depth. In nuclear Armageddon, everybody loses. You just have to lose the least.Experience the chilling reality of global thermonuclear war in DEFCON. Position submarines, silos, and air defenses to engage in strategic nuclear exchanges. Every attack reveals your own vulnerabilities, making each decision a high-stakes gamble. The minimalist, military-style interface, and chilling soundscape heightens the tension.DEFCON shines in multiplayer, where alliances are forged and broken in a heartbeat. Engage in brinkmanship, balancing aggression with self-preservation, to avoid triggering total nuclear war. The ultimate goal: ensure you lose the least, as paranoia and betrayal dominate every moment.DEFCON doesn’t just simulate war — it emphasizes its devastating cost. Real-time death tolls track the human impact as cities are obliterated and the globe plunges into darkness.DEFCON was the 3rd major game from acclaimed indie developer, Introversion Software, which then went onto to develop the BAFTA winning game, Prison Architect.Introversion Software has been developing games since 2001, and stands behind acclaimed titles like Uplink, Darwinia, Multiwinia, Prison Architect, Scanner Sombre, and their latest release, The Last Starship. Introversion has garnered both critical and commercial success being recognised with multiple awards including the IGF grand prize for Darwinia and BAFTA for best persistent game (Prison Architect). They have sold more than 4M copies of their games worldwide.",0,22,3459,True,True,True,84,https://www.metacritic.com/game/pc/defcon-everybody-dies?ftag=MCD-06-10aaa1f,http://support.introversion.co.uk/,,"English, French, German, Italian, Spanish - Spain",,Introversion Software,Introversion Software,"2, 1, 49, 36, 47, 9, 38, 48, 27, 22, 62","Single-player, Multi-player, PvP, Online PvP, LAN PvP, Co-op, Online Co-op, LAN Co-op, Cross-Platform Multiplayer, Steam Achievements, Family Sharing","23, 2","Indie, Strategy"
1530,Multiwinia,https://shared.akamai.steamstatic.com/store_item_assets/steam/apps/1530/header.jpg?t=1739429210,http://www.introversion.co.uk/multiwinia/,2008-09-19,False,11.79,EUR,"Multiwinia is a fast-paced, retro-inspired RTS that combines arcade action with strategic depth. Lead armies of Multiwinians in thrilling multiplayer battles across 50 unique maps, with modes like Domination and King of the Hill. Featuring simple controls, dynamic gameplay, and unpredictable events, it offers endless fun and challenge for players of all skill levels.Multiwinia delivers fast-paced multiplayer battles in exciting game modes like Domination and King of the Hill. Command your army of Multiwinians in strategic conflicts where quick thinking and rapid execution matter. Whether teaming up with friends or competing against rivals, each session offers new challenges, with 50 maps and customizable match settings to keep the action fresh.Dive into a world of vibrant colors and retro-inspired, polygon-based graphics that create a striking digital environment. The beautifully crafted visuals are complemented by random events, like power-up crates and monstrous surprises, which add unpredictability to every match and keep things exciting and fresh.Multiwinia offers intuitive controls, allowing you to command large armies without complex menus. The blend of classic RTS and arcade-style excitement keeps the gameplay fast, strategic, and fun. Every move counts, delivering thrilling action as you outsmart and outmaneuver your opponents.Introversion Software has been developing games since 2001, and stands behind acclaimed titles like Uplink, Defcon, Darwinia, Multiwinia, Prison Architect, Scanner Sombre, and their latest release, The Last Starship. Introversion has garnered both critical and commercial success being recognised with multiple awards including the IGF grand prize for Darwinia and BAFTA for best persistent game (Prison Architect). They have sold more than 4M copies of their games worldwide.","Multiwinia is a fast-paced, retro-inspired RTS that blends arcade action with strategic depth. Command armies of Multiwinians in multiplayer battles across vibrant, nostalgic environments. With simple controls and dynamic gameplay, it offers endless fun and challenge for players of all skill levels.","Multiwinia is a fast-paced, retro-inspired RTS that combines arcade action with strategic depth. Lead armies of Multiwinians in thrilling multiplayer battles across 50 unique maps, with modes like Domination and King of the Hill. Featuring simple controls, dynamic gameplay, and unpredictable events, it offers endless fun and challenge for players of all skill levels.Multiwinia delivers fast-paced multiplayer battles in exciting game modes like Domination and King of the Hill. Command your army of Multiwinians in strategic conflicts where quick thinking and rapid execution matter. Whether teaming up with friends or competing against rivals, each session offers new challenges, with 50 maps and customizable match settings to keep the action fresh.Dive into a world of vibrant colors and retro-inspired, polygon-based graphics that create a striking digital environment. The beautifully crafted visuals are complemented by random events, like power-up crates and monstrous surprises, which add unpredictability to every match and keep things exciting and fresh.Multiwinia offers intuitive controls, allowing you to command large armies without complex menus. The blend of classic RTS and arcade-style excitement keeps the gameplay fast, strategic, and fun. Every move counts, delivering thrilling action as you outsmart and outmaneuver your opponents.Introversion Software has been developing games since 2001, and stands behind acclaimed titles like Uplink, Defcon, Darwinia, Multiwinia, Prison Architect, Scanner Sombre, and their latest release, The Last Starship. Introversion has garnered both critical and commercial success being recognised with multiple awards including the IGF grand prize for Darwinia and BAFTA for best persistent game (Prison Architect). They have sold more than 4M copies of their games worldwide.",0,12,409,True,True,False,76,https://www.metacritic.com/game/pc/multiwinia-survival-of-the-flattest?ftag=MCD-06-10aaa1f,,,"English, French, Italian, German, Spanish - Spain",,Introversion Software,Introversion Software,"2, 1, 49, 36, 47, 9, 38, 48, 22, 62","Single-player, Multi-player, PvP, Online PvP, LAN PvP, Co-op, Online Co-op, LAN Co-op, Steam Achievements, Family Sharing",23,Indie
1600,Dangerous Waters,https://shared.akamai.steamstatic.com/store_item_assets/steam/apps/1600/header.jpg?t=1759951459,http://www.scs-dangerouswaters.com/,2006-02-07,False,4.9,EUR,"S.C.S. - Dangerous Waters allows you total control over multiple air, surface, and submarine platforms in a modern-day naval environment. Take direct control of individual crew stations and also plan and execute combined arms naval strategies from a top-down 'Commanders Eye' perspective.","S.C.S. - Dangerous Waters allows you total control over multiple air, surface, and submarine platforms in a modern-day naval environment. Take direct control of individual crew stations and also plan and execute combined arms naval strategies from a top-down 'Commanders Eye' perspective.","S.C.S. - Dangerous Waters allows you total control over multiple air, surface, and submarine platforms in a modern-day naval environment. Take direct control of individual crew stations and also plan and execute combined arms naval strategies from a top-down 'Commanders Eye' perspective.",0,0,352,True,False,False,82,https://www.metacritic.com/game/pc/dangerous-waters?ftag=MCD-06-10aaa1f,http://strategyfirst.com/products/support.html,,English,,Sonalysts,Strategy First,"2, 1, 62","Single-player, Multi-player, Family Sharing",2,Strategy
1610,Space Empires IV Deluxe,https://shared.akamai.steamstatic.com/store_item_assets/steam/apps/1610/header.jpg?t=1759953528,,2006-02-07,False,3.99,EUR,"The award-winning Space Empires IV Deluxe is the latest edition in the Space Empires series. A grand strategy title in the space 4X (explore, expand, exploit, and exterminate) genre, Space Empires has already found a place in the heart of strategy gamers everywhere. Research technology, design new ships, wage war on a tactical level, put down rebellions, meet and greet new species, and much more. All the level and campaign design tools are included, allowing anyone to become a part of the expansive Space Empires Mod community.","The award-winning Space Empires IV Deluxe is the latest edition in the Space Empires series. A grand strategy title in the space 4X (explore, expand, exploit, and exterminate) genre, Space Empires has already found a place in the heart of strategy gamers everywhere.","The award-winning Space Empires IV Deluxe is the latest edition in the Space Empires series. A grand strategy title in the space 4X (explore, expand, exploit, and exterminate) genre, Space Empires has already found a place in the heart of strategy gamers everywhere. Research technology, design new ships, wage war on a tactical level, put down rebellions, meet and greet new species, and much more. All the level and campaign design tools are included, allowing anyone to become a part of the expansive Space Empires Mod community.",0,0,260,True,False,False,79,http://www.metacritic.com/game/pc/space-empires-iv?ftag=MCD-06-10aaa1f,,,English,,Malfador Machinations,Strategy First,"2, 1, 62","Single-player, Multi-player, Family Sharing",2,Strategy
1620,Jagged Alliance 2 Gold,https://shared.akamai.steamstatic.com/store_item_assets/steam/apps/1620/header.jpg?t=1764098252,http://www.jaggedalliance2.com/,2006-07-06,False,19.99,EUR,"The small country of Arulco has been taken over by a merciless dictator - and only you can loosen the iron grip! Jagged Alliance 2 Gold Pack immerses you into an elaborate role-playing universe where you will interact with more than 150 characters, recruit your own band of soldiers and create your own custom mercenary to win back Arulco - not once, but twice! The perfect blend of strategy, role playing and tactical combat!Jagged Alliance 2: Gold includes the original Jagged Alliance 2 and the Unfinished Business Expansion Pack!","The small country of Arulco has been taken over by a merciless dictator - and only you can loosen the iron grip! Jagged Alliance 2 Gold Pack immerses you into an elaborate role-playing universe where you will interact with more than 150 characters, recruit your own band of soldiers and create your own custom mercenary to win...","The small country of Arulco has been taken over by a merciless dictator - and only you can loosen the iron grip! Jagged Alliance 2 Gold Pack immerses you into an elaborate role-playing universe where you will interact with more than 150 characters, recruit your own band of soldiers and create your own custom mercenary to win back Arulco - not once, but twice! The perfect blend of strategy, role playing and tactical combat!Jagged Alliance 2: Gold includes the original Jagged Alliance 2 and the Unfinished Business Expansion Pack!",0,0,0,True,False,False,,,,,English,,Sir-Tech,Strategy First,"2, 62","Single-player, Family Sharing",2,Strategy
1630,Disciples II: Rise of the Elves ,https://shared.akamai.steamstatic.com/store_item_assets/steam/apps/1630/18139052d97557c6f452b045a169b31c17890675/header.jpg?t=1764279401,http://www.disciples2.com/D2/elves/,2006-07-06,False,5.89,EUR,"The award-winning series Disciples introduced a milestone in the game's very successful history; the introduction of a new race: The Elves. The Elven Race added a new dimension to the game and added countless hours of gameplay. Now that series has expanded further with Disciples II: Rise Of The Elves. This version features all of the campaigns found in the original and a brand new campaign that continues the storyline of the Elven Race. It also includes 14 new skirmish maps to test hone your skills. Key features New campaign that continues the Elven Storyline 14 new skirmish maps to test gamer's skills 5 playable races to choose from; the Empire; the Undead Hordes, the Mountain Clans, the Legions of the Damned, and the Elven Alliance The Elven tech tree allows players to choose between Noble or Wild Elves increasing replayability Over 200 individually animated unit types and over 100 different spells Scenario editor to create your own adventures Battle friends and enemies in multiplayer over LAN, Internet or Hot-Seat play",The award-winning series Disciples introduced a milestone in the game's very successful history; the introduction of a new race: The Elves. The Elven Race added a new dimension to the game and added countless hours of gameplay. Now that series has expanded further with Disciples II: Rise Of The Elves.,"The award-winning series Disciples introduced a milestone in the game's very successful history; the introduction of a new race: The Elves. The Elven Race added a new dimension to the game and added countless hours of gameplay. Now that series has expanded further with Disciples II: Rise Of The Elves. This version features all of the campaigns found in the original and a brand new campaign that continues the storyline of the Elven Race. It also includes 14 new skirmish maps to test hone your skills. Key features New campaign that continues the Elven Storyline 14 new skirmish maps to test gamer's skills 5 playable races to choose from; the Empire; the Undead Hordes, the Mountain Clans, the Legions of the Damned, and the Elven Alliance The Elven tech tree allows players to choose between Noble or Wild Elves increasing replayability Over 200 individually animated unit types and over 100 different spells Scenario editor to create your own adventures Battle friends and enemies in multiplayer over LAN, Internet or Hot-Seat play",0,0,1270,True,False,False,80,https://www.metacritic.com/game/pc/disciples-ii-rise-of-the-elves?ftag=MCD-06-10aaa1f,,,English,,Strategy First,Strategy First,"2, 1, 9, 62","Single-player, Multi-player, Co-op, Family Sharing",2,Strategy
1640,Disciples II: Gallean's Return,https://shared.akamai.steamstatic.com/store_item_assets/steam/apps/1640/header.jpg?t=1759955914,http://www.disciples2.com/D2/elves/,2006-07-06,False,5.89,EUR,"Disciples II: Gallean's Return is a compilation edition that includes the base game, Disciples II: Dark Prophecy, plus the two standalone expansions Disciples II: Guardians of the Light and Disciples II: Servants of the Dark. Disciples II: Guardians of the Light is a stand-alone expansion that lets you dive into the fantastical world of Disciples II as either the Empire or the Mountain Clans. The Empire is decaying from within as self-proclaimed rulers struggle for control of the now vacant throne while a cruel Inquisition sweeps across the human lands, causing rebellion and misery. Meanwhile the Clans, recovering from their near-destruction, begin to reunite their tribes. They have received divine instructions and now seek to uncover an ancient ritual that will let them communicate with their god, Wotan. Disciples II: Servants of the Dark is a stand-alone expansion that brings you into the never-ending quest for supremacy as either the Undead Hordes or the Legions of the Damned. On the dark side, the Legions of the Damned enact a plan to spread Bethrezen’s plague across Nevendaar. They sense the threat brought about by the rebirth of the Elven god and will stop at nothing to steal this power for their own purposes. Perhaps most pivotal to the conflict, however, is Mortis and her army of Undead Hordes. After all, the rebirth of her husband Gallean was her doing. He had rejected her for what she had become, a twisted, heartless beast. Now she would teach her mate a lesson... one that would scar his people for eternity... Features Random map generator Multiple resolution support High level unit AI support Improved computer AI Improved editor Improved UI Auto-Resolve Combat mode Player can capture capitals Direct 3D support for improved performance Enhanced chat interface Support for large maps, 120x120 and 144x144 All the updates for Disciples II: Dark Prophecy 2 new high-level mini campaigns and original Disciples II campaigns 16 skirmish/multiplayer maps including 10 never-before-seen maps 3 new special characters New capital backgrounds New battle backgrounds Four new music tracks Exclusive portfolio containing original concept art and sketches","Disciples II: Gallean's Return is a compilation edition that includes the base game, Disciples II: Dark Prophecy, plus the two standalone expansions Disciples II: Guardians of the Light and Disciples II: Servants of the Dark.","Disciples II: Gallean's Return is a compilation edition that includes the base game, Disciples II: Dark Prophecy, plus the two standalone expansions Disciples II: Guardians of the Light and Disciples II: Servants of the Dark. Disciples II: Guardians of the Light is a stand-alone expansion that lets you dive into the fantastical world of Disciples II as either the Empire or the Mountain Clans. The Empire is decaying from within as self-proclaimed rulers struggle for control of the now vacant throne while a cruel Inquisition sweeps across the human lands, causing rebellion and misery. Meanwhile the Clans, recovering from their near-destruction, begin to reunite their tribes. They have received divine instructions and now seek to uncover an ancient ritual that will let them communicate with their god, Wotan. Disciples II: Servants of the Dark is a stand-alone expansion that brings you into the never-ending quest for supremacy as either the Undead Hordes or the Legions of the Damned. On the dark side, the Legions of the Damned enact a plan to spread Bethrezen’s plague across Nevendaar. They sense the threat brought about by the rebirth of the Elven god and will stop at nothing to steal this power for their own purposes. Perhaps most pivotal to the conflict, however, is Mortis and her army of Undead Hordes. After all, the rebirth of her husband Gallean was her doing. He had rejected her for what she had become, a twisted, heartless beast. Now she would teach her mate a lesson... one that would scar his people for eternity... Features Random map generator Multiple resolution support High level unit AI support Improved computer AI Improved editor Improved UI Auto-Resolve Combat mode Player can capture capitals Direct 3D support for improved performance Enhanced chat interface Support for large maps, 120x120 and 144x144 All the updates for Disciples II: Dark Prophecy 2 new high-level mini campaigns and original Disciples II campaigns 16 skirmish/multiplayer maps including 10 never-before-seen maps 3 new special characters New capital backgrounds New battle backgrounds Four new music tracks Exclusive portfolio containing original concept art and sketches",0,0,1471,True,False,False,84,https://www.metacritic.com/game/pc/disciples-ii-dark-prophecy?ftag=MCD-06-10aaa1f,,,English,,Strategy First,Strategy First,"2, 1, 9, 62","Single-player, Multi-player, Co-op, Family Sharing",2,Strategy
1670,Iron Warriors: T-72 Tank Command ,https://shared.akamai.steamstatic.com/store_item_assets/steam/apps/1670/68fa2dd65f58717b9e593c04f0f92d51d58020cd/header.jpg?t=1775918963,,2006-07-26,False,5.89,EUR,"The most devastating mechanized armor to ever roll onto a battlefield is brought to life in Iron Warriors: T72-Tank Command. This epic combat simulator allows the player to command an entire platoon of tanks and ALL associated support units, or assume the role of ANY member in a complete tank crew!The realism of both the physics and 3D engine creates game environments where real life armored tactic become the only way to survive on the today's modern battlefield! Three of Russia's most devastating and powerful tanks ever produced are yours to control; the T - 34-85, T-55A and T-72B! Roll these mechanized monsters through 18 campaigns, 2 training missions, 5 single player missions and 3 multiplayer (LAN) missions. Master your tank and crew and you will soon take command of other units that round out your mechanized platoon. Cooperative multi-player support allows gamers to team up as a tank crew and play different positions within the same tank! Roll into battle on some of the most realistic terrain maps ever modeled; real weather, destructible terrain and detailed models. Ballistics models take into effect: wind, shell, aerodynamic flight characteristics, barrel wear and droop! Powerful mission editor, map editor, and structure editor included; modify existing content or create your own.",The most devastating mechanized armor to ever roll onto a battlefield is brought to life in Iron Warriors: T72-Tank Command.,"The most devastating mechanized armor to ever roll onto a battlefield is brought to life in Iron Warriors: T72-Tank Command. This epic combat simulator allows the player to command an entire platoon of tanks and ALL associated support units, or assume the role of ANY member in a complete tank crew!The realism of both the physics and 3D engine creates game environments where real life armored tactic become the only way to survive on the today's modern battlefield! Three of Russia's most devastating and powerful tanks ever produced are yours to control; the T - 34-85, T-55A and T-72B! Roll these mechanized monsters through 18 campaigns, 2 training missions, 5 single player missions and 3 multiplayer (LAN) missions. Master your tank and crew and you will soon take command of other units that round out your mechanized platoon. Cooperative multi-player support allows gamers to team up as a tank crew and play different positions within the same tank! Roll into battle on some of the most realistic terrain maps ever modeled; real weather, destructible terrain and detailed models. Ballistics models take into effect: wind, shell, aerodynamic flight characteristics, barrel wear and droop! Powerful mission editor, map editor, and structure editor included; modify existing content or create your own.",0,0,269,True,False,False,56,https://www.metacritic.com/game/pc/iron-warriors-t-72-tank-command?ftag=MCD-06-10aaa1f,,,"English, French, Italian, German, Spanish - Spain, Polish, Russian","English, Polish, Russian",Crazy House,Strategy First,"2, 1, 62","Single-player, Multi-player, Family Sharing","1, 28, 2","Action, Simulation, Strategy"
1690,Space Empires V,https://shared.akamai.steamstatic.com/store_item_assets/steam/apps/1690/header.jpg?t=1759953536,,2006-10-16,False,3.99,EUR,"Space Empires V is the latest edition in the Space Empires series. This new chapter completely updates the UI and takes the player into a real-time rendered 3D universe. Watch space battles played out in glorious detail and realistic effects. Expand, Explore, Exploit, and Exterminate in a huge living breathing galaxy. New features abound with political alliances between multiple empires, a top-down ship design system, a hexagonal movement grid, and many more. Due to player demand, the game is completely 'moddable' and even adds a scriptable AI system to the mix. Space Empires V boldly takes the next step in the genre of space strategy 24 bit 3D real-time rendered graphics. Detailed Tactical Combat (and a combat simulator to test your designs!). New vehicle types and sizes: Ships, Bases, Freighters, Fighters, Mines, Satellites, Troops, Drones, and Weapons Platforms. Ability to completely design and customize all of your vehicles. Large Galaxy: 100 solar systems with 15 planets each. Huge Technology Tree: Thousands of tech levels with hundreds of components and facilities. Completely customizable game graphics: Create your own planets, stars, vehicles, etc. Completely customizable AI players: Create your own AI players with unique traits, styles, and speech. 14 unique races to play or customize (or just create your own!) Randomly generated map for every game (or load an existing map). Complete game customization allowed by players (""mods"").","Space Empires V is the latest edition in the Space Empires series. This new chapter completely updates the UI and takes the player into a real-time rendered 3D universe. Watch space battles played out in glorious detail and realistic effects. Expand, Explore, Exploit, and Exterminate in a huge living breathing galaxy.","Space Empires V is the latest edition in the Space Empires series. This new chapter completely updates the UI and takes the player into a real-time rendered 3D universe. Watch space battles played out in glorious detail and realistic effects. Expand, Explore, Exploit, and Exterminate in a huge living breathing galaxy. New features abound with political alliances between multiple empires, a top-down ship design system, a hexagonal movement grid, and many more. Due to player demand, the game is completely 'moddable' and even adds a scriptable AI system to the mix. Space Empires V boldly takes the next step in the genre of space strategy 24 bit 3D real-time rendered graphics. Detailed Tactical Combat (and a combat simulator to test your designs!). New vehicle types and sizes: Ships, Bases, Freighters, Fighters, Mines, Satellites, Troops, Drones, and Weapons Platforms. Ability to completely design and customize all of your vehicles. Large Galaxy: 100 solar systems with 15 planets each. Huge Technology Tree: Thousands of tech levels with hundreds of components and facilities. Completely customizable game graphics: Create your own planets, stars, vehicles, etc. Completely customizable AI players: Create your own AI players with unique traits, styles, and speech. 14 unique races to play or customize (or just create your own!) Randomly generated map for every game (or load an existing map). Complete game customization allowed by players (""mods"").",0,0,422,True,False,False,68,https://www.metacritic.com/game/pc/space-empires-v?ftag=MCD-06-10aaa1f,http://strategyfirst.com/products/support.html,,English,,Malfador Machinations,Strategy First,"2, 1, 62","Single-player, Multi-player, Family Sharing",2,Strategy
1700,Arx Fatalis,https://shared.akamai.steamstatic.com/store_item_assets/steam/apps/1700/header.jpg?t=1781905024,http://www.arxfatalis-online.com/index_eng.php,2007-04-03,False,4.99,EUR,"Journey to the World Of ArxExplore A Fantasy WorldThis critically acclaimed first-person RPG from Arkane Studios takes the player on an amazing journey into the fantasy world of Arx. Arx is wrought with turmoil, brought to the brink of destruction by a violent war. The sun has disappeared from overhead to shroud the world in eternal darkness, forcing communities to begin inhabiting underground mines. But as food and drink becomes scarce, the wars become even more violent as each race – from trolls, goblins, and rat-men, to humans – struggle for survival. Now, evil has arisen in this sunless world in the form of the God of Destruction, Akbaa. It’s up to you to defeat Akbaa and save Arx from his reign of terror. You must use bravery and cunning to uncover the long hidden secret of Arx. As your epic quest unfolds you will explore ancient temples, bustling cities and abandoned mines; unearth legendary artifacts and face terrifying foes.Build Your ChampionYou will become the hero of an underground world. Create a customizable character and allocate skill points in categories such as spellcasting, weapons, armor, and stealth to build your champion.Wield Powerful MagicTake out enemy creatures with an innovative casting system featuring 50 powerful spells. Using the mouse, draw runes in mid-air and combine gestures to unleash powerful magical abilities.Forge Your Own Path Through An Immersive WorldArx Fatalis mixes intelligent storytelling with nonlinear gameplay and challenging puzzles, and every choice you make in the game could have drastic impacts on the world. In true Arkane fashion, the game allows you choose your own playstyle and path, with several different possible endings awaiting you based on your decisions.","This critically acclaimed first-person RPG from Arkane Studios takes the player on an amazing journey into the fantasy world of Arx. Arx is wrought with turmoil, brought to the brink of destruction by a violent war.","Journey to the World Of ArxExplore A Fantasy WorldThis critically acclaimed first-person RPG from Arkane Studios takes the player on an amazing journey into the fantasy world of Arx. Arx is wrought with turmoil, brought to the brink of destruction by a violent war. The sun has disappeared from overhead to shroud the world in eternal darkness, forcing communities to begin inhabiting underground mines. But as food and drink becomes scarce, the wars become even more violent as each race – from trolls, goblins, and rat-men, to humans – struggle for survival. Now, evil has arisen in this sunless world in the form of the God of Destruction, Akbaa. It’s up to you to defeat Akbaa and save Arx from his reign of terror. You must use bravery and cunning to uncover the long hidden secret of Arx. As your epic quest unfolds you will explore ancient temples, bustling cities and abandoned mines; unearth legendary artifacts and face terrifying foes.Build Your ChampionYou will become the hero of an underground world. Create a customizable character and allocate skill points in categories such as spellcasting, weapons, armor, and stealth to build your champion.Wield Powerful MagicTake out enemy creatures with an innovative casting system featuring 50 powerful spells. Using the mouse, draw runes in mid-air and combine gestures to unleash powerful magical abilities.Forge Your Own Path Through An Immersive WorldArx Fatalis mixes intelligent storytelling with nonlinear gameplay and challenging puzzles, and every choice you make in the game could have drastic impacts on the world. In true Arkane fashion, the game allows you choose your own playstyle and path, with several different possible endings awaiting you based on your decisions.",0,0,2432,True,False,False,77,https://www.metacritic.com/game/pc/arx-fatalis?ftag=MCD-06-10aaa1f,,,"English, French, German, Italian, Spanish - Spain, Russian",,Arkane Studios,Bethesda Softworks,"2, 62","Single-player, Family Sharing",3,RPG
1900,Earth 2160,https://shared.akamai.steamstatic.com/store_item_assets/steam/apps/1900/header.jpg?t=1623327678,http://www.earth2160.com,2006-04-01,False,9.75,EUR,"After the destruction of the EARTH in 2150, the leaders of the Eurasian Dynasty escaped on board an evacuation fleet. Now they are fighting for the survival of the human species. Their base is one large building comprising of smaller variable parts. The Lunar Corporation is already on the Red Planet and has to fight to find a new base and home after the destruction of the Earth. LC buildings are built one on top of the other, similar to a skyscraper, but with one big difference - they have the ability to defy all the laws of gravity to move quickly to a new location.The UCS (United Civilized States) machines evolved from the UCS battle machines. During the long flight to Mars, the computer decided to kill all human survivors and then initiated a plan to conquer the solar system with its own mechanical army. The Aliens - alien renegades were imprisoned a long ago, deep in the unknown history of Mars. In 2160 the landing of the UCS ships awoke them from their long sleep...GAME FEATURES:4 playable parties with different basic technologies and abilitiesEach party consists of more than 13 basic buildings and more than 13 basic units4 single player campaigns, each with 7 missionsSkirmish mode with 10 maps4 Multiplayer modes with 10 mapsRealistic, formable and multi-textured terrain12 virtual agents with special abilitiesMultiplayer matches for up to 8 players per matchEarthC (programming language) SDK for Mod teamsRich musical score consists of 29 dynamically varyied tracksIncludes Superstorm, Platinum and Titanium Map Pack","After the destruction of the EARTH in 2150, the leaders of the Eurasian Dynasty escaped on board an evacuation fleet. Now they are fighting for the survival of the human species. Their base is one large building comprising of smaller variable parts.","After the destruction of the EARTH in 2150, the leaders of the Eurasian Dynasty escaped on board an evacuation fleet. Now they are fighting for the survival of the human species. Their base is one large building comprising of smaller variable parts. The Lunar Corporation is already on the Red Planet and has to fight to find a new base and home after the destruction of the Earth. LC buildings are built one on top of the other, similar to a skyscraper, but with one big difference - they have the ability to defy all the laws of gravity to move quickly to a new location.The UCS (United Civilized States) machines evolved from the UCS battle machines. During the long flight to Mars, the computer decided to kill all human survivors and then initiated a plan to conquer the solar system with its own mechanical army. The Aliens - alien renegades were imprisoned a long ago, deep in the unknown history of Mars. In 2160 the landing of the UCS ships awoke them from their long sleep...GAME FEATURES:4 playable parties with different basic technologies and abilitiesEach party consists of more than 13 basic buildings and more than 13 basic units4 single player campaigns, each with 7 missionsSkirmish mode with 10 maps4 Multiplayer modes with 10 mapsRealistic, formable and multi-textured terrain12 virtual agents with special abilitiesMultiplayer matches for up to 8 players per matchEarthC (programming language) SDK for Mod teamsRich musical score consists of 29 dynamically varyied tracksIncludes Superstorm, Platinum and Titanium Map Pack",2,0,754,True,True,True,73,https://www.metacritic.com/game/pc/earth-2160?ftag=MCD-06-10aaa1f,http://www.earth2160.com,support@topware.com,"English, French, German, Spanish - Spain, Italian, Czech, Polish, Russian","English, French, German, Spanish - Spain, Italian, Polish, Russian",Reality Pump Studios,"Topware Interactive, ACE","2, 1, 9, 27, 29, 62","Single-player, Multi-player, Co-op, Cross-Platform Multiplayer, Steam Trading Cards, Family Sharing",2,Strategy
1930,Two Worlds Epic Edition,https://shared.akamai.steamstatic.com/store_item_assets/steam/apps/1930/header.jpg?t=1694869345,http://www.2-worlds.com/,2009-04-30,False,14.79,EUR,"... 300 years after Aziraal has been banished, a brother and sister are drawn into the conflict which has flared up between the Orcs and the free world. Kyra, the hero's younger sister, suddenly disappears in mysterious circumstances.«...If my family really belongs to the chosen ones, why then have we always been as poor as church mice? I have never given much credence to all the old stories about a relict in our family's possession - one which supposedly bannedAziraal, the god of the Orcs - they say that only those ofmy bloodwere chosen to safeguard the secret.'Tis nothing but nonsense methinks – however, my sister Kyra always listened eagerly to the stories of the old ones... but she vanished several months ago... »To all intents and purposes you're an unscrupulous bounty hunter and mercenary - but the search for your sister takes you back to your roots. At the beginning of your epic adventure, a mercenary task takes you to the far north - but you're also following up a mysterious lead at the same time - the first clue you've been given since Kyra's disappearance. You get a shock during a meeting with the delegates of a dark Brotherhood - your sister's kidnappers are indeed after your family's relict. Whether there's any truth in your family being chosen ones or not, the others obviously believe it - and if you ever want to see Kyra alive again, you'll have to act swiftly...Includes the original Two Worlds, plus the add-on Tainted BloodOVER 90 NEW QUESTS: Journey even deeper into the world of Antaloor with over 90 new quests and eight new multiplayer mapsSoundtrack by Grammy Award Winner Harold FaltermeyerFEATURES:STUPENDOUS LANDSCAPES: in a fantasy world where every inhabitant leads a separate dynamic life with realistic daily routines, your deeds will determine the fate of the strife-torn land of Antaloor. PLAYING FREEDOM: Two Worlds is not for those who don't like making decisions, because you'll often have to take one side or the other  an intelligent, networked reputation system for guilds and secret societies makes sure of that.KNIGHT, THIEF, MAGE OR ALCHEMIST: spectacular, dynamically-choreographed fights on foot or at full gallop. An absorbing alchemy system for creating individual potions and power-ups provides diversification - and carrying out break-ins in Sneak mode will have your nerves jangling! If this still isn't enough, try the sophisticated magic system...INTUITIVE INTERFACE AND INDIVIDUAL DEVELOPMENT OF ATTRIBUTES: you can experiment with all the character attributes and develop your skills as and when you like. An elaborate inventory system ensures that you always have a clear overview  no matter how hot the action gets. MASSIVE MULTIPLAYER INCLUDED: bustling towns are the trading centers and meeting points for several hundred players. Self-created characters fight gripping PvsP duels in Arena mode  or solve a series of exciting quests as allies.UPDATED GAME ENGINE: The brand new 1.6 engine update now included!","... 300 years after Aziraal has been banished, a brother and sister are drawn into the conflict which has flared up between the Orcs and the free world. Kyra, the hero's younger sister, suddenly disappears in mysterious circumstances.«...If my family really belongs to the chosen ones, why then have we always been as poor as church mice?","... 300 years after Aziraal has been banished, a brother and sister are drawn into the conflict which has flared up between the Orcs and the free world. Kyra, the hero's younger sister, suddenly disappears in mysterious circumstances.«...If my family really belongs to the chosen ones, why then have we always been as poor as church mice? I have never given much credence to all the old stories about a relict in our family's possession - one which supposedly bannedAziraal, the god of the Orcs - they say that only those ofmy bloodwere chosen to safeguard the secret.'Tis nothing but nonsense methinks – however, my sister Kyra always listened eagerly to the stories of the old ones... but she vanished several months ago... »To all intents and purposes you're an unscrupulous bounty hunter and mercenary - but the search for your sister takes you back to your roots. At the beginning of your epic adventure, a mercenary task takes you to the far north - but you're also following up a mysterious lead at the same time - the first clue you've been given since Kyra's disappearance. You get a shock during a meeting with the delegates of a dark Brotherhood - your sister's kidnappers are indeed after your family's relict. Whether there's any truth in your family being chosen ones or not, the others obviously believe it - and if you ever want to see Kyra alive again, you'll have to act swiftly...Includes the original Two Worlds, plus the add-on Tainted BloodOVER 90 NEW QUESTS: Journey even deeper into the world of Antaloor with over 90 new quests and eight new multiplayer mapsSoundtrack by Grammy Award Winner Harold FaltermeyerFEATURES:STUPENDOUS LANDSCAPES: in a fantasy world where every inhabitant leads a separate dynamic life with realistic daily routines, your deeds will determine the fate of the strife-torn land of Antaloor. PLAYING FREEDOM: Two Worlds is not for those who don't like making decisions, because you'll often have to take one side or the other  an intelligent, networked reputation system for guilds and secret societies makes sure of that.KNIGHT, THIEF, MAGE OR ALCHEMIST: spectacular, dynamically-choreographed fights on foot or at full gallop. An absorbing alchemy system for creating individual potions and power-ups provides diversification - and carrying out break-ins in Sneak mode will have your nerves jangling! If this still isn't enough, try the sophisticated magic system...INTUITIVE INTERFACE AND INDIVIDUAL DEVELOPMENT OF ATTRIBUTES: you can experiment with all the character attributes and develop your skills as and when you like. An elaborate inventory system ensures that you always have a clear overview  no matter how hot the action gets. MASSIVE MULTIPLAYER INCLUDED: bustling towns are the trading centers and meeting points for several hundred players. Self-created characters fight gripping PvsP duels in Arena mode  or solve a series of exciting quests as allies.UPDATED GAME ENGINE: The brand new 1.6 engine update now included!",3,0,2625,True,True,True,65,https://www.metacritic.com/game/pc/two-worlds?ftag=MCD-06-10aaa1f,http://www.2-worlds.com/confirm.php,support@topware.com,"English, French, German, Italian, Spanish - Spain, Czech, Polish, Russian","English, French, German, Russian",Reality Pump Studios,Topware Interactive,"2, 1, 49, 36, 9, 38, 27, 29, 18, 62","Single-player, Multi-player, PvP, Online PvP, Co-op, Online Co-op, Cross-Platform Multiplayer, Steam Trading Cards, Partial Controller Support, Family Sharing",3,RPG
2100,Dark Messiah of Might & Magic,https://shared.akamai.steamstatic.com/store_item_assets/steam/apps/2100/header.jpg?t=1765228880,http://www.darkmessiahmightandmagic.com,2006-10-25,False,4.99,EUR,"Discover a new breed of Action-RPG game powered by an enhanced version of the Source™ Engine by Valve. Set in the Might & Magic® universe, players will experience ferocious combat in a dark and immersive fantasy environment. Swords, Stealth, Sorcery. Choose your way to kill. Cutting-edge technology: Experience an enhanced version of the famous Source™ Engine created by Valve. Discover the fresh perspective of a view with complete body awareness, realistic movements, physics rendering, and a complete first-person melee combat system in a fantasy setting. Never-ending action: Challenge the forces of evil in 12 huge levels and learn to master over 30 weapons and an arsenal of devastating spells. Evolve your character: Extend your gameplay experience without being limited to a single discipline. Learn powerful new spells and attacks using Dark Messiah's unique Skill Evolution System as you progress through the game. Revolutionary multiplayer mode: Get ready to battle with up to 32 players in the revolutionary Crusade mode, which will enable players to gain experience and new skills across dynamic online campaigns. Enlist with the humans or the undead and choose among five complementary character classes. © 2006 Ubisoft Entertainment. All Rights Reserved. Dark Messiah, Might and Magic, Ubisoft and the Ubisoft logo are trademarks of Ubisoft Entertainment in the U.S. and/or other countries. Developed by Arkane Studios.","Discover a new breed of Action-RPG game powered by an enhanced version of the Source™ Engine by Valve. Set in the Might & Magic® universe, players will experience ferocious combat in a dark and immersive fantasy environment. Swords, Stealth, Sorcery. Choose your way to kill.","Discover a new breed of Action-RPG game powered by an enhanced version of the Source™ Engine by Valve. Set in the Might & Magic® universe, players will experience ferocious combat in a dark and immersive fantasy environment. Swords, Stealth, Sorcery. Choose your way to kill. Cutting-edge technology: Experience an enhanced version of the famous Source™ Engine created by Valve. Discover the fresh perspective of a view with complete body awareness, realistic movements, physics rendering, and a complete first-person melee combat system in a fantasy setting. Never-ending action: Challenge the forces of evil in 12 huge levels and learn to master over 30 weapons and an arsenal of devastating spells. Evolve your character: Extend your gameplay experience without being limited to a single discipline. Learn powerful new spells and attacks using Dark Messiah's unique Skill Evolution System as you progress through the game. Revolutionary multiplayer mode: Get ready to battle with up to 32 players in the revolutionary Crusade mode, which will enable players to gain experience and new skills across dynamic online campaigns. Enlist with the humans or the undead and choose among five complementary character classes. © 2006 Ubisoft Entertainment. All Rights Reserved. Dark Messiah, Might and Magic, Ubisoft and the Ubisoft logo are trademarks of Ubisoft Entertainment in the U.S. and/or other countries. Developed by Arkane Studios.",0,0,9318,True,False,False,72,https://www.metacritic.com/game/pc/dark-messiah-of-might-and-magic?ftag=MCD-06-10aaa1f,,,"English, French, German, Italian, Spanish - Spain",,Arkane Studios,Ubisoft,"2, 1, 8, 62","Single-player, Multi-player, Valve Anti-Cheat enabled, Family Sharing","1, 3","Action, RPG"
2200,Quake III Arena,https://shared.akamai.steamstatic.com/store_item_assets/steam/apps/2200/header.jpg?t=1782164859,,2007-08-03,False,14.99,EUR,"Quake III Arena is a critically acclaimed, multiplayer-focused, arena first-person shooter developed by id Software and released in 1999. *Quake III Arena now includes the main game and Quake III: Team Arena expansion pack.Welcome to the Arena The greatest warriors of all time and space have been summoned to battle for the amusement of an ancient alien race. Wield a variety of guns and power-ups as you fight for glory against ruthless combatants in high-tech and gothic arenas in this fast-paced, skill-based single-player and multiplayer FPS. Compete in fast-paced multiplayer action for up to 16 players Play offline in single-player mode with AI-controlled bots Enjoy exciting modes including Free for All (FFA), Team Deathmatch (TDM), Tournament (1v1), and Capture the Flag (CTF) Experience thirty-five unique, gothic and sci-fi-infused arenas Wield twelve powerful and unique weapons Team Arena Expansion Pack In this team-focused official expansion pack for Quake III Arena, choose one of five clans (The Fallen, Pagans, Crusaders, Intruders, and Stroggs) and fight for dominance. Master your clan’s strengths and weaknesses across a variety of new modes and arenas. Warriors once alone must now join forces and face the Arena as one. Play the new single-player “Tournament” mode Discover three new modes: One-Flag CTF, Overload, and Harvester Experience twenty new arenas Fight against four new AI bots: Pi, Fritzkrieg, Janet, and James Wield three new guns: Chaingun, Nailgun, and Proximity Launcher Harness two, new powerups called Kamikaze and Invulnerability Shield, and four CTF-only Runes called Scout, Doubler, Guard, and Ammo-Regen.",The greatest warriors of all time and space have been summoned to battle for the amusement of an ancient alien race. Wield a variety of guns and power-ups as you fight for glory against ruthless combatants in this fast-paced single-player and multiplayer FPS.,"Quake III Arena is a critically acclaimed, multiplayer-focused, arena first-person shooter developed by id Software and released in 1999. *Quake III Arena now includes the main game and Quake III: Team Arena expansion pack.Welcome to the Arena The greatest warriors of all time and space have been summoned to battle for the amusement of an ancient alien race. Wield a variety of guns and power-ups as you fight for glory against ruthless combatants in high-tech and gothic arenas in this fast-paced, skill-based single-player and multiplayer FPS. Compete in fast-paced multiplayer action for up to 16 players Play offline in single-player mode with AI-controlled bots Enjoy exciting modes including Free for All (FFA), Team Deathmatch (TDM), Tournament (1v1), and Capture the Flag (CTF) Experience thirty-five unique, gothic and sci-fi-infused arenas Wield twelve powerful and unique weapons Team Arena Expansion Pack In this team-focused official expansion pack for Quake III Arena, choose one of five clans (The Fallen, Pagans, Crusaders, Intruders, and Stroggs) and fight for dominance. Master your clan’s strengths and weaknesses across a variety of new modes and arenas. Warriors once alone must now join forces and face the Arena as one. Play the new single-player “Tournament” mode Discover three new modes: One-Flag CTF, Overload, and Harvester Experience twenty new arenas Fight against four new AI bots: Pi, Fritzkrieg, Janet, and James Wield three new guns: Chaingun, Nailgun, and Proximity Launcher Harness two, new powerups called Kamikaze and Invulnerability Shield, and four CTF-only Runes called Scout, Doubler, Guard, and Ammo-Regen.",0,0,3466,True,False,False,,,,,English,,id Software,Bethesda Softworks,"2, 1, 49, 36, 47, 23, 62","Single-player, Multi-player, PvP, Online PvP, LAN PvP, Steam Cloud, Family Sharing",1,Action
2210,Quake 4,https://shared.akamai.steamstatic.com/store_item_assets/steam/apps/2210/header.jpg?t=1664372514,http://www.idsoftware.com/games/quake/quake4/,2011-08-04,False,14.99,EUR,"Developed in 2005 by Raven Software in collaboration with id Software, Quake 4 is a narrative-driven, sci-fi, military-style first-person shooter and direct sequel to Quake II that also includes arena-style multiplayer modes.Story After the successful assassination of the Strogg’s leader, Earth’s military reignited its attack on the hostile aliens’ homeworld of Stroggos. As Marine Corporal Matthew Kane of the elite Rhino Squad, your mission is to spearhead the invasion. But, in this desperate war for humanity’s survival against an unrelenting enemy, you may discover that the only way to defeat them...is to become one of them.Features Experience the direct sequel to Quake II in this narrative-driven campaign. Upgrade and wield an arsenal of advanced weaponry as you battle the Strogg army. Tear through the Strogg ranks with mechanized walkers and hover tanks. Compete in online multiplayer as a Strogg or Marine in Deathmatch, Team Deathmatch, and Capture the Flag.","As part of the elite Rhino Squad, you must spearhead Earth’s military invasion of a hostile alien homeworld. But, in this desperate war for humanity’s survival against an unrelenting enemy, you may discover that the only way to defeat them...is to become one of them.","Developed in 2005 by Raven Software in collaboration with id Software, Quake 4 is a narrative-driven, sci-fi, military-style first-person shooter and direct sequel to Quake II that also includes arena-style multiplayer modes.Story After the successful assassination of the Strogg’s leader, Earth’s military reignited its attack on the hostile aliens’ homeworld of Stroggos. As Marine Corporal Matthew Kane of the elite Rhino Squad, your mission is to spearhead the invasion. But, in this desperate war for humanity’s survival against an unrelenting enemy, you may discover that the only way to defeat them...is to become one of them.Features Experience the direct sequel to Quake II in this narrative-driven campaign. Upgrade and wield an arsenal of advanced weaponry as you battle the Strogg army. Tear through the Strogg ranks with mechanized walkers and hover tanks. Compete in online multiplayer as a Strogg or Marine in Deathmatch, Team Deathmatch, and Capture the Flag.",0,0,3100,True,False,False,81,https://www.metacritic.com/game/pc/quake-4?ftag=MCD-06-10aaa1f,,Tech04@bethsoft.com,English,,"RavenSoft, id Software",Bethesda Softworks,"2, 1, 23, 62","Single-player, Multi-player, Steam Cloud, Family Sharing",1,Action
2270,Wolfenstein 3D,https://shared.akamai.steamstatic.com/store_item_assets/steam/apps/2270/header.jpg?t=1750784646,,2007-08-03,False,4.99,EUR,"Developed by id Software in 1992, Wolfenstein 3D is a ground-breaking and critically acclaimed, World War II, first-person shooter action game that started the modern-day FPS genre.Story World War II rages. You are William """"B.J."""" Blazkowicz, the Allies' most trusted agent. The Nazis are planning Operation Eisenfaust, a project to build an unstoppable, mutant army. Your mission was to steal the secret plans, but you were captured and imprisoned in Castle Wolfenstein. Now, a lucky break gives you the chance to make your escape, but a maze of passages and trigger-happy Nazis stand in your way.Features Experience the origin of the modern first-person shooter genre. Enjoy one of the first, fully-3D FPS games ever made. Battle Nazi soldiers, evil scientists, mutants, and more. Wield a variety of weapons including knives, pistols, and machine guns. Run, gun, and fight your way through six episodes. 'Spear of Destiny' Expansion IncludedIn this prequel to Wolfenstein 3D, you are William “B.J.” Blazkowicz, the Allies' most valuable agent. During the German Blitzkrieg of World War II, the spear that pierced the side of Christ is stolen from Versailles by the Nazis and secured in Castle Nuremberg. According to legend, no man can be defeated when he wields the spear. Your mission is to infiltrate the heavily guarded Nazi stronghold and recapture the Spear of Destiny before it’s too late.","World War II rages. The Nazis are planning to build an unstoppable, mutant army. On a mission to steal the secret plans, you were captured and imprisoned. Now, a lucky break gives you the chance to escape, but a maze of passages and trigger-happy Nazis stand in your way.","Developed by id Software in 1992, Wolfenstein 3D is a ground-breaking and critically acclaimed, World War II, first-person shooter action game that started the modern-day FPS genre.Story World War II rages. You are William """"B.J."""" Blazkowicz, the Allies' most trusted agent. The Nazis are planning Operation Eisenfaust, a project to build an unstoppable, mutant army. Your mission was to steal the secret plans, but you were captured and imprisoned in Castle Wolfenstein. Now, a lucky break gives you the chance to make your escape, but a maze of passages and trigger-happy Nazis stand in your way.Features Experience the origin of the modern first-person shooter genre. Enjoy one of the first, fully-3D FPS games ever made. Battle Nazi soldiers, evil scientists, mutants, and more. Wield a variety of weapons including knives, pistols, and machine guns. Run, gun, and fight your way through six episodes. 'Spear of Destiny' Expansion IncludedIn this prequel to Wolfenstein 3D, you are William “B.J.” Blazkowicz, the Allies' most valuable agent. During the German Blitzkrieg of World War II, the spear that pierced the side of Christ is stolen from Versailles by the Nazis and secured in Castle Nuremberg. According to legend, no man can be defeated when he wields the spear. Your mission is to infiltrate the heavily guarded Nazi stronghold and recapture the Spear of Destiny before it’s too late.",0,0,3756,True,False,False,,,,,English,,id Software,Bethesda Softworks,"2, 64, 67, 66, 75, 79, 69, 23, 62","Single-player, Adjustable Text Size, Camera Comfort, Color Alternatives, Keyboard Only Option, Save Anytime, Stereo Sound, Steam Cloud, Family Sharing",1,Action
2280,DOOM + DOOM II,https://shared.akamai.steamstatic.com/store_item_assets/steam/apps/2280/header.jpg?t=1750785073,,2007-08-03,False,9.99,EUR,"Developed by id Software, and originally released in 1993, DOOM pioneered and popularized the first-person shooter, setting a standard for all FPS games. The critically acclaimed sequel, DOOM II, followed in 1994. Now the definitive, newly enhanced versions of DOOM + DOOM II are available as a combined product.Owners Receive: DOOM¹ DOOM II¹ TNT: Evilution The Plutonia Experiment Master Levels for DOOM II No Rest for the Living Sigil Legacy of Rust (a new episode created in collaboration by id Software, Nightdive Studios and MachineGames) A new Deathmatch map pack featuring 26 maps Altogether, there are a total of 187 mission maps and 43 deathmatch maps in DOOM + DOOM II. New Enhancements Online, cross-platform deathmatch and co-op for up to 16 players² Community-published mod support with an in-game mod browser²'³ Choose between the original midi DOOM and DOOM II soundtracks or the modern IDKFA versions by Andrew Hulshult (including brand-new DOOM II recordings) Improved performance with multithreaded rendering supporting up to 4K resolution⁴Now on the KEX engine BOOM source compatibility makes it possible for hundreds of community-created mods from the past 25 years to be published in-game Accessibility options, such as a modern font to improve legibility, high contrast mode, text-to-speech, speech-to-text multiplayer chat and more Translated into 8 new languages: Mexican Spanish, Brazilian Portuguese, Polish, Russian, Japanese, Korean, Traditional Chinese and Simplified Chinese Existing Enhancements Upgraded visuals Modern controller support Weapon carousel for faster weapon switching Improved mouse and keyboard controls Local split-screen deathmatch and co-op for up to 4 players Featured community mods²'³, including REKKR, Revolution!, Syringe, Double Impact, Arrival, and more! Expect an ever-expanding list of single player mods to be added by the community modders. 60 FPS and native 16:9 support – up to 1080p Restored original in-game music using original hardware Quick Save/Load support DeHacked mod support Footnotes ¹ The original DOS versions of DOOM (1993) and DOOM II are included on Steam. ² account required. ³ Mods need to be installed separately; installation requires additional system storage. ⁴ Compatible display required. About the Included Games: Doom (1993) - Original VersionThe demons came and the marines died...except one. You are the last defense against Hell. Prepare for the most intense battle you’ve ever faced. Experience the complete, original version of the game released in 1993, now with all official content and Episode IV: Thy Flesh Consumed.Doom II – Original VersionHell has invaded Earth, and to save it, you must battle mightier demons with even more powerful weapons. This beloved sequel to the groundbreaking DOOM (1993) introduced players to the brutal Super Shotgun, the infamous Icon of Sin boss, and more intense FPS action.TNT: Evilution The UAC relocated their experiments to one of the moons of Jupiter. A spaceship, mistaken for a supply vessel, was granted access. But when it got close to the base, demons poured out. All your comrades were slaughtered or zombified. This time it's not about survival. It's about revenge. The Plutonia ExperimentEvery effort has been made by the nation's top scientists to close the seven interdimensional Gates of Hell, but one portal remains open. Alone, you must infiltrate the ravaged base, defeat the demon Gatekeeper, and seal the last Hell portal before the undead take over the world. Master Levels for DOOM IIThis expansion includes twenty additional levels, all with the same hell-spawned horrors and action of the base game. Each level was created by independent designers and supervised by id Software.SigilCreated by id Software co-founder, John Romero, and released as an episode-sized mod consisting of 18 new maps, Sigil fits in between the timelines of DOOM (1993) and DOOM II. Baphomet, the gatekeeper of Hell, “glitched the final teleporter with his hidden sigil, whose eldritch power brings you to even darker shores of Hell. You fight through this stygian pocket of evil to confront the ultimate harbingers of Satan, then finally return to become Earth’s savior.”Legacy of RustCreated in collaboration by id Software, Nightdive Studios, and MachineGames, Legacy of Rust is the newest episode for DOOM, and the first official episode since DOOM II to feature new demons and weapons. This 16-map Episode is broken up into two 8 map sections: The Vulcan Abyss and Counterfeit Eden.PlayFab account and persistent internet connection required to access certain features and content. Acceptance of End User License Agreement, Terms of Service, and Privacy Policy required to play. The DOOM + DOOM II service may be discontinued, and content modified, disabled, suspended or removed, at any time. See Terms of Service, Privacy Policy and additional details at .","Developed by id Software, and originally released in 1993 and 1994, the definitive, newly enhanced versions of DOOM + DOOM II are available as a combined product.","Feature ListAbout the GameDeveloped by id Software, and originally released in 1993, DOOM pioneered and popularized the first-person shooter, setting a standard for all FPS games. The critically acclaimed sequel, DOOM II, followed in 1994. Now the definitive, newly enhanced versions of DOOM + DOOM II are available as a combined product.Owners Receive: DOOM¹ DOOM II¹ TNT: Evilution The Plutonia Experiment Master Levels for DOOM II No Rest for the Living Sigil Legacy of Rust (a new episode created in collaboration by id Software, Nightdive Studios and MachineGames) A new Deathmatch map pack featuring 26 maps Altogether, there are a total of 187 mission maps and 43 deathmatch maps in DOOM + DOOM II. New Enhancements Online, cross-platform deathmatch and co-op for up to 16 players² Community-published mod support with an in-game mod browser²'³ Choose between the original midi DOOM and DOOM II soundtracks or the modern IDKFA versions by Andrew Hulshult (including brand-new DOOM II recordings) Improved performance with multithreaded rendering supporting up to 4K resolution⁴Now on the KEX engine BOOM source compatibility makes it possible for hundreds of community-created mods from the past 25 years to be published in-game Accessibility options, such as a modern font to improve legibility, high contrast mode, text-to-speech, speech-to-text multiplayer chat and more Translated into 8 new languages: Mexican Spanish, Brazilian Portuguese, Polish, Russian, Japanese, Korean, Traditional Chinese and Simplified Chinese Existing Enhancements Upgraded visuals Modern controller support Weapon carousel for faster weapon switching Improved mouse and keyboard controls Local split-screen deathmatch and co-op for up to 4 players Featured community mods²'³, including REKKR, Revolution!, Syringe, Double Impact, Arrival, and more! Expect an ever-expanding list of single player mods to be added by the community modders. 60 FPS and native 16:9 support – up to 1080p Restored original in-game music using original hardware Quick Save/Load support DeHacked mod support Footnotes ¹ The original DOS versions of DOOM (1993) and DOOM II are included on Steam. ² account required. ³ Mods need to be installed separately; installation requires additional system storage. ⁴ Compatible display required. About the Included Games: Doom (1993) - Original VersionThe demons came and the marines died...except one. You are the last defense against Hell. Prepare for the most intense battle you’ve ever faced. Experience the complete, original version of the game released in 1993, now with all official content and Episode IV: Thy Flesh Consumed.Doom II – Original VersionHell has invaded Earth, and to save it, you must battle mightier demons with even more powerful weapons. This beloved sequel to the groundbreaking DOOM (1993) introduced players to the brutal Super Shotgun, the infamous Icon of Sin boss, and more intense FPS action.TNT: Evilution The UAC relocated their experiments to one of the moons of Jupiter. A spaceship, mistaken for a supply vessel, was granted access. But when it got close to the base, demons poured out. All your comrades were slaughtered or zombified. This time it's not about survival. It's about revenge. The Plutonia ExperimentEvery effort has been made by the nation's top scientists to close the seven interdimensional Gates of Hell, but one portal remains open. Alone, you must infiltrate the ravaged base, defeat the demon Gatekeeper, and seal the last Hell portal before the undead take over the world. Master Levels for DOOM IIThis expansion includes twenty additional levels, all with the same hell-spawned horrors and action of the base game. Each level was created by independent designers and supervised by id Software.SigilCreated by id Software co-founder, John Romero, and released as an episode-sized mod consisting of 18 new maps, Sigil fits in between the timelines of DOOM (1993) and DOOM II. Baphomet, the gatekeeper of Hell, “glitched the final teleporter with his hidden sigil, whose eldritch power brings you to even darker shores of Hell. You fight through this stygian pocket of evil to confront the ultimate harbingers of Satan, then finally return to become Earth’s savior.”Legacy of RustCreated in collaboration by id Software, Nightdive Studios, and MachineGames, Legacy of Rust is the newest episode for DOOM, and the first official episode since DOOM II to feature new demons and weapons. This 16-map Episode is broken up into two 8 map sections: The Vulcan Abyss and Counterfeit Eden.PlayFab account and persistent internet connection required to access certain features and content. Acceptance of End User License Agreement, Terms of Service, and Privacy Policy required to play. The DOOM + DOOM II service may be discontinued, and content modified, disabled, suspended or removed, at any time. See Terms of Service, Privacy Policy and additional details at .",0,33,25380,True,False,False,,,,,"English, French, Italian, German, Spanish - Spain, Japanese, Korean, Portuguese - Brazil, Russian, Simplified Chinese, Spanish - Latin America, Traditional Chinese",,"id Software, Nightdive Studios",Bethesda,"2, 1, 49, 36, 47, 37, 9, 38, 48, 39, 24, 27, 28, 67, 68, 78, 75, 69, 23, 44, 62","Single-player, Multi-player, PvP, Online PvP, LAN PvP, Shared/Split Screen PvP, Co-op, Online Co-op, LAN Co-op, Shared/Split Screen Co-op, Shared/Split Screen, Cross-Platform Multiplayer, Full controller support, Camera Comfort, Custom Volume Controls, Adjustable Difficulty, Keyboard Only Option, Stereo Sound, Steam Cloud, Remote Play Together, Family Sharing",1,Action
2310,Quake,https://shared.akamai.steamstatic.com/store_item_assets/steam/apps/2310/fedba2dc09b59eab41d6ebb981b9c436ed04c85f/header_alt_assets_0.jpg?t=1786035741,,2007-08-03,False,9.99,EUR,"Developed by the award-winning id Software, Quake® is the ground-breaking, original dark fantasy first-person shooter that inspires today’s retro-style FPS games. With Quake (Enhanced), experience the authentic, updated, and visually enhanced version of the original.Experience the Original Game, EnhancedEnjoy the original, authentic version of Quake, now with up to 4K* and widescreen resolution support, enhanced models, dynamic and colored lighting, anti-aliasing, depth of field, the original, atmospheric soundtrack and theme song by Trent Reznor, and more. There’s never been a better time to play Quake.Play the Dark Fantasy CampaignYou are Ranger, a warrior armed with a powerful arsenal of weapons. Fight corrupted knights, deformed ogres and an army of twisted creatures across four dark dimensions of infested military bases, ancient medieval castles, lava-filled dungeons and gothic cathedrals in search of the four magic runes. Only after you have collected the runes will you hold the power to defeat the ancient evil that threatens all of humanity. Get the Original & New Expansion PacksQuake also comes with both original expansion packs: “The Scourge of Armagon” and “Dissolution of Eternity,” as well as three expansions developed by the award-winning team at MachineGames: “Dimension of the Past,” “Dimension of the Machine,” and the all-new “Dawn of the Machine.” Discover the All-New “Dawn of the Machine” ExpansionRanger is trapped in a dimension of endless illusion—reliving the same violent cycles for what feels like lifetimes, dying thousands of times in a futile attempt to escape. Wearied but unbroken, he has heard rumor of The Nightmare Machine.Beyond the hordes of monsters—twisted by an eternity in the Elder realms—lies the Machine. It is believed its destruction will shatter the illusion, finally breaking the loop.Enjoy Online & Local Multiplayer and Co-opFight through the dark fantasy base campaign and expansions in 4-player online or local split-screen co-op, and compete in pure, retro-style combat with support for 8-player (online) or 4-player (local split-screen) matches. Featuring dedicated server support for online matchmaking and peer-to-peer support for custom matches.Download Additional, Free Mods & MissionsExpand your experience with free, curated, fan-made and official mods and missions such as Quake 64, which is available to download and play now. More fan-made and official mods and missions coming soon.Play together With CrossplayPlay the campaign and all expansion packs cooperatively or go toe-to-toe in multiplayer matches with your friends regardless of platform! Crossplay is supported among PC (controller-enabled), Xbox One, Xbox Series X/S, PS4, PS5 and Nintendo Switch.Get the “original” and “enhanced” Versions Play whichever version of Quake you prefer. Ownership of Quake gives you access to Quake (Original), the fully-moddable, untouched version of the game that has been available for years , and Quake (Enhanced), the recently released version of the game with improved visuals, curated add-ons, enhanced multiplayer support, crossplay, controller support, and more. *Maximum display resolutions vary by platform.","Developed by the award-winning id Software, Quake® is the ground-breaking, original dark fantasy first-person shooter that inspires today’s retro-style FPS games. With Quake (Enhanced), experience the authentic, updated, and visually enhanced version of the original.","Developed by the award-winning id Software, Quake® is the ground-breaking, original dark fantasy first-person shooter that inspires today’s retro-style FPS games. With Quake (Enhanced), experience the authentic, updated, and visually enhanced version of the original.Experience the Original Game, EnhancedEnjoy the original, authentic version of Quake, now with up to 4K* and widescreen resolution support, enhanced models, dynamic and colored lighting, anti-aliasing, depth of field, the original, atmospheric soundtrack and theme song by Trent Reznor, and more. There’s never been a better time to play Quake.Play the Dark Fantasy CampaignYou are Ranger, a warrior armed with a powerful arsenal of weapons. Fight corrupted knights, deformed ogres and an army of twisted creatures across four dark dimensions of infested military bases, ancient medieval castles, lava-filled dungeons and gothic cathedrals in search of the four magic runes. Only after you have collected the runes will you hold the power to defeat the ancient evil that threatens all of humanity. Get the Original & New Expansion PacksQuake also comes with both original expansion packs: “The Scourge of Armagon” and “Dissolution of Eternity,” as well as three expansions developed by the award-winning team at MachineGames: “Dimension of the Past,” “Dimension of the Machine,” and the all-new “Dawn of the Machine.” Discover the All-New “Dawn of the Machine” ExpansionRanger is trapped in a dimension of endless illusion—reliving the same violent cycles for what feels like lifetimes, dying thousands of times in a futile attempt to escape. Wearied but unbroken, he has heard rumor of The Nightmare Machine.Beyond the hordes of monsters—twisted by an eternity in the Elder realms—lies the Machine. It is believed its destruction will shatter the illusion, finally breaking the loop.Enjoy Online & Local Multiplayer and Co-opFight through the dark fantasy base campaign and expansions in 4-player online or local split-screen co-op, and compete in pure, retro-style combat with support for 8-player (online) or 4-player (local split-screen) matches. Featuring dedicated server support for online matchmaking and peer-to-peer support for custom matches.Download Additional, Free Mods & MissionsExpand your experience with free, curated, fan-made and official mods and missions such as Quake 64, which is available to download and play now. More fan-made and official mods and missions coming soon.Play together With CrossplayPlay the campaign and all expansion packs cooperatively or go toe-to-toe in multiplayer matches with your friends regardless of platform! Crossplay is supported among PC (controller-enabled), Xbox One, Xbox Series X/S, PS4, PS5 and Nintendo Switch.Get the “original” and “enhanced” Versions Play whichever version of Quake you prefer. Ownership of Quake gives you access to Quake (Original), the fully-moddable, untouched version of the game that has been available for years , and Quake (Enhanced), the recently released version of the game with improved visuals, curated add-ons, enhanced multiplayer support, crossplay, controller support, and more. *Maximum display resolutions vary by platform.",0,38,13865,True,False,False,94,https://www.metacritic.com/game/pc/quake?ftag=MCD-06-10aaa1f,http://support.bethsoft.com/,,"English, French, Italian, German, Spanish - Spain, Russian",,"id Software, Nightdive Studios, MachineGames",Bethesda Softworks,"2, 1, 49, 36, 37, 9, 38, 39, 24, 27, 28, 23, 44, 62","Single-player, Multi-player, PvP, Online PvP, Shared/Split Screen PvP, Co-op, Online Co-op, Shared/Split Screen Co-op, Shared/Split Screen, Cross-Platform Multiplayer, Full controller support, Steam Cloud, Remote Play Together, Family Sharing",1,Action
2320,Quake II,https://shared.akamai.steamstatic.com/store_item_assets/steam/apps/2320/header.jpg?t=1750784724,,2007-08-03,False,9.99,EUR,"Developed by id Software in 1997, Quake II is a critically acclaimed first-person shooter that introduces an entirely new science fiction narrative and setting. Now, experience the authentic, enhanced and complete version of the original.Features Experience the Military Sci-fi FPS, Enhanced Get the Original Mission Packs: The Reckoning and Ground Zero Play the All-New Expansion “Call of the Machine” Get Quake II 64 for Free Enjoy Online & Local Multiplayer/CO-OP Play Together with Crossplay Get the Original & Enhanced VersionsExperience the Original Game, Enhanced Enjoy the original, authentic version of Quake II, now with up to 4K* and widescreen resolution support, enhanced models, improved enemy animations and gore, improved and restored AI behaviors, enhanced cinematics, dynamic and colored lighting, anti-aliasing, depth of field, the original, heavy rock soundtrack by Sonic Mayhem, and more.Play the Intense Military Sci-fi Campaign Mankind is at war with the Strogg, a hostile alien race that attacked Earth. In response, humanity launched a strike on the Strogg homeworld...it failed, but you survived. Outnumbered and outgunned, fight your way through fortified military installations and shut down the enemy's war machine. Only then will the fate of humanity be known.Get Both of the Original Mission Packs Quake II includes both original mission packs: “The Reckoning,” featuring 18 campaign levels and 7 deathmatch maps, and “Ground Zero,” featuring 15 campaign levels and 14 deathmatch maps.Mission Pack: The Reckoning In the first official expansion pack for Quake II, you are part of an elite commando force that must infiltrate a Strogg site. Once inside, you must scour industrial landscapes, crawl through waterways and air ducts, navigate treacherous canyons teeming with vicious mutants, stow away on an alien spacecraft, and destroy the enemy's secret moon base.Mission Pack: Ground Zero In the second official expansion pack for Quake II, you, and a few marines are the lucky ones. You've made it to the surface of Stroggos in one piece and are still able to contact the fleet. The Gravity Well, the Strogg's newest weapon in its arsenal against mankind, is operational. With the fleet trapped around Stroggos, only 5% of ground forces surviving, and that number dwindling by the second, your orders have changed: free your comrades and destroy the Gravity Well.Play the All-New “Call of the Machine” Expansion A brand-new Quake II experience from MachineGames consisting of 28 campaign levels and one multiplayer deathmatch map. In the depths of Strogg space lies the Machine, a singularity capable of collapsing the fabric of reality. Fight across time and space to find the Strogg-Maker, destroy it, and change the destiny of man and machine.Get Quake II 64 for Free Enjoy all 19 campaign levels, 10 multiplayer deathmatch maps, and an additional, original soundtrack in this release of the original Quake II version for Nintendo 64.Enjoy Online & Local Multiplayer and CO-OP Fight the hostile Strogg through the gritty, military sci-fi campaign and expansions in 4-player online or local split-screen co-op, and compete in pure, retro-style combat with support for 16-player (online),*4-player (local split-screen), or *8-player (local split-screen) matches. Bot support for offline and online DM and TDM modes included.Play Together with Crossplay Play the campaign and all expansion packs cooperatively or go toe-to-toe in multiplayer matches with your friends regardless of platform! Crossplay is supported among PC (controller-enabled), Xbox One, Xbox Series X/S, PS4, PS5 and Nintendo Switch.Get the “Original” and “Enhanced” VersionsPlay whichever version of Quake II you prefer. Ownership of Quake II gives you access to Quake II (Original), the fully-moddable, untouched version of the game that has been available for years, and Quake II (Enhanced), the recently released version of the game with improved visuals, all-new campaign content, enhanced multiplayer support, crossplay, controller support, and more. *Maximum display resolutions vary by platform. *Supports 4-player local split-screen multiplayer.*Supports 8-player local split-screen multiplayer on PC.","You are humanity’s last hope to stop the Strogg, a hostile alien race waging war against Earth. Play this military sci-fi FPS, now upgraded for modern platforms with improved visuals, new campaign content, online multiplayer/co-op, and more.","Developed by id Software in 1997, Quake II is a critically acclaimed first-person shooter that introduces an entirely new science fiction narrative and setting. Now, experience the authentic, enhanced and complete version of the original.Features Experience the Military Sci-fi FPS, Enhanced Get the Original Mission Packs: The Reckoning and Ground Zero Play the All-New Expansion “Call of the Machine” Get Quake II 64 for Free Enjoy Online & Local Multiplayer/CO-OP Play Together with Crossplay Get the Original & Enhanced VersionsExperience the Original Game, Enhanced Enjoy the original, authentic version of Quake II, now with up to 4K* and widescreen resolution support, enhanced models, improved enemy animations and gore, improved and restored AI behaviors, enhanced cinematics, dynamic and colored lighting, anti-aliasing, depth of field, the original, heavy rock soundtrack by Sonic Mayhem, and more.Play the Intense Military Sci-fi Campaign Mankind is at war with the Strogg, a hostile alien race that attacked Earth. In response, humanity launched a strike on the Strogg homeworld...it failed, but you survived. Outnumbered and outgunned, fight your way through fortified military installations and shut down the enemy's war machine. Only then will the fate of humanity be known.Get Both of the Original Mission Packs Quake II includes both original mission packs: “The Reckoning,” featuring 18 campaign levels and 7 deathmatch maps, and “Ground Zero,” featuring 15 campaign levels and 14 deathmatch maps.Mission Pack: The Reckoning In the first official expansion pack for Quake II, you are part of an elite commando force that must infiltrate a Strogg site. Once inside, you must scour industrial landscapes, crawl through waterways and air ducts, navigate treacherous canyons teeming with vicious mutants, stow away on an alien spacecraft, and destroy the enemy's secret moon base.Mission Pack: Ground Zero In the second official expansion pack for Quake II, you, and a few marines are the lucky ones. You've made it to the surface of Stroggos in one piece and are still able to contact the fleet. The Gravity Well, the Strogg's newest weapon in its arsenal against mankind, is operational. With the fleet trapped around Stroggos, only 5% of ground forces surviving, and that number dwindling by the second, your orders have changed: free your comrades and destroy the Gravity Well.Play the All-New “Call of the Machine” Expansion A brand-new Quake II experience from MachineGames consisting of 28 campaign levels and one multiplayer deathmatch map. In the depths of Strogg space lies the Machine, a singularity capable of collapsing the fabric of reality. Fight across time and space to find the Strogg-Maker, destroy it, and change the destiny of man and machine.Get Quake II 64 for Free Enjoy all 19 campaign levels, 10 multiplayer deathmatch maps, and an additional, original soundtrack in this release of the original Quake II version for Nintendo 64.Enjoy Online & Local Multiplayer and CO-OP Fight the hostile Strogg through the gritty, military sci-fi campaign and expansions in 4-player online or local split-screen co-op, and compete in pure, retro-style combat with support for 16-player (online),*4-player (local split-screen), or *8-player (local split-screen) matches. Bot support for offline and online DM and TDM modes included.Play Together with Crossplay Play the campaign and all expansion packs cooperatively or go toe-to-toe in multiplayer matches with your friends regardless of platform! Crossplay is supported among PC (controller-enabled), Xbox One, Xbox Series X/S, PS4, PS5 and Nintendo Switch.Get the “Original” and “Enhanced” VersionsPlay whichever version of Quake II you prefer. Ownership of Quake II gives you access to Quake II (Original), the fully-moddable, untouched version of the game that has been available for years, and Quake II (Enhanced), the recently released version of the game with improved visuals, all-new campaign content, enhanced multiplayer support, crossplay, controller support, and more. *Maximum display resolutions vary by platform. *Supports 4-player local split-screen multiplayer.*Supports 8-player local split-screen multiplayer on PC.",0,13,8497,True,False,False,,,https://help.bethesda.net/,,"English, French, Italian, German, Spanish - Spain, Russian","English, Russian","id Software, Nightdive Studios, MachineGames",Bethesda Softworks,"2, 1, 49, 36, 37, 9, 38, 39, 24, 27, 28, 29, 67, 74, 79, 69, 70, 23, 44, 62","Single-player, Multi-player, PvP, Online PvP, Shared/Split Screen PvP, Co-op, Online Co-op, Shared/Split Screen Co-op, Shared/Split Screen, Cross-Platform Multiplayer, Full controller support, Steam Trading Cards, Camera Comfort, Playable without Timed Input, Save Anytime, Stereo Sound, Surround Sound, Steam Cloud, Remote Play Together, Family Sharing",1,Action
2400,The Ship: Murder Party,https://shared.akamai.steamstatic.com/store_item_assets/steam/apps/2400/header.jpg?t=1594373405,http://www.blazinggriffin.com/games/the-ship-murder-party/,2006-07-11,False,9.99,EUR,"This package includes a tutorial, The Ship Single Player, which introduces you to some gameplay mechanics and storyline, and The Ship Multiplayer where you can hunt and be hunted by other players.Please read our State of the Game announcement: For PC gamers who enjoy multiplayer games with a bit of intelligence, intrigue and ingenuity, The Ship is a murder mystery alternative to traditional FPS multiplayer games. Each player is given a Quarry to kill - and must evade their own Hunter in the process, all set on board a series of 1920s art deco cruise ships.The Ship is owned by the mysterious Mr X and as one of many 'lucky' recipients of a free ticket you arrive on board The Ship to find there's a catch to your luxury cruise. You are coerced into a brutal Hunt to indulge Mr. X's fantasies, under threat of death for not only yourself, but also your family. Your only chance to save yourself and your family is to play the Hunt and win.Combining stealthy multiplayer action and a needs system, The Ship is a truly unique gaming experience.",The Ship is a murder mystery multiplayer.,"Finding a ServerAhoy Shipmates!Unfortunately the in-game server browser is no longer working. However, players can connect to servers via the Steam Client > View > Servers (if you don't see The Ship you may have to restart the client). Feel free to drop by the forums to chat about this and you can find a more detail explanation of the issues in our announcement: About the GameThis package includes a tutorial, The Ship Single Player, which introduces you to some gameplay mechanics and storyline, and The Ship Multiplayer where you can hunt and be hunted by other players.Please read our State of the Game announcement: For PC gamers who enjoy multiplayer games with a bit of intelligence, intrigue and ingenuity, The Ship is a murder mystery alternative to traditional FPS multiplayer games. Each player is given a Quarry to kill - and must evade their own Hunter in the process, all set on board a series of 1920s art deco cruise ships.The Ship is owned by the mysterious Mr X and as one of many 'lucky' recipients of a free ticket you arrive on board The Ship to find there's a catch to your luxury cruise. You are coerced into a brutal Hunt to indulge Mr. X's fantasies, under threat of death for not only yourself, but also your family. Your only chance to save yourself and your family is to play the Hunt and win.Combining stealthy multiplayer action and a needs system, The Ship is a truly unique gaming experience.",0,0,2559,True,False,False,76,https://www.metacritic.com/game/pc/the-ship?ftag=MCD-06-10aaa1f,http://www.blazinggriffin.com/,support@blazinggriffin.com,"English, French, German, Italian, Spanish - Spain, Polish, Russian, Japanese",,Outerlight Ltd.,Blazing Griffin,"2, 1, 49, 36, 47, 29, 8, 62","Single-player, Multi-player, PvP, Online PvP, LAN PvP, Steam Trading Cards, Valve Anti-Cheat enabled, Family Sharing","1, 23, 3","Action, Indie, RPG"
2420,The Ship: Single Player,https://shared.akamai.steamstatic.com/store_item_assets/steam/apps/2420/header.jpg?t=1447350944,http://www.blazinggriffin.com/games/the-ship-murder-party/,2006-11-20,False,0.0,,"For PC gamers who enjoy multiplayer games with a bit of intelligence, intrigue and ingenuity, The Ship is a murder mystery alternative to traditional FPS multiplayer games. Each player is given a Quarry to kill - and must evade their own Hunter in the process, all set on board a series of 1920s art deco cruise ships.The Ship is owned by the mysterious Mr X and as one of many 'lucky' recipients of a free ticket you arrive on board The Ship to find there's a catch to your luxury cruise. You are coerced into a brutal Hunt to indulge Mr. X's fantasies, under threat of death for not only yourself, but also your family. Your only chance to save yourself and your family is to play the Hunt and win.Combining stealthy multiplayer action and a needs system, The Ship is a truly unique gaming experience.This package includes a tutorial, The Ship Single Player, which introduces you to some gameplay mechanics and storyline, and The Ship Multiplayer where you can hunt and be hunted by other players.","The Ship is a murder mystery alternative to traditional FPS multiplayer games - hunt and be hunted! Package includes multiplayer, single player and tutorial.","For PC gamers who enjoy multiplayer games with a bit of intelligence, intrigue and ingenuity, The Ship is a murder mystery alternative to traditional FPS multiplayer games. Each player is given a Quarry to kill - and must evade their own Hunter in the process, all set on board a series of 1920s art deco cruise ships.The Ship is owned by the mysterious Mr X and as one of many 'lucky' recipients of a free ticket you arrive on board The Ship to find there's a catch to your luxury cruise. You are coerced into a brutal Hunt to indulge Mr. X's fantasies, under threat of death for not only yourself, but also your family. Your only chance to save yourself and your family is to play the Hunt and win.Combining stealthy multiplayer action and a needs system, The Ship is a truly unique gaming experience.This package includes a tutorial, The Ship Single Player, which introduces you to some gameplay mechanics and storyline, and The Ship Multiplayer where you can hunt and be hunted by other players.",0,0,396,True,False,False,,,,,"English, French, German, Italian, Spanish - Spain, Polish, Russian, Japanese",,Outerlight Ltd.,Blazing Griffin Ltd.,"2, 62","Single-player, Family Sharing","1, 23, 3","Action, Indie, RPG"
2450,Bloody Good Time,https://shared.akamai.steamstatic.com/store_item_assets/steam/apps/2450/header.jpg?t=1682459523,,2010-10-29,False,4.99,EUR,"Congratulations, you’ve just been cast in your first slasher movie! You’ve been given your big break by the notorious Director X. His methods have produced some of the finest grindhouse films ever committed to celluloid. Famous faces and big names are not what this director is looking for. Fresh faces are all Director X casts, and with your embarrassingly empty resume you’re as fresh as they come! But seven other hopefuls are also in the running, so you’re going to need to prove your worth if you’re to hit the leading credits. You’re going to have to scratch, claw and strike to slash your way to the top. This job’s going to be murder! Developed by Outerlight, Bloody Good Time takes a new and irreverent approach to multiplayer shooters. The game runs on the Valve’s Source engine, known for classic multiplayer shooters such as Half-Life and Team Fortress. Key Features: Be a deceitful bastard! Flush your enemies in the toilet, crash their heads on their plates when they eat, do whatever it takes to maim and kill other competitors in nasty and unexpected ways! Use a full arsenal of wacky weapons including guns, a baseball bat, a frying pan, and even an exploding remote-controlled rat to transform the movie set into real mayhem! Clash with up to 8 players online in a zany, first-person shooter, multiplayer experience like no other. Choose from a variety of stereotypical B- movie characters, including the bikini beach babe, the stoner, the creepy clown and the super jock. From Spring Break Beach to the Horror House to the Vegas Hotel, discover what’s behind the Hollywood set in these unique multiplayer maps. Developed by Outerlight, best known for their work on The Ship and the Half-Life mod of the Ship. This Scottish-based developer brings a great combination of humor and quality game play to Bloody Good Time. Running on the Valve’s Source engine, Bloody Good Time comes from the same pedigree of classic, online multiplayer shooters such as Half-Life, Team Fortress and Counter-Strike.","Congratulations, you’ve just been cast in your first slasher movie by the notorious Director X!","Congratulations, you’ve just been cast in your first slasher movie! You’ve been given your big break by the notorious Director X. His methods have produced some of the finest grindhouse films ever committed to celluloid. Famous faces and big names are not what this director is looking for. Fresh faces are all Director X casts, and with your embarrassingly empty resume you’re as fresh as they come! But seven other hopefuls are also in the running, so you’re going to need to prove your worth if you’re to hit the leading credits. You’re going to have to scratch, claw and strike to slash your way to the top. This job’s going to be murder! Developed by Outerlight, Bloody Good Time takes a new and irreverent approach to multiplayer shooters. The game runs on the Valve’s Source engine, known for classic multiplayer shooters such as Half-Life and Team Fortress. Key Features: Be a deceitful bastard! Flush your enemies in the toilet, crash their heads on their plates when they eat, do whatever it takes to maim and kill other competitors in nasty and unexpected ways! Use a full arsenal of wacky weapons including guns, a baseball bat, a frying pan, and even an exploding remote-controlled rat to transform the movie set into real mayhem! Clash with up to 8 players online in a zany, first-person shooter, multiplayer experience like no other. Choose from a variety of stereotypical B- movie characters, including the bikini beach babe, the stoner, the creepy clown and the super jock. From Spring Break Beach to the Horror House to the Vegas Hotel, discover what’s behind the Hollywood set in these unique multiplayer maps. Developed by Outerlight, best known for their work on The Ship and the Half-Life mod of the Ship. This Scottish-based developer brings a great combination of humor and quality game play to Bloody Good Time. Running on the Valve’s Source engine, Bloody Good Time comes from the same pedigree of classic, online multiplayer shooters such as Half-Life, Team Fortress and Counter-Strike.",0,12,931,True,False,False,73,https://www.metacritic.com/game/pc/bloody-good-time?ftag=MCD-06-10aaa1f,https://support.ubi.com/en-US/,,English,,Outerlight Ltd.,Ubisoft,"2, 1, 22, 62","Single-player, Multi-player, Steam Achievements, Family Sharing",1,Action
2500,Shadowgrounds,https://shared.akamai.steamstatic.com/store_item_assets/steam/apps/2500/header.jpg?t=1725011450,http://www.shadowgroundsgame.com/,2006-05-08,False,4.99,EUR,"Shadowgrounds breathes fresh air into the action genre with explosive combat sequences, an innovative weapon upgrade system, and an intriguing storyline. The adrenaline-pumping, top-down gameplay and audiovisual fireworks set the scene for this new action experience which also includes single computer (split keyboard or joystick) co-op play. UPGRADE THOSE WEAPONS! Use a devastating arsenal of high-tech weaponry to dispose of the alien threat. Each weapon has multiple upgrades that maximize the carnage. Unleash the flames of the Flamethrower's Fuel Trap, cause mayhem with the Grenade Launcher's Poison Grenades, slash and dice the monsters with the Laser Rifle's Pinpoint Laser - and many more! WHAT LURKS IN THE SHADOWS? Shadowgrounds uses cutting-edge realistic lighting and glow technology to light up the battlefield and create detailed shadows producing an atmosphere of fear. But the lighting and the flashlight also affect some aliens' behavior - take advantage of that and you can turn the tide in the game of fear by using your flashlight effectively. DESTRUCTIBLE ENVIRONMENT! What good are weapons and special effects if you can't wreak havoc on the environment? Shadowgrounds lets you go all-out - glass shatters, ground shakes, trees fall, barrels explode and furniture blows to smithereens. You can use the environment to your advantage. THEY'RE BIG AND NASTY! Big, brutal monsters await you. Prepare to face many different bosses who will do anything to stop your journey. They're nasty, blood-thirsty beasts, but don't give in to fear - remember to use the environment and the lighting to your advantage! Upgrade weaponry with powerful modifications. Face enormous monsters in boss battles. Destructible environment allows you to wreak havoc with your arsenal. Visit many exciting locations, including a secret military base and the alien-infested colony New Atlantis. Fight side-by-side with NPC allies against the massive alien hordes. Check security cameras and computer logs to investigate alien origins. Realistic lighting with gameplay effects bring the aliens out of the shadows. Enjoy horrifying sound effects and a thrilling music soundtrack made exclusively for Shadowgrounds.","Shadowgrounds breathes fresh air into the action genre with explosive combat sequences, an innovative weapon upgrade system, and an intriguing storyline. The adrenaline-pumping, top-down gameplay and audiovisual fireworks set the scene for this new action experience which also includes single computer (split keyboard or joystick) co-op...","Shadowgrounds breathes fresh air into the action genre with explosive combat sequences, an innovative weapon upgrade system, and an intriguing storyline. The adrenaline-pumping, top-down gameplay and audiovisual fireworks set the scene for this new action experience which also includes single computer (split keyboard or joystick) co-op play. UPGRADE THOSE WEAPONS! Use a devastating arsenal of high-tech weaponry to dispose of the alien threat. Each weapon has multiple upgrades that maximize the carnage. Unleash the flames of the Flamethrower's Fuel Trap, cause mayhem with the Grenade Launcher's Poison Grenades, slash and dice the monsters with the Laser Rifle's Pinpoint Laser - and many more! WHAT LURKS IN THE SHADOWS? Shadowgrounds uses cutting-edge realistic lighting and glow technology to light up the battlefield and create detailed shadows producing an atmosphere of fear. But the lighting and the flashlight also affect some aliens' behavior - take advantage of that and you can turn the tide in the game of fear by using your flashlight effectively. DESTRUCTIBLE ENVIRONMENT! What good are weapons and special effects if you can't wreak havoc on the environment? Shadowgrounds lets you go all-out - glass shatters, ground shakes, trees fall, barrels explode and furniture blows to smithereens. You can use the environment to your advantage. THEY'RE BIG AND NASTY! Big, brutal monsters await you. Prepare to face many different bosses who will do anything to stop your journey. They're nasty, blood-thirsty beasts, but don't give in to fear - remember to use the environment and the lighting to your advantage! Upgrade weaponry with powerful modifications. Face enormous monsters in boss battles. Destructible environment allows you to wreak havoc with your arsenal. Visit many exciting locations, including a secret military base and the alien-infested colony New Atlantis. Fight side-by-side with NPC allies against the massive alien hordes. Check security cameras and computer logs to investigate alien origins. Realistic lighting with gameplay effects bring the aliens out of the shadows. Enjoy horrifying sound effects and a thrilling music soundtrack made exclusively for Shadowgrounds.",0,0,1232,True,True,False,74,https://www.metacritic.com/game/pc/shadowgrounds?ftag=MCD-06-10aaa1f,,,English,English,Frozenbyte,Frozenbyte,"2, 1, 24, 29, 44, 62","Single-player, Multi-player, Shared/Split Screen, Steam Trading Cards, Remote Play Together, Family Sharing",1,Action
2520,Gumboy - Crazy Adventures™,https://shared.akamai.steamstatic.com/store_item_assets/steam/apps/2520/22321ba326f675a29445c51daf27afbc3fe2ba20/header.jpg?t=1743179737,http://www.gumboycrazyadventures.com/,2006-12-19,False,0.99,EUR,"Gumboy has fun and novel gameplay set in a richly imagined world. With simple game controls, Gumboy lets the player bounce, roll, float, and fly through the world. Additionally, Gumboy can change size, shape and material. Moving through the world with different physical properties and gameplay: spheres, cubes or stars filled with rubber, air or water... Combine these elements with objectives centered on particle effects and control and Gumboy is refreshing, challenging, and original fun for everyone for all types of gamers. Innovative game based on ball physics in various environments Over 50 levels within a fairy-tale atmosphere Interactive environments: water, wind, rain, teleports, boosts, sticky and slippery surfaces Original artistic depiction of 6 various worlds (forest, field, cave, magical world...) Fantastic lighting and dynamic effects Detailed graphics with acceleration and fascinating particle effects Various ball shapes: sphere, cube, star Various ball fillings with an influence on its characteristics: rubber, air, water Saves games in progress and the results achieved for several players Game supports widescreen displays (16:9)","Gumboy has fun and novel gameplay set in a richly imagined world. With simple game controls, Gumboy lets the player bounce, roll, float, and fly through the world. Additionally, Gumboy can change size, shape and material.","Gumboy has fun and novel gameplay set in a richly imagined world. With simple game controls, Gumboy lets the player bounce, roll, float, and fly through the world. Additionally, Gumboy can change size, shape and material. Moving through the world with different physical properties and gameplay: spheres, cubes or stars filled with rubber, air or water... Combine these elements with objectives centered on particle effects and control and Gumboy is refreshing, challenging, and original fun for everyone for all types of gamers. Innovative game based on ball physics in various environments Over 50 levels within a fairy-tale atmosphere Interactive environments: water, wind, rain, teleports, boosts, sticky and slippery surfaces Original artistic depiction of 6 various worlds (forest, field, cave, magical world...) Fantastic lighting and dynamic effects Detailed graphics with acceleration and fascinating particle effects Various ball shapes: sphere, cube, star Various ball fillings with an influence on its characteristics: rubber, air, water Saves games in progress and the results achieved for several players Game supports widescreen displays (16:9)",0,0,110,True,False,False,69,https://www.metacritic.com/game/pc/gumboy-crazy-adventures?ftag=MCD-06-10aaa1f,,,"English, Polish, Russian",,"CINEMAX, s.r.o.","CINEMAX, s.r.o.","2, 62","Single-player, Family Sharing","4, 23","Casual, Indie"
2540,RIP - Trilogy™,https://shared.akamai.steamstatic.com/store_item_assets/steam/apps/2540/header.jpg?t=1501868093,,2007-06-01,False,4.99,EUR,"With the completion of the third title in the RIP series, the RIP games have become an instant classic in the arcade-shooter genre. RIP  Trilogy brings all three RIP titles into one exciting and heart-pounding pack.RIPNot afraid of Death? What if he is accompanied by Halloween and Rock-N-Roll? Play the part of these antiheroes and go to war in this all-out action experience! Each character has their own strengths and skills, but this is not a game for the faint of heart. With over 40 levels to RIP through, the results are murderous!40 levels of murder and mayhemA variety of guns and battle magicThree chilling charactersA toned-down, less violent kid's modeRIP2  Strike BackYour favorite antiheroes are here to strike back with another score to settle. Death, Halloween and Rock-N-Roll...each character has his own strengths and skills, so pick one and start shooting. In Story Mode, you'll fight through 60 furious levels using an arsenal of upgradeable weapons, tanks, helicopters and turrets or for a quick adrenaline fix, play Rush Mode and see how long you can last.Choose from a large arsenal of weaponsAssorted vehicles including gun turrets, tanks and helicoptersVariety of abilities and power-ups60 levels of unlimited gameplayHuge boss levels for more challengeTwo modes of play; Rush Mode or Story ModeRIP3  The Last HeroRIP3  The Last Hero combines the dynamics of a hardcore shooter while preserving the elusive classic arcade appeal and never lets up on the intense action. Every level presents a new challenge, requiring you to not only prove your sharp-shooting, but to think and act tactically.The terrain and environments must be employed to survive waves of adversaries, but since all in-game objects are destructible, you must think fast. Your hero will travel all over the world from the African jungle to the Arctic snow, through secret labs and bunkers, in the streets and skyscrapers of Metropolis city and also go into deep space using a hijacked spaceship.100 levels of arcade shooting action6 unique playable characters with varied and powerful skills to developA huge arsenal of destructive weaponry, each with 2 shooting modesCapture and control military vehicles, including Tanks, Helicopters and Battle TurretsFully destructible battlefield - all the objects can be damaged and destroyedIncludes a space adventure minigame, where you pilot the Vostok-23 starship12 Huge, challenging bosses evoke classic arcade gameplay3 difficulty level settings to increase the intensitySpecial bonuses and secrets are scattered throughout the gameCooperative multiplayer for two players to battle against the enemy hordesMultiplayer death-match for up to 6 players over LAN","With the completion of the third title in the RIP series, the RIP games have become an instant classic in the arcade-shooter genre. RIP  Trilogy brings all three RIP titles into one exciting and heart-pounding pack.RIPNot afraid of Death? What if he is accompanied by Halloween and Rock-N-Roll?","With the completion of the third title in the RIP series, the RIP games have become an instant classic in the arcade-shooter genre. RIP  Trilogy brings all three RIP titles into one exciting and heart-pounding pack.RIPNot afraid of Death? What if he is accompanied by Halloween and Rock-N-Roll? Play the part of these antiheroes and go to war in this all-out action experience! Each character has their own strengths and skills, but this is not a game for the faint of heart. With over 40 levels to RIP through, the results are murderous!40 levels of murder and mayhemA variety of guns and battle magicThree chilling charactersA toned-down, less violent kid's modeRIP2  Strike BackYour favorite antiheroes are here to strike back with another score to settle. Death, Halloween and Rock-N-Roll...each character has his own strengths and skills, so pick one and start shooting. In Story Mode, you'll fight through 60 furious levels using an arsenal of upgradeable weapons, tanks, helicopters and turrets or for a quick adrenaline fix, play Rush Mode and see how long you can last.Choose from a large arsenal of weaponsAssorted vehicles including gun turrets, tanks and helicoptersVariety of abilities and power-ups60 levels of unlimited gameplayHuge boss levels for more challengeTwo modes of play; Rush Mode or Story ModeRIP3  The Last HeroRIP3  The Last Hero combines the dynamics of a hardcore shooter while preserving the elusive classic arcade appeal and never lets up on the intense action. Every level presents a new challenge, requiring you to not only prove your sharp-shooting, but to think and act tactically.The terrain and environments must be employed to survive waves of adversaries, but since all in-game objects are destructible, you must think fast. Your hero will travel all over the world from the African jungle to the Arctic snow, through secret labs and bunkers, in the streets and skyscrapers of Metropolis city and also go into deep space using a hijacked spaceship.100 levels of arcade shooting action6 unique playable characters with varied and powerful skills to developA huge arsenal of destructive weaponry, each with 2 shooting modesCapture and control military vehicles, including Tanks, Helicopters and Battle TurretsFully destructible battlefield - all the objects can be damaged and destroyedIncludes a space adventure minigame, where you pilot the Vostok-23 starship12 Huge, challenging bosses evoke classic arcade gameplay3 difficulty level settings to increase the intensitySpecial bonuses and secrets are scattered throughout the gameCooperative multiplayer for two players to battle against the enemy hordesMultiplayer death-match for up to 6 players over LAN",0,0,249,True,False,False,,,,,English,,Elephant Games,,"2, 1, 9, 62","Single-player, Multi-player, Co-op, Family Sharing","4, 23","Casual, Indie"
2590,Alpha Prime,https://shared.akamai.steamstatic.com/store_item_assets/steam/apps/2590/header.jpg?t=1748433916,http://www.alpha-prime.com/,2007-11-07,False,3.99,EUR,"Somewhere in deep space, at an apparently abandoned mining base on the asteriod Alpha Prime, something has gone terribly wrong. Miners were warned that the hubbardium they were mining was too dangerous, but the lure of unimaginable wealth was too strong. Now, something has happened to them and it's up to you to save them and face an unknown threat. Equipped with a surplus of advanced weapons and devices--including a variety of robots and manipulators, surveillance cameras and security systems that can be hacked, controlled and used to complete your task--your mission is simple: Get in, get 'em, and get out! 10 levels of fast-paced, unrelenting action including mining station, spaceship hangar, magnetic railway or asteroid surface Non-playable characters aid you in your mission to save the miners and get off the asteroid Countless enemies including Special Forces soldiers, robots and deranged miners 8 futuristic weapons including pistols, shotguns, machine guns, grenades… Vehicles can be used to move to different locations quickly Hack into devices including robots, surveillance cameras, security systems, doors, etc. Bullet time allows players to temporarily slow down the action and get the upper hand Compatible with Matrox TripleHead2Go™, enabling gamers to connect 3 screens","Somewhere in deep space, at an apparently abandoned mining base on the asteriod Alpha Prime, something has gone terribly wrong. Miners were warned that the hubbardium they were mining was too dangerous, but the lure of unimaginable wealth was too strong.","Somewhere in deep space, at an apparently abandoned mining base on the asteriod Alpha Prime, something has gone terribly wrong. Miners were warned that the hubbardium they were mining was too dangerous, but the lure of unimaginable wealth was too strong. Now, something has happened to them and it's up to you to save them and face an unknown threat. Equipped with a surplus of advanced weapons and devices--including a variety of robots and manipulators, surveillance cameras and security systems that can be hacked, controlled and used to complete your task--your mission is simple: Get in, get 'em, and get out! 10 levels of fast-paced, unrelenting action including mining station, spaceship hangar, magnetic railway or asteroid surface Non-playable characters aid you in your mission to save the miners and get off the asteroid Countless enemies including Special Forces soldiers, robots and deranged miners 8 futuristic weapons including pistols, shotguns, machine guns, grenades… Vehicles can be used to move to different locations quickly Hack into devices including robots, surveillance cameras, security systems, doors, etc. Bullet time allows players to temporarily slow down the action and get the upper hand Compatible with Matrox TripleHead2Go™, enabling gamers to connect 3 screens",0,0,849,True,False,False,59,https://www.metacritic.com/game/pc/alpha-prime?ftag=MCD-06-10aaa1f,http://www.meridian4.com/support,support@bohemia.net,English,,Black Element,Bohemia Interactive,"2, 62","Single-player, Family Sharing",1,Action
2600,Vampire: The Masquerade - Bloodlines,https://shared.akamai.steamstatic.com/store_item_assets/steam/apps/2600/header.jpg?t=1604376441,http://www.vampirebloodlines.com,2007-03-22,False,19.99,EUR,"Vampire®: The Masquerade-Bloodlines™ delivers a new type of RPG experience-one that blends all the core elements of a traditional RPG with the graphical richness, immediacy and brutal combat of a first-person action game. The game plunges players into the dark and gritty vampire underworld of modern-day L.A. as a creature of the night. Players will develop their character's powers, interact with other characters and embark on story-driven quests as they battle mortals and other vampires with an incredible array of vampire powers and weapons. Powered by Valve's Source Technology, the game is based on White Wolf's popular Vampire: The Masquerade pen-and-paper RPG series and its official clans.","Vampire®: The Masquerade-Bloodlines™ delivers a new type of RPG experience-one that blends all the core elements of a traditional RPG with the graphical richness, immediacy and brutal combat of a first-person action game. The game plunges players into the dark and gritty vampire underworld of modern-day L.A. as a creature of the night.","Vampire®: The Masquerade-Bloodlines™ delivers a new type of RPG experience-one that blends all the core elements of a traditional RPG with the graphical richness, immediacy and brutal combat of a first-person action game. The game plunges players into the dark and gritty vampire underworld of modern-day L.A. as a creature of the night. Players will develop their character's powers, interact with other characters and embark on story-driven quests as they battle mortals and other vampires with an incredible array of vampire powers and weapons. Powered by Valve's Source Technology, the game is based on White Wolf's popular Vampire: The Masquerade pen-and-paper RPG series and its official clans.",0,0,13851,True,False,False,80,https://www.metacritic.com/game/pc/vampire-the-masquerade---bloodlines?ftag=MCD-06-10aaa1f,http://support.activision.com/,,"English, French, German",,Troika Games,Activision,"2, 62","Single-player, Family Sharing",1,Action
2610,GUN™,https://shared.akamai.steamstatic.com/store_item_assets/steam/apps/2610/header.jpg?t=1499877030,,2006-10-13,False,14.99,EUR,"When life robs Colton White of all that matters, the only thing left he can trust is his GUN. From award-winning developer, Neversoft, and accomplished screenwriter, Randall Jahnson (The Mask of Zorro, The Doors), GUN follows Colton on his quest for discovery as he seeks to exact vengeful justice on those who have wronged him. GUN is a realistic epic action/adventure that lets gamers experience the brutality of the lawless West. New and savage ways to punish: Stealthily sneak up and attack your enemies, use them as cover, stab and shoot them. Blast away and watch the aftermath, shoot guns out of enemy hands, or destroy with dynamite. Extensive variety of missions and game play: Wage war on horseback, commandeer trains, protect prostitutes, collect bounties, play poker, hunt buffalo, and more. Multiple game play styles include: precision shooting, stealth tactics, and use of explosives. Embark on numerous side missions that allow you to master gun slinging and horse riding. Unlock secret weapons and upgrade your skills and abilities to improve your weapon and equipment performance. Brutal realism: Act as a gunslinger protecting righteousness, or seek retribution as you face corrupt lawmen, warring tribes, cold-blooded outlaws, and ruthless renegades. Encounter legendary gunfighters such as JJ Webb. Employ a multitude of authentic weapons including: Six shooters, shotguns, Gatling guns, flaming arrows, hatchets, dynamite, and more. Expansive interactive world: Play an extensive variety of exciting missions as you journey west across the new frontier. Ride on horseback through the scenic, yet dangerous Western terrain of canyons, mountains, plains, forests, gold mines and towns.© 2006 Activision Publishing, Inc. Activision is a registered trademark and GUN is a trademark of Activision Publishing, Inc. All rights reserved. All other trademarks and trade names are the properties of their respective owners.","When life robs Colton White of all that matters, the only thing left he can trust is his GUN. From award-winning developer, Neversoft, and accomplished screenwriter, Randall Jahnson (The Mask of Zorro, The Doors), GUN follows Colton on his quest for discovery as he seeks to exact vengeful justice on those who have wronged him.","When life robs Colton White of all that matters, the only thing left he can trust is his GUN. From award-winning developer, Neversoft, and accomplished screenwriter, Randall Jahnson (The Mask of Zorro, The Doors), GUN follows Colton on his quest for discovery as he seeks to exact vengeful justice on those who have wronged him. GUN is a realistic epic action/adventure that lets gamers experience the brutality of the lawless West. New and savage ways to punish: Stealthily sneak up and attack your enemies, use them as cover, stab and shoot them. Blast away and watch the aftermath, shoot guns out of enemy hands, or destroy with dynamite. Extensive variety of missions and game play: Wage war on horseback, commandeer trains, protect prostitutes, collect bounties, play poker, hunt buffalo, and more. Multiple game play styles include: precision shooting, stealth tactics, and use of explosives. Embark on numerous side missions that allow you to master gun slinging and horse riding. Unlock secret weapons and upgrade your skills and abilities to improve your weapon and equipment performance. Brutal realism: Act as a gunslinger protecting righteousness, or seek retribution as you face corrupt lawmen, warring tribes, cold-blooded outlaws, and ruthless renegades. Encounter legendary gunfighters such as JJ Webb. Employ a multitude of authentic weapons including: Six shooters, shotguns, Gatling guns, flaming arrows, hatchets, dynamite, and more. Expansive interactive world: Play an extensive variety of exciting missions as you journey west across the new frontier. Ride on horseback through the scenic, yet dangerous Western terrain of canyons, mountains, plains, forests, gold mines and towns.© 2006 Activision Publishing, Inc. Activision is a registered trademark and GUN is a trademark of Activision Publishing, Inc. All rights reserved. All other trademarks and trade names are the properties of their respective owners.",0,0,2091,True,False,False,76,https://www.metacritic.com/game/pc/gun?ftag=MCD-06-10aaa1f,,,English,,Neversoft,Activision,"2, 62","Single-player, Family Sharing",1,Action
2620,Call of Duty® (2003),https://shared.akamai.steamstatic.com/store_item_assets/steam/apps/2620/header.jpg?t=1731699308,http://www.callofduty.com/,2006-10-13,False,19.99,EUR,"Call of Duty® delivers the gritty realism and cinematic intensity of World War II's epic battlefield moments like never before - through the eyes of citizen soldiers and unsung heroes from an alliance of countries who together helped shape the course of modern history.Play through the chaos of battle as part of a well-trained squad, that lays down covering fire and pulls its wounded to safety. In addition to authentic squad movements and tactics, each soldier's distinct personality and training comes out on the battlefield.No one soldier or nation single-handedly won the war. For the first time, Call of Duty® captures the war from multiple perspectives, through the eyes of American, British and Russian soldiers. Battle through 24 missions spanning 4 interconnected historical campaigns. Take on mission objectives ranging from sabotage and all-out assault to stealth, vehicle combat and rescue. Authentic weapons, locations, vehicles and sounds of war all contribute to the realism, immersing you in the most intense World War II experience yet.",Call of Duty® delivers the gritty realism and cinematic intensity of World War II's epic battlefield moments like never before.,"Call of Duty® delivers the gritty realism and cinematic intensity of World War II's epic battlefield moments like never before - through the eyes of citizen soldiers and unsung heroes from an alliance of countries who together helped shape the course of modern history.Play through the chaos of battle as part of a well-trained squad, that lays down covering fire and pulls its wounded to safety. In addition to authentic squad movements and tactics, each soldier's distinct personality and training comes out on the battlefield.No one soldier or nation single-handedly won the war. For the first time, Call of Duty® captures the war from multiple perspectives, through the eyes of American, British and Russian soldiers. Battle through 24 missions spanning 4 interconnected historical campaigns. Take on mission objectives ranging from sabotage and all-out assault to stealth, vehicle combat and rescue. Authentic weapons, locations, vehicles and sounds of war all contribute to the realism, immersing you in the most intense World War II experience yet.",0,0,7289,True,False,False,91,https://www.metacritic.com/game/pc/call-of-duty?ftag=MCD-06-10aaa1f,http://support.activision.com/,,"English, German",,Infinity Ward,Activision,"2, 1, 62","Single-player, Multi-player, Family Sharing",1,Action
2630,Call of Duty® 2,https://shared.akamai.steamstatic.com/store_item_assets/steam/apps/2630/header.jpg?t=1780962161,http://www.callofduty.com/,2006-10-13,False,19.99,EUR,"Call of Duty® 2 redefines the cinematic intensity and chaos of battle as seen through the eyes of ordinary soldiers fighting together in epic WWII conflicts. The sequel to 2003's Call of Duty, winner of over 80 Game of the Year awards, Call of Duty 2 offers more immense, more intense, more realistic battles than ever before, thanks to the stunning visuals of the new COD™2 engine. The #1 WWII shooter development team returns with an amazing new experience: Developed by Infinity Ward, creators of the award-winning Call of Duty. All-new, unprecedented enhancements from stunningly realistic graphics to seamless gameplay, thanks to the revolutionary COD2 engine, groundbreaking AI, and choice-based gameplay innovations. Beautifully rendered snow, rain, fog, and smoke, combined with dynamic lighting and shadows, make this the most intense WWII shooter yet. New conflicts and enemies to face: Call of Duty 2 brings you bigger battles, with more tanks, troops, and explosions on-screen, and bigger scope, with a wide range of locales and environments across the European Theater. Fight ""The Desert Fox"" across the scorching sands of North Africa as wave upon wave of tanks clash in the desert. Use rocket-propelled grappling hooks alongside your Army Ranger squad to storm and scale the cliffs of Pointe du Hoc against a relentless German counterassault, and slog through urban chaos as a tank hunter in war-torn Russia. Rely on your squad as never before: The dozens of Allied soldiers surrounding you are fully aware of the changing situations around them, and will let you know using an all-new, context-sensitive battle chatter system. They will draw enemy fire, lay down cover for you, use foxholes and moving tanks for cover, and warn you of incoming enemy troops and hostile fire. Choice-based gameplay: Play through missions in the order you see fit. Will you decide to play first as a sniper or as a tank commander? It's your call. Open-ended battlefields allow you to individualize your tactics and choose the order in which you complete your objectives. Multiplayer Mayhem: Go online for intense Axis vs. Allies team-based multiplayer action, building on the hugely popular Call of Duty multiplayer modes.","Call of Duty® 2 redefines the cinematic intensity and chaos of battle as seen through the eyes of ordinary soldiers fighting together in epic WWII conflicts. The sequel to 2003's Call of Duty, winner of over 80 Game of the Year awards, Call of Duty 2 offers more immense, more intense, more realistic battles than ever before, thanks to...","Call of Duty® 2 redefines the cinematic intensity and chaos of battle as seen through the eyes of ordinary soldiers fighting together in epic WWII conflicts. The sequel to 2003's Call of Duty, winner of over 80 Game of the Year awards, Call of Duty 2 offers more immense, more intense, more realistic battles than ever before, thanks to the stunning visuals of the new COD™2 engine. The #1 WWII shooter development team returns with an amazing new experience: Developed by Infinity Ward, creators of the award-winning Call of Duty. All-new, unprecedented enhancements from stunningly realistic graphics to seamless gameplay, thanks to the revolutionary COD2 engine, groundbreaking AI, and choice-based gameplay innovations. Beautifully rendered snow, rain, fog, and smoke, combined with dynamic lighting and shadows, make this the most intense WWII shooter yet. New conflicts and enemies to face: Call of Duty 2 brings you bigger battles, with more tanks, troops, and explosions on-screen, and bigger scope, with a wide range of locales and environments across the European Theater. Fight ""The Desert Fox"" across the scorching sands of North Africa as wave upon wave of tanks clash in the desert. Use rocket-propelled grappling hooks alongside your Army Ranger squad to storm and scale the cliffs of Pointe du Hoc against a relentless German counterassault, and slog through urban chaos as a tank hunter in war-torn Russia. Rely on your squad as never before: The dozens of Allied soldiers surrounding you are fully aware of the changing situations around them, and will let you know using an all-new, context-sensitive battle chatter system. They will draw enemy fire, lay down cover for you, use foxholes and moving tanks for cover, and warn you of incoming enemy troops and hostile fire. Choice-based gameplay: Play through missions in the order you see fit. Will you decide to play first as a sniper or as a tank commander? It's your call. Open-ended battlefields allow you to individualize your tactics and choose the order in which you complete your objectives. Multiplayer Mayhem: Go online for intense Axis vs. Allies team-based multiplayer action, building on the hugely popular Call of Duty multiplayer modes.",0,0,9133,True,True,False,86,https://www.metacritic.com/game/pc/call-of-duty-2?ftag=MCD-06-10aaa1f,https://support.activision.com/,,"English, French, German, Italian, Spanish - Spain",,Infinity Ward,Activision,"2, 1, 62","Single-player, Multi-player, Family Sharing",1,Action
2640,Call of Duty: United Offensive,https://shared.akamai.steamstatic.com/store_item_assets/steam/apps/2640/header.jpg?t=1780962034,http://www.callofduty.com/,2006-10-13,False,19.99,EUR,"Award-winning developer Gray Matter Interactive follows up on the success of Infinity Ward's Call of Duty™ - winner of over 80 Game of the Year and 50 Editors' Choice awards worldwide - with Call of Duty™: United Offensive™. Take the role of American, British, and Russian soldiers in some of the most climactic battles of World War II, including the Battle of the Bulge, the invasion of Sicily, and the Battle of Kursk. Fight in tanks, jeeps, motorcycles, even a bomber. Work with your squad through snow and rain, using new weapons including flamethrowers and deployable machine guns, or by calling in artillery strikes. 13 All-New Single Player missions spanning three campaigns. 11 exciting new Multiplayer maps and 3 new multiplayer modes including Domination, Capture the Flag, and Base Assault. © 2006 Activision Publishing, Inc. Activision and Call of Duty are registered trademarks of Activision Publishing, Inc. All rights reserved. All other trademarks and trade names are the properties of their respective owners.",Award-winning developer Gray Matter Interactive follows up on the success of Infinity Ward's Call of Duty™ - winner of over 80 Game of the Year and 50 Editors' Choice awards worldwide - with Call of Duty™: United Offensive™.,"Award-winning developer Gray Matter Interactive follows up on the success of Infinity Ward's Call of Duty™ - winner of over 80 Game of the Year and 50 Editors' Choice awards worldwide - with Call of Duty™: United Offensive™. Take the role of American, British, and Russian soldiers in some of the most climactic battles of World War II, including the Battle of the Bulge, the invasion of Sicily, and the Battle of Kursk. Fight in tanks, jeeps, motorcycles, even a bomber. Work with your squad through snow and rain, using new weapons including flamethrowers and deployable machine guns, or by calling in artillery strikes. 13 All-New Single Player missions spanning three campaigns. 11 exciting new Multiplayer maps and 3 new multiplayer modes including Domination, Capture the Flag, and Base Assault. © 2006 Activision Publishing, Inc. Activision and Call of Duty are registered trademarks of Activision Publishing, Inc. All rights reserved. All other trademarks and trade names are the properties of their respective owners.",0,0,2255,True,False,False,87,https://www.metacritic.com/game/pc/call-of-duty-united-offensive?ftag=MCD-06-10aaa1f,http://support.activision.com/,,"English, French, Italian",,Gray Matter Studios,Activision,"2, 1, 62","Single-player, Multi-player, Family Sharing",1,Action
2700,RollerCoaster Tycoon® 3: Platinum,https://shared.akamai.steamstatic.com/store_item_assets/steam/apps/2700/header.jpg?t=1733161073,https://www.frontier.co.uk/our-games/our-gameography/#rollercoastertycoon3,2008-03-12,False,0.0,,"Rollercoaster Tycoon 3 Platinum combines the excitement of rollercoasters with the fun of great strategy sim. RCT3 Platinum combines the roller coaster theme park fun of the Roller Coaster Tycoon 3 with included expansion packs Soaked! and Wild! Now enjoy more options than ever. Build your own water slide or create your own safari with real animals. Watch guest reactions to your ultimate theme park!Grab a front seat for the ride of your life with the jaw-dropping Coaster Cam.See every detail in stunning 3D with fully controllable park cameras.Cope with changing weather patterns and enjoy beautiful vistas, sunsets, moonlight, and more.Experience the latest extreme coasters and heart-pumping rides! Live Every spine tingling detail in stunning 3-D with fully controllable cameras.Spice up any backgrounds, rides, fireworks display and laser light shows with your own music.Create your own park guests and groups with the Peep Designer and experience their reactions to the rides you build! Soak them and watch their reactions! Send them on wild safari and let them pet the animals!Create savage encounters and thrilling safaris! Conquer 12 Wild! Scenarios and experience cool jungle and prehistoric design themes.Play through dozens of scenarios in three difficulty modes or build without limits in Sandbox mode.Create pyrotechnic wonders and laser light shows with the RollerCoaster Tycoon® 3 MixMaster.",Rollercoaster Tycoon 3 Platinum combines the excitement of rollercoasters with the fun of a great strategy simulation. RCT3 Platinum combines the roller coaster theme park fun of the Roller Coaster Tycoon 3 with included expansion packs Soaked! and Wild! Now enjoy more options than ever.,"Rollercoaster Tycoon 3 Platinum combines the excitement of rollercoasters with the fun of great strategy sim. RCT3 Platinum combines the roller coaster theme park fun of the Roller Coaster Tycoon 3 with included expansion packs Soaked! and Wild! Now enjoy more options than ever. Build your own water slide or create your own safari with real animals. Watch guest reactions to your ultimate theme park!Grab a front seat for the ride of your life with the jaw-dropping Coaster Cam.See every detail in stunning 3D with fully controllable park cameras.Cope with changing weather patterns and enjoy beautiful vistas, sunsets, moonlight, and more.Experience the latest extreme coasters and heart-pumping rides! Live Every spine tingling detail in stunning 3-D with fully controllable cameras.Spice up any backgrounds, rides, fireworks display and laser light shows with your own music.Create your own park guests and groups with the Peep Designer and experience their reactions to the rides you build! Soak them and watch their reactions! Send them on wild safari and let them pet the animals!Create savage encounters and thrilling safaris! Conquer 12 Wild! Scenarios and experience cool jungle and prehistoric design themes.Play through dozens of scenarios in three difficulty modes or build without limits in Sandbox mode.Create pyrotechnic wonders and laser light shows with the RollerCoaster Tycoon® 3 MixMaster.",0,0,4150,True,False,False,81,https://www.metacritic.com/game/pc/rollercoaster-tycoon-3?ftag=MCD-06-10aaa1f,,,"English, French, Italian, German, Spanish - Spain, Danish, Dutch, Finnish, Norwegian, Swedish",,"Frontier, Aspyr (Mac)","Frontier, Aspyr (Mac)","2, 62","Single-player, Family Sharing","28, 2","Simulation, Strategy"
2710,Act of War: Direct Action,https://shared.akamai.steamstatic.com/store_item_assets/steam/apps/2710/header.jpg?t=1727869627,,2008-03-12,False,2.99,EUR,"Tomorrow's War Is NOW Ripped from today's headlines, Act of War: Direct Action™ is a frightening tale of suspense, international intrigue and geopolitical military conflict. This real-time strategy experience puts you squarely in control of counterterrorist forces and delivers a first look at tomorrow's war. The Situation: A crippling energy crisis. Terrorist attacks. Massive strikes. Global instability. The Enemy: A shadowy Consortium of back-room conspirators determined to throw the world into utter chaos using widespread terror tactics. The Heroes: A new ""direct action"" operation known as Task Force TALON to counter massive military assaults, rescue hostages, conduct classified spy missions, take prisoners and stop an unpredictable enemy bent on toppling the world's governments. Command ultra-realistic modern military units Power-packed combination of high-end cinema, video effects and live action Intense multiplayer operations for up to eight players Real urban combat, including POW captures and landscape destruction Gripping storyline by NY Times bestselling author, Dale Brown","Tomorrow's War Is NOW Ripped from today's headlines, Act of War: Direct Action™ is a frightening tale of suspense, international intrigue and geopolitical military conflict. This real-time strategy experience puts you squarely in control of counterterrorist forces and delivers a first look at tomorrow's war.","Tomorrow's War Is NOW Ripped from today's headlines, Act of War: Direct Action™ is a frightening tale of suspense, international intrigue and geopolitical military conflict. This real-time strategy experience puts you squarely in control of counterterrorist forces and delivers a first look at tomorrow's war. The Situation: A crippling energy crisis. Terrorist attacks. Massive strikes. Global instability. The Enemy: A shadowy Consortium of back-room conspirators determined to throw the world into utter chaos using widespread terror tactics. The Heroes: A new ""direct action"" operation known as Task Force TALON to counter massive military assaults, rescue hostages, conduct classified spy missions, take prisoners and stop an unpredictable enemy bent on toppling the world's governments. Command ultra-realistic modern military units Power-packed combination of high-end cinema, video effects and live action Intense multiplayer operations for up to eight players Real urban combat, including POW captures and landscape destruction Gripping storyline by NY Times bestselling author, Dale Brown",0,0,569,True,False,False,82,https://www.metacritic.com/game/pc/act-of-war-direct-action?ftag=MCD-06-10aaa1f,,support@quanticlab.com,English,,Eugen Systems,THQ Nordic,"2, 1, 62","Single-player, Multi-player, Family Sharing",1,Action
2720,ThreadSpace: Hyperbol,https://shared.akamai.steamstatic.com/store_item_assets/steam/apps/2720/header.jpg?t=1635471605,http://www.Hyperbol.com,2007-07-12,False,4.99,EUR,"ThreadSpace: Hyperbol is an action-strategy game set in the distant future. Players battle each other on roads in space as they pilot massive ships capable of firing a wide variety of weapons. Create defenses, coordinate with your team, and launch an assault against your opponents to achieve victory! Countless strategies: Over 30 unique projectiles are at your disposal to attack the enemy, fortify your defenses, and assist your allies. Tactical team play: Coordinate with a team of players to defeat your opponents where every player can have unique strengths and weaknesses. Up to 16 players online. Customizable ships: Acquire ships to control and customize their design by selecting different parts and colors. Customize the way your ship behaves by installing new components that alter its attributes. Persistent universe: Play as a character you create that can gain levels and credits. Purchase new ships and components with the credits you earn to truly distinguish your character in the universe. Online ladder system: Compete against other players online and see who the best pilots are. Earn rewards for being on top. Awards: Demonstrate your skill by earning in-game awards like ""Bounty Hunter"" and ""Combat Mastery"". Voice communication: Talk to your team to plan your attacks and coordinate your abilities. Create custom maps: Make your own maps with the Map Editor to play them online and with your friends.","ThreadSpace: Hyperbol is an action-strategy game set in the distant future. Players battle each other on roads in space as they pilot massive ships capable of firing a wide variety of weapons. Create defenses, coordinate with your team, and launch an assault against your opponents to achieve victory!","ThreadSpace: Hyperbol is an action-strategy game set in the distant future. Players battle each other on roads in space as they pilot massive ships capable of firing a wide variety of weapons. Create defenses, coordinate with your team, and launch an assault against your opponents to achieve victory! Countless strategies: Over 30 unique projectiles are at your disposal to attack the enemy, fortify your defenses, and assist your allies. Tactical team play: Coordinate with a team of players to defeat your opponents where every player can have unique strengths and weaknesses. Up to 16 players online. Customizable ships: Acquire ships to control and customize their design by selecting different parts and colors. Customize the way your ship behaves by installing new components that alter its attributes. Persistent universe: Play as a character you create that can gain levels and credits. Purchase new ships and components with the credits you earn to truly distinguish your character in the universe. Online ladder system: Compete against other players online and see who the best pilots are. Earn rewards for being on top. Awards: Demonstrate your skill by earning in-game awards like ""Bounty Hunter"" and ""Combat Mastery"". Voice communication: Talk to your team to plan your attacks and coordinate your abilities. Create custom maps: Make your own maps with the Map Editor to play them online and with your friends.",0,0,0,True,False,False,,,http://www.hyperbol.com,,English,,Iocaine Studios,,"1, 49, 36, 47, 9, 38, 48, 17, 62","Multi-player, PvP, Online PvP, LAN PvP, Co-op, Online Co-op, LAN Co-op, Includes level editor, Family Sharing","1, 23, 2","Action, Indie, Strategy"
2800,X2: The Threat,https://shared.akamai.steamstatic.com/store_item_assets/steam/apps/2800/header.jpg?t=1762271718,http://www.egosoft.com/games/x2/info_en.php,2006-07-21,False,4.99,EUR,"X²: The Threat is of a new generation of space simulator games, you play the role of Julian Gardna who continues the story set by X: Beyond The Frontier. The updated graphics engine gives the universe a fresher feel with newly designed ships and stations adding to the complexity of the universe. Explore: You can explore over 130 beautifully designed sectors occupied by nebulas that affect your ships and stations, asteroids you can mine for materials you can later sell on for profit. New Ships: Explore in over 60 ships of varying sizes from scout class ships to the much larger carrier class battleships. New Upgrades: Upgrade your ships systems with many more upgrades, and download new upgrades that make use of the new scripting engine designed specially for X². New Weapons: Add new weapons to your ship including the Ion Disruptor and Mass Driver, but also build factories that will develop these weapons and sell them to make a profit, expanding your own empire among the universe. New Missions: Take part in missions offered to you on each stations bulletin board, make money by defending convoys and destroy incoming Xenon fleets intent on destroying everything in their path.But above all else, help to defend the universe from the Khaak, before they kill everyone and everything they come across.","X²: The Threat is of a new generation of space simulator games, you play the role of Julian Gardna who continues the story set by X: Beyond The Frontier. The updated graphics engine gives the universe a fresher feel with newly designed ships and stations adding to the complexity of the universe.","X²: The Threat is of a new generation of space simulator games, you play the role of Julian Gardna who continues the story set by X: Beyond The Frontier. The updated graphics engine gives the universe a fresher feel with newly designed ships and stations adding to the complexity of the universe. Explore: You can explore over 130 beautifully designed sectors occupied by nebulas that affect your ships and stations, asteroids you can mine for materials you can later sell on for profit. New Ships: Explore in over 60 ships of varying sizes from scout class ships to the much larger carrier class battleships. New Upgrades: Upgrade your ships systems with many more upgrades, and download new upgrades that make use of the new scripting engine designed specially for X². New Weapons: Add new weapons to your ship including the Ion Disruptor and Mass Driver, but also build factories that will develop these weapons and sell them to make a profit, expanding your own empire among the universe. New Missions: Take part in missions offered to you on each stations bulletin board, make money by defending convoys and destroy incoming Xenon fleets intent on destroying everything in their path.But above all else, help to defend the universe from the Khaak, before they kill everyone and everything they come across.",0,0,440,True,False,False,72,https://www.metacritic.com/game/pc/x2-the-threat?ftag=MCD-06-10aaa1f,http://www.egosoft.com/support/faq/index_en.php,support@egosoft.com,"English, French, German, Italian, Spanish - Spain, Czech, Polish, Russian","English, German, Spanish - Spain, Russian",Egosoft,Egosoft,"2, 13, 23, 62","Single-player, Captions available, Steam Cloud, Family Sharing",2,Strategy
2810,X3: Reunion,https://shared.akamai.steamstatic.com/store_item_assets/steam/apps/2810/header.jpg?t=1762272013,http://www.egosoft.com/games/x3/info_en.php,2006-07-21,False,9.99,EUR,"The Sequel to the award winning X²: The Threat introduces a new 3D engine as well as a new story, new ships and a new gameplay to greatly increase the variety in the X-universe. The economy of X³: Reunion is more complex than anything seen in the X-universe before. Factories are being built by NPCs, wars can affect the global economy, NPCs can trade freely and pirates behave far more realistically.The Technology: Extensive development has gone into the X³ engine, making full use of DirectX 9 technology, to create dramatic visual effects and stunningly realistic starships. Coupled with the massively enhanced A.L. (Artificial Life) system, X³: Reunion presents players with an ever changing, evolving universe; where a player's actions really can shape the future of the universe.The new X³ 2.0: Bala Gi Research Missions: The X³ 2.0: Bala Gi Research Missions offers a host of new features and missions, allowing the player to delve deeper than ever before into the X universe.Space just got a whole lot bigger with the addition of two new sectors and the introduction of the gargantuan Player HQ which allows many exciting new features including the ability to build your own ships and even give them customized space paint finishes. In addition to the new M7 battleship, there is an assortment of new weapons and onboard ship devices to use and explore.","X3: Reunion continues the epic space saga, blending deep space trading and intense real-time combat. Explore a vast universe, establish your empire, and shape the new frontier. With enhanced graphics and intricate economies, it's a journey of strategy, simulation, and interstellar intrigue.","The Sequel to the award winning X²: The Threat introduces a new 3D engine as well as a new story, new ships and a new gameplay to greatly increase the variety in the X-universe. The economy of X³: Reunion is more complex than anything seen in the X-universe before. Factories are being built by NPCs, wars can affect the global economy, NPCs can trade freely and pirates behave far more realistically.The Technology: Extensive development has gone into the X³ engine, making full use of DirectX 9 technology, to create dramatic visual effects and stunningly realistic starships. Coupled with the massively enhanced A.L. (Artificial Life) system, X³: Reunion presents players with an ever changing, evolving universe; where a player's actions really can shape the future of the universe.The new X³ 2.0: Bala Gi Research Missions: The X³ 2.0: Bala Gi Research Missions offers a host of new features and missions, allowing the player to delve deeper than ever before into the X universe.Space just got a whole lot bigger with the addition of two new sectors and the introduction of the gargantuan Player HQ which allows many exciting new features including the ability to build your own ships and even give them customized space paint finishes. In addition to the new M7 battleship, there is an assortment of new weapons and onboard ship devices to use and explore.",1,0,592,True,True,True,71,https://www.metacritic.com/game/pc/x3-reunion?ftag=MCD-06-10aaa1f,www.egosoft.com,support@egosoft.com,"English, French, German, Spanish - Spain, Italian, Russian, Simplified Chinese, Traditional Chinese, Czech, Polish","English, French, German, Spanish - Spain, Russian, Polish",Egosoft,Egosoft,"2, 13, 23, 62","Single-player, Captions available, Steam Cloud, Family Sharing",2,Strategy
2820,X3: Terran Conflict,https://shared.akamai.steamstatic.com/store_item_assets/steam/apps/2820/header.jpg?t=1762272051,http://www.egosoft.com/games/x3tc/info_en.php,2008-10-16,False,15.99,EUR,"It is the year 2938. The long wished-for encounter of the X Universe and the Earth holds both joy and sorrow for the people. Despite flourishing trade, the clash of the diverse races, cultures and life forms creates new tensions, mistrust and open conflict that need to be overcome! Experience the brilliant climax of the legendary X-Trilogy , and take your place in the history of the X Universe. Largest X Universe ever. New faction: the Terrans – inhabitants of the Earth. More jobs and non-linear missions than ever before. More than 100 new spaceships, new ship classes and weapon systems. Re-designed user interface for comfortable control by mouse, keyboard and joystick. New group management tool. Large battleships can be boarded by an outside team.","It is the year 2938. The long wished-for encounter of the X Universe and the Earth holds both joy and sorrow for the people. Despite flourishing trade, the clash of the diverse races, cultures and life forms creates new tensions, mistrust and open conflict that need to be overcome!","It is the year 2938. The long wished-for encounter of the X Universe and the Earth holds both joy and sorrow for the people. Despite flourishing trade, the clash of the diverse races, cultures and life forms creates new tensions, mistrust and open conflict that need to be overcome! Experience the brilliant climax of the legendary X-Trilogy , and take your place in the history of the X Universe. Largest X Universe ever. New faction: the Terrans – inhabitants of the Earth. More jobs and non-linear missions than ever before. More than 100 new spaceships, new ship classes and weapon systems. Re-designed user interface for comfortable control by mouse, keyboard and joystick. New group management tool. Large battleships can be boarded by an outside team.",5,33,2088,True,True,True,73,https://www.metacritic.com/game/pc/x3-terran-conflict?ftag=MCD-06-10aaa1f,,info@egosoft.com,"English, French, German, Italian, Russian, Polish, Simplified Chinese, Traditional Chinese, Czech, Spanish - Spain, Japanese","English, French, German, Russian, Japanese",Egosoft,Egosoft,"2, 22, 28, 13, 23, 62","Single-player, Steam Achievements, Full controller support, Captions available, Steam Cloud, Family Sharing","1, 28, 2","Action, Simulation, Strategy"
2840,X: Beyond the Frontier,https://shared.akamai.steamstatic.com/store_item_assets/steam/apps/2840/header.jpg?t=1762272682,http://www.egosoft.com/games/x/info_en.php,2010-10-08,False,4.99,EUR,"The Human Race had advanced to the point where we could travel among the stars, we developed giant automated machines to help us colonise other worlds, but there was a fault in their programming and they turned and attacked. Forcing us to lay a trap to protect Earth and exiling the Human race to stay on Earth once again. 500 Years later Kyle Brennan starts his journey by piloting an experimental ship equipped with a new piece of technology allowing it to cross vast distances on its own. However it malfunctions and traps him in a group of sectors inhabited by Aliens, hunted and with no way home, this is his story of survival... Beyond the Frontier... X: Beyond The Frontier is the first part in the X-Universe series of games developed by Egosoft. It tells the story of mankind's rise and fall in the universe, and the attempt by Kyle Brennan to help repopulate the stars using a new ship called the Experimental Shuttle, and how he became trapped in a closed group of sectors linked by a series of jumpgates, owing credits to an alien for helping to save him, and hunted by several people. Unknowingly, a group of secret service people are after him, a group who have tried to hide their races secret, that they are the descendants of a group of Humans who saved earth from the Terraformer fleet they created to help colonise the universe. Now with the Truth coming out, X: Beyond the Frontier allows the player to play as Kyle Brennan on his hunt to find a way home, whilst helping a group of people find the truth about their ancestry, and continue to help save earth from the Terraformers who are now known as the Xenon. Features Trade - Trade in over 50 sectors, with over 50 different goods, upgrade you ships with dozens of upgrades available to you by 5 different races. Fight - Find the location of the hostile pirates and survive against attacks by the Xenon. Build - Construct stations to build your own production empire. Think - Adapt your trading empire to suit the needs of each sectors local economy.","The Human Race had advanced to the point where we could travel among the stars, we developed giant automated machines to help us colonise other worlds, but there was a fault in their programming and they turned and attacked. Forcing us to lay a trap to protect Earth and exiling the Human race to stay on Earth once again.","The Human Race had advanced to the point where we could travel among the stars, we developed giant automated machines to help us colonise other worlds, but there was a fault in their programming and they turned and attacked. Forcing us to lay a trap to protect Earth and exiling the Human race to stay on Earth once again. 500 Years later Kyle Brennan starts his journey by piloting an experimental ship equipped with a new piece of technology allowing it to cross vast distances on its own. However it malfunctions and traps him in a group of sectors inhabited by Aliens, hunted and with no way home, this is his story of survival... Beyond the Frontier... X: Beyond The Frontier is the first part in the X-Universe series of games developed by Egosoft. It tells the story of mankind's rise and fall in the universe, and the attempt by Kyle Brennan to help repopulate the stars using a new ship called the Experimental Shuttle, and how he became trapped in a closed group of sectors linked by a series of jumpgates, owing credits to an alien for helping to save him, and hunted by several people. Unknowingly, a group of secret service people are after him, a group who have tried to hide their races secret, that they are the descendants of a group of Humans who saved earth from the Terraformer fleet they created to help colonise the universe. Now with the Truth coming out, X: Beyond the Frontier allows the player to play as Kyle Brennan on his hunt to find a way home, whilst helping a group of people find the truth about their ancestry, and continue to help save earth from the Terraformers who are now known as the Xenon. Features Trade - Trade in over 50 sectors, with over 50 different goods, upgrade you ships with dozens of upgrades available to you by 5 different races. Fight - Find the location of the hostile pirates and survive against attacks by the Xenon. Build - Construct stations to build your own production empire. Think - Adapt your trading empire to suit the needs of each sectors local economy.",0,0,294,True,False,False,67,https://www.metacritic.com/game/pc/x-beyond-the-frontier?ftag=MCD-06-10aaa1f,www.egosoft.com,support@egosoft.com,"English, German","English, German",Egosoft,Egosoft,"2, 23, 62","Single-player, Steam Cloud, Family Sharing","28, 2","Simulation, Strategy"
2850,X: Tension,https://shared.akamai.steamstatic.com/store_item_assets/steam/apps/2850/header.jpg?t=1762271546,http://www.egosoft.com/games/x_tension/info_en.php,2010-10-08,False,4.99,EUR,"X-Tension is the eagerly awaited expansion pack to X: Beyond the Frontier. The expansion is not limited by a linear plot line but makes use of new ways to expand your empire. You can now take part in missions that are offered to you throughout the game. Features More Ships - You are no longer limited to one ship, but can now buy and pilot all fighters and small transports in the game. As well as capturing new Pirate ships. Expanded Universe - The universe has also been expanded with over 40 new sectors to visit, trade and fight inside, allowing you to find new locations to build new stations and trade in new goods. The Version 2 Update - The release of the 2.0 upgrade expanded the game even further allowing you to pilot the larger TL class freighter. Continue your quest to explore the universe, trade in over 90 sectors, with over 50 goods, upgrade your ship with dozens of wares available to you by 5 unique alien races and protect yourself from the hostile Xenon.",X-Tension is the eagerly awaited expansion pack to X: Beyond the Frontier. The expansion is not limited by a linear plot line but makes use of new ways to expand your empire. You can now take part in missions that are offered to you throughout the game.,"X-Tension is the eagerly awaited expansion pack to X: Beyond the Frontier. The expansion is not limited by a linear plot line but makes use of new ways to expand your empire. You can now take part in missions that are offered to you throughout the game. Features More Ships - You are no longer limited to one ship, but can now buy and pilot all fighters and small transports in the game. As well as capturing new Pirate ships. Expanded Universe - The universe has also been expanded with over 40 new sectors to visit, trade and fight inside, allowing you to find new locations to build new stations and trade in new goods. The Version 2 Update - The release of the 2.0 upgrade expanded the game even further allowing you to pilot the larger TL class freighter. Continue your quest to explore the universe, trade in over 90 sectors, with over 50 goods, upgrade your ship with dozens of wares available to you by 5 unique alien races and protect yourself from the hostile Xenon.",0,0,104,True,False,False,,,www.egosoft.com,support@egosoft.com,"English, German","English, German",Egosoft,Egosoft,"2, 23, 62","Single-player, Steam Cloud, Family Sharing","28, 2","Simulation, Strategy"
2870,X Rebirth,https://shared.akamai.steamstatic.com/store_item_assets/steam/apps/2870/header.jpg?t=1762271301,http://www.egosoft.com/games/x_rebirth/info_en.php,2013-11-15,False,29.99,EUR,"In the distant future, the X universe faces a period of profound and irrevocable change. While the universe stumbles towards an uncertain future, countless adventures await as new enemies rise in search of power. Enter a young adventurer and his unlikely female ally traveling in an old, battered ship with a glorious past - two people alone against the galaxy, playing a key part in the events to come. The fate of the universe rests in the hands of the player...X Rebirth represents a spectacular new beginning for the X series, offering loyal fans and newcomers alike a vast, vivid and extremely detailed universe to explore throughout the game. Varied gameplay elements such as action-packed space combat, detailed trading mechanics and high-speed space exploration with fast travel allow players to experience a truly unique space saga that will keep them hooked for dozens of hours. X Rebirth features a whole new user experience - it is easier than ever to start with, and remains as deep as fans expect it.FEATURESTRADE! A fully simulated economy that means your actions really do matter. Travel the space highways to ﬁnd proﬁt in gigantic space cities, swarming with ships and drones.++ Every ship you see has a task. Stop a freighter from reaching its destination and its cargo will be stopped too, causing prices to rise. ++FIGHT! From small scale skirmishes to epic ﬂeet encounters, battles in the X Universe know no limits. Choose to ﬁght for the military, work for the police or be a lawless pirate, or if you prefer just ﬁght when you need to defend yourself - it's up to you.++ Take the action right into massive structures. Target turrets and shield generators to weaken your enemy, damage engines and jump drives to prevent their ships from escaping, or stop their factories producing to cripple their economy. ++BUILD! Create your own empire! From trading stations to large factories, farms to hightech military complexes, everything can belong to you. Build for trade and proﬁt or to strengthen your military presence and dominate your enemies.++ Extend and upgrade your stations to make them operate more efﬁciently, with every element visible in glorious animated detail. Harvest your own resources to keep your empire running smoothly. ++THINK! A rich, detailed history and a deep complex plot await you, but you are free to decide when and where to take part. Explore the universe at your own pace - choose your own path and create your own destiny.++ Get up-close and personal with aliens and humans alike. Land on stations, meet people, then accept missions from them or hire them as crew members for your ships. ++ TRADE, FIGHT, BUILD, THINK... in the X Universe - the biggest sandbox this side of the galaxy.","In the distant future, the X universe faces a period of profound and irrevocable change. While the universe stumbles towards an uncertain future, countless adventures await as new enemies rise in search of power.","In the distant future, the X universe faces a period of profound and irrevocable change. While the universe stumbles towards an uncertain future, countless adventures await as new enemies rise in search of power. Enter a young adventurer and his unlikely female ally traveling in an old, battered ship with a glorious past - two people alone against the galaxy, playing a key part in the events to come. The fate of the universe rests in the hands of the player...X Rebirth represents a spectacular new beginning for the X series, offering loyal fans and newcomers alike a vast, vivid and extremely detailed universe to explore throughout the game. Varied gameplay elements such as action-packed space combat, detailed trading mechanics and high-speed space exploration with fast travel allow players to experience a truly unique space saga that will keep them hooked for dozens of hours. X Rebirth features a whole new user experience - it is easier than ever to start with, and remains as deep as fans expect it.FEATURESTRADE! A fully simulated economy that means your actions really do matter. Travel the space highways to ﬁnd proﬁt in gigantic space cities, swarming with ships and drones.++ Every ship you see has a task. Stop a freighter from reaching its destination and its cargo will be stopped too, causing prices to rise. ++FIGHT! From small scale skirmishes to epic ﬂeet encounters, battles in the X Universe know no limits. Choose to ﬁght for the military, work for the police or be a lawless pirate, or if you prefer just ﬁght when you need to defend yourself - it's up to you.++ Take the action right into massive structures. Target turrets and shield generators to weaken your enemy, damage engines and jump drives to prevent their ships from escaping, or stop their factories producing to cripple their economy. ++BUILD! Create your own empire! From trading stations to large factories, farms to hightech military complexes, everything can belong to you. Build for trade and proﬁt or to strengthen your military presence and dominate your enemies.++ Extend and upgrade your stations to make them operate more efﬁciently, with every element visible in glorious animated detail. Harvest your own resources to keep your empire running smoothly. ++THINK! A rich, detailed history and a deep complex plot await you, but you are free to decide when and where to take part. Explore the universe at your own pace - choose your own path and create your own destiny.++ Get up-close and personal with aliens and humans alike. Land on stations, meet people, then accept missions from them or hire them as crew members for your ships. ++ TRADE, FIGHT, BUILD, THINK... in the X Universe - the biggest sandbox this side of the galaxy.",7,69,5156,True,True,True,33,https://www.metacritic.com/game/pc/x-rebirth?ftag=MCD-06-10aaa1f,http://www.egosoft.com/support/index_en.php,info@egosoft.com,"English, German, Italian, Russian, Simplified Chinese, Traditional Chinese, French, Korean","English, German, French, Korean",Egosoft,Egosoft,"2, 22, 28, 29, 13, 30, 23, 62","Single-player, Steam Achievements, Full controller support, Steam Trading Cards, Captions available, Steam Workshop, Steam Cloud, Family Sharing","1, 28","Action, Simulation"
2900,688(I) Hunter/Killer,https://shared.akamai.steamstatic.com/store_item_assets/steam/apps/2900/header.jpg?t=1759950629,,2006-10-26,False,4.9,EUR,"688(I) Hunter/Killer, the most realistic submarine simulation ever developed for PC. Master the sonar and weapons control systems, learn to develop real target situations and outfit your boat with the latest advanced weaponry. Then use your skills to complete the tour of duty and earn your dolphins to become a true submariner. A truly authentic simulation: Developed by Sonalysts, a defense contractor who designs submarine simulators for the US Navy Over 12 detailed operating stations: Control all aspects of submarine warfare, including the sonar suite, fire control, helm and target motion analysis Real-World Terrain: Ocean depth and water density for the entire globe are based on actual satellite topographical data Real-life situations: Conduct detailed training and single missions, plus a full campaign based on political analysis from real world situations Multiplayer Warfare: Seek and Destroy up to 8 players over the internet or LAN Full 3D Technology: Full 3D technology allows for multiple camera views and accurate 3D models of over 20 different naval weapons platforms Complete Control: Manage all of the resources of your submarine, including crewmen training and weapons load-outs","688(I) Hunter/Killer, the most realistic submarine simulation ever developed for PC. Master the sonar and weapons control systems, learn to develop real target situations and outfit your boat with the latest advanced weaponry. Then use your skills to complete the tour of duty and earn your dolphins to become a true submariner.","688(I) Hunter/Killer, the most realistic submarine simulation ever developed for PC. Master the sonar and weapons control systems, learn to develop real target situations and outfit your boat with the latest advanced weaponry. Then use your skills to complete the tour of duty and earn your dolphins to become a true submariner. A truly authentic simulation: Developed by Sonalysts, a defense contractor who designs submarine simulators for the US Navy Over 12 detailed operating stations: Control all aspects of submarine warfare, including the sonar suite, fire control, helm and target motion analysis Real-World Terrain: Ocean depth and water density for the entire globe are based on actual satellite topographical data Real-life situations: Conduct detailed training and single missions, plus a full campaign based on political analysis from real world situations Multiplayer Warfare: Seek and Destroy up to 8 players over the internet or LAN Full 3D Technology: Full 3D technology allows for multiple camera views and accurate 3D models of over 20 different naval weapons platforms Complete Control: Manage all of the resources of your submarine, including crewmen training and weapons load-outs",0,0,217,True,False,False,,,http://strategyfirst.com/products/support.html,,English,,Sonalysts,Strategy First,"2, 1, 62","Single-player, Multi-player, Family Sharing",2,Strategy
2910,Fleet Command,https://shared.akamai.steamstatic.com/store_item_assets/steam/apps/2910/header.jpg?t=1759951826,,2006-10-26,False,4.9,EUR,"International waterways become theaters of war when the world's most formidable maritime powers exchange their fatal blows. With entire fleets at your command, you must strategically deploy vessels from every class - frigate to aircraft to nuclear submarine - to maintain the precarious balance of naval power and gain position for the deadly endgame. Campaigns and mission scenarios straight from current headlines Exclusive real-time strategy with cuttingedge, real-world weapons Intuitive point and click game play No need to memorize symbols or complex commands Player designed task forces Complete 3D environment rotates and zooms for intense combat action Effects modeled in stunning detail- time of day, clouds, rain, differing sea states, ship's wake and pyrotechnics","International waterways become theaters of war when the world's most formidable maritime powers exchange their fatal blows. With entire fleets at your command, you must strategically deploy vessels from every class - frigate to aircraft to nuclear submarine - to maintain the precarious balance of naval power and gain position for the...","International waterways become theaters of war when the world's most formidable maritime powers exchange their fatal blows. With entire fleets at your command, you must strategically deploy vessels from every class - frigate to aircraft to nuclear submarine - to maintain the precarious balance of naval power and gain position for the deadly endgame. Campaigns and mission scenarios straight from current headlines Exclusive real-time strategy with cuttingedge, real-world weapons Intuitive point and click game play No need to memorize symbols or complex commands Player designed task forces Complete 3D environment rotates and zooms for intense combat action Effects modeled in stunning detail- time of day, clouds, rain, differing sea states, ship's wake and pyrotechnics",0,0,459,True,False,False,,,http://strategyfirst.com/products/support.html,,English,,Sonalysts,Strategy First,"2, 62","Single-player, Family Sharing",2,Strategy
2920,Sub Command,https://shared.akamai.steamstatic.com/store_item_assets/steam/apps/2920/header.jpg?t=1759953566,,2006-10-26,False,4.9,EUR,"Take charge of the most deadly modern-day submarines in the world - three distinct submarines across two unique and challenging campaigns. Utilize cutting-edge sensor and weapon technology to locate, track and destroy the enemy - even deliver Tomahawk missiles to inland targets. Whether transiting, diving, or surfacing you control the smartest, stealthiest and most feared subs on the water today! Three submarines to command - Seawolf, 688(I) and Akula. Each contains authentic naval systems including Sonar, Radar and Target Motion Analysis. Test your skills while firing Tomahawk missiles, rescuing crippled subs, rising through the polar ice cap to communicate information and much more. Easy to use game interface - With straightforward controls and automated crewmen, controlling a submarine has never been easier. Enhanced sound and 3D graphics engine - 3D Objects (over 250), from Russian trawlers to France's Mirage fighters - plus exacting sound modes pull you in like never before. You won't just hear the torpedos, you will feel them.","Take charge of the most deadly modern-day submarines in the world - three distinct submarines across two unique and challenging campaigns. Utilize cutting-edge sensor and weapon technology to locate, track and destroy the enemy - even deliver Tomahawk missiles to inland targets.","Take charge of the most deadly modern-day submarines in the world - three distinct submarines across two unique and challenging campaigns. Utilize cutting-edge sensor and weapon technology to locate, track and destroy the enemy - even deliver Tomahawk missiles to inland targets. Whether transiting, diving, or surfacing you control the smartest, stealthiest and most feared subs on the water today! Three submarines to command - Seawolf, 688(I) and Akula. Each contains authentic naval systems including Sonar, Radar and Target Motion Analysis. Test your skills while firing Tomahawk missiles, rescuing crippled subs, rising through the polar ice cap to communicate information and much more. Easy to use game interface - With straightforward controls and automated crewmen, controlling a submarine has never been easier. Enhanced sound and 3D graphics engine - 3D Objects (over 250), from Russian trawlers to France's Mirage fighters - plus exacting sound modes pull you in like never before. You won't just hear the torpedos, you will feel them.",0,0,136,True,False,False,84,https://www.metacritic.com/game/pc/sub-command?ftag=MCD-06-10aaa1f,,,English,,Sonalysts,Strategy First,"2, 1, 9, 17, 62","Single-player, Multi-player, Co-op, Includes level editor, Family Sharing",2,Strategy
2990,FlatOut 2,https://shared.akamai.steamstatic.com/store_item_assets/steam/apps/2990/header.jpg?t=1765237363,,2006-12-21,False,9.99,EUR,"Experience the drive of your life as you throw yourself around on and off the track causing fences to shatter, tire walls explode, water tanks and barrels fly across the track into other cars. And if anyone, including you, gets caught up in a big smash sit back and watch as the driver gets catapulted through the windscreen in spectacular effect. With over 5,000 destructible objects on each track and 40 deformable pieces on every car sparks are guaranteed to fly increasing the mayhem with every lap!Featuring an enhanced version of the original's lauded physics engine and even faster driving track designs, FlatOut 2 also boasts a plethora of improvements, enhancements and additions to make this the definitive FlatOut experience. Twice as many vehicles, a more sophisticated career mode, additional race environments, double the number of tracks; twice as many mini-games along with many multiplayer modes (via LAN only) are just some of the exhaustive features that are included in FlatOut 2. 45 vehicles to wreck, 12 rag-doll mini games, 57 track combinations, and thousands and thousands of destructible objects. Enjoy the mayhem while listening to a slamming soundtrack from artists including Rob Zombie, Papa Roach, Fall Out Boy, Nickelback, Wolfmother and more! Race hard and collide with up to 7 of your friends online in the souped up car of your dreams.","Experience the drive of your life as you throw yourself around on and off the track causing fences to shatter, tyre walls explode, water tanks and barrels fly across the track into other cars.","Experience the drive of your life as you throw yourself around on and off the track causing fences to shatter, tire walls explode, water tanks and barrels fly across the track into other cars. And if anyone, including you, gets caught up in a big smash sit back and watch as the driver gets catapulted through the windscreen in spectacular effect. With over 5,000 destructible objects on each track and 40 deformable pieces on every car sparks are guaranteed to fly increasing the mayhem with every lap!Featuring an enhanced version of the original's lauded physics engine and even faster driving track designs, FlatOut 2 also boasts a plethora of improvements, enhancements and additions to make this the definitive FlatOut experience. Twice as many vehicles, a more sophisticated career mode, additional race environments, double the number of tracks; twice as many mini-games along with many multiplayer modes (via LAN only) are just some of the exhaustive features that are included in FlatOut 2. 45 vehicles to wreck, 12 rag-doll mini games, 57 track combinations, and thousands and thousands of destructible objects. Enjoy the mayhem while listening to a slamming soundtrack from artists including Rob Zombie, Papa Roach, Fall Out Boy, Nickelback, Wolfmother and more! Race hard and collide with up to 7 of your friends online in the souped up car of your dreams.",0,37,19403,True,False,False,76,https://www.metacritic.com/game/pc/flatout-2?ftag=MCD-06-10aaa1f,http://www.strategyfirst.com/contact-us/,support@strategyfirst.com,"English, French, German, Italian, Spanish - Spain, Czech, Hungarian, Polish, Russian, Simplified Chinese, Traditional Chinese","English, Traditional Chinese","Bugbear Entertainment, ZOOM Platform Media, Jordan Freeman Group",Strategy First,"2, 1, 49, 36, 47, 22, 28, 29, 51, 30, 55, 57, 23, 62","Single-player, Multi-player, PvP, Online PvP, LAN PvP, Steam Achievements, Full controller support, Steam Trading Cards, Steam Workshop, Steam Workshop, DualShock Controller Support, DualSense Controller Support, Steam Cloud, Family Sharing",9,Racing
3010,Xpand Rally,https://shared.akamai.steamstatic.com/store_item_assets/steam/apps/3010/header.jpg?t=1729249898,http://www.xpandrally.com,2006-08-24,False,4.99,EUR,"Please note as of October 2024, the online features for this game will no longer be supported.Xpand Rally is a breathtaking game that gives you the true to life experience of driving powerful rally cars amidst photorealistic sceneries. Realistic weather effects, rolling hills, and animated scenery all add to game's visual perfection. Xpand Rally also features highly detailed models of modern rally cars and handling physics developed with the help of rally sport professionals which further enhance the realism of driving experience.Xpand Rally combines the best elements of Rally and Rally Cross racing in one unique gaming experience.The game offers a career mode based on time trials during both individual races and World Championship Series which will satisfy traditional Rally fans. The Rally Cross fans won't be disappointed either - they can challenge several opponents in head to head racing during competitions based on real and fictitious race events.Xpand Rally, as the only title on the market, brings the economy factor into a rally game. The player starts with a junk car and competes in races to earn money and acquire upgrades, repair damage, tweak performance and pay the race entry fees.Along with the tuning-up, the car's condition affects its handling. Due to accurate damage system, it is highly dependent on the player's driving skills. The physical handling model is also influenced by car parts configuration and provides both authentic feel and joy of driving.The interactive race track surroundings with enhanced game physics and the innovative approach to changing daytime and weather conditions, both influencing the car handling, are other hallmarks of Xpand Rally that distinguish it from other racing games.For the first time among rally games Xpand Rally includes a complete set of easy-to-use editing tools enabling to create new tracks, cars or even game mods.","Please note as of October 2024, the online features for this game will no longer be supported.Xpand Rally is a breathtaking game that gives you the true to life experience of driving powerful rally cars amidst photorealistic sceneries. Realistic weather effects, rolling hills, and animated scenery all add to game's visual perfection.","Please note as of October 2024, the online features for this game will no longer be supported.Xpand Rally is a breathtaking game that gives you the true to life experience of driving powerful rally cars amidst photorealistic sceneries. Realistic weather effects, rolling hills, and animated scenery all add to game's visual perfection. Xpand Rally also features highly detailed models of modern rally cars and handling physics developed with the help of rally sport professionals which further enhance the realism of driving experience.Xpand Rally combines the best elements of Rally and Rally Cross racing in one unique gaming experience.The game offers a career mode based on time trials during both individual races and World Championship Series which will satisfy traditional Rally fans. The Rally Cross fans won't be disappointed either - they can challenge several opponents in head to head racing during competitions based on real and fictitious race events.Xpand Rally, as the only title on the market, brings the economy factor into a rally game. The player starts with a junk car and competes in races to earn money and acquire upgrades, repair damage, tweak performance and pay the race entry fees.Along with the tuning-up, the car's condition affects its handling. Due to accurate damage system, it is highly dependent on the player's driving skills. The physical handling model is also influenced by car parts configuration and provides both authentic feel and joy of driving.The interactive race track surroundings with enhanced game physics and the innovative approach to changing daytime and weather conditions, both influencing the car handling, are other hallmarks of Xpand Rally that distinguish it from other racing games.For the first time among rally games Xpand Rally includes a complete set of easy-to-use editing tools enabling to create new tracks, cars or even game mods.",0,0,542,True,False,False,82,https://www.metacritic.com/game/pc/xpand-rally?ftag=MCD-06-10aaa1f,,,English,,Techland,Techland,"2, 1, 62","Single-player, Multi-player, Family Sharing",9,Racing
3020,Call of Juarez,https://shared.akamai.steamstatic.com/store_item_assets/steam/apps/3020/header.jpg?t=1729249870,https://techland.net,2007-11-08,False,9.99,EUR,"Please note as of October 2024, the online features for this game will no longer be supported.Call of Juarez is an epic adventure western themed FPS game. The player alternately assumes the roles of two distinct, antagonistic characters: a sneaking fugitive Billy and his hunter the reverend Ray. Apart from the highly interesting, emotional and psychological aspect of the link between the two characters, the player will experience a variety of gameplay with many differences whilst playing a particular character. The game features fast paced revolver duels using historically accurate firearms, horseback riding, mounted combat and stealth actions in memorable locations set after Western movies. Emergent gameplay based on accurate simulation of not only rigid bodies and rag-dolls but also liquids, gases, fire and smoke makes the gameplay innovative and non-linear.Very serious approach to the Wild West theme and detailed reconstruction of the character and visuals of that timesThe use of physics and innovative simulation of fire, liquids, dust, smokes and gases to construct emergent gameplayState of the art graphics making use of the top technology graphics cards features on todays cardsPlaying 2 distinct characters with different abilities and different gameplayHorseback riding and saddle shooting, gunfighter duelsUsing the whip to fight, move objects and move the player's character Legendary weapons form the Gold Fever era and full akimbo mode for the hands on approachExhilarating storyline with full of twists and turns in this exciting Western Genre.","Call of Juarez is an epic adventure western themed FPS game. The player alternately assumes the roles of two distinct, antagonistic characters: a sneaking fugitive Billy and his hunter the reverend Ray.","Please note as of October 2024, the online features for this game will no longer be supported.Call of Juarez is an epic adventure western themed FPS game. The player alternately assumes the roles of two distinct, antagonistic characters: a sneaking fugitive Billy and his hunter the reverend Ray. Apart from the highly interesting, emotional and psychological aspect of the link between the two characters, the player will experience a variety of gameplay with many differences whilst playing a particular character. The game features fast paced revolver duels using historically accurate firearms, horseback riding, mounted combat and stealth actions in memorable locations set after Western movies. Emergent gameplay based on accurate simulation of not only rigid bodies and rag-dolls but also liquids, gases, fire and smoke makes the gameplay innovative and non-linear.Very serious approach to the Wild West theme and detailed reconstruction of the character and visuals of that timesThe use of physics and innovative simulation of fire, liquids, dust, smokes and gases to construct emergent gameplayState of the art graphics making use of the top technology graphics cards features on todays cardsPlaying 2 distinct characters with different abilities and different gameplayHorseback riding and saddle shooting, gunfighter duelsUsing the whip to fight, move objects and move the player's character Legendary weapons form the Gold Fever era and full akimbo mode for the hands on approachExhilarating storyline with full of twists and turns in this exciting Western Genre.",0,0,3711,True,False,False,72,https://www.metacritic.com/game/pc/call-of-juarez?ftag=MCD-06-10aaa1f,http://support.techland.pl,,"English, French, German, Spanish - Spain, Russian",,Techland,Techland Publishing,"2, 1, 29, 62","Single-player, Multi-player, Steam Trading Cards, Family Sharing",1,Action
3050,Xpand Rally Xtreme,https://shared.akamai.steamstatic.com/store_item_assets/steam/apps/3050/header.jpg?t=1729249907,,2008-10-08,False,4.99,EUR,"Xpand Rally Xtreme shows the true climate and conditions of rally racing. Dangerous, technical tracks, based on the world's hardest special stages full of moguls,jumps,grooves and tight hairpins. By winning races amass funds for faster cars and repairs. The player also has the ability to mechanically tune their cars by increasing parameters such as turbocharger efficiency,fitting sports breaks and suspension kits and more. Features: Extreme driving in the toughest possible conditions: Innumerable moguls, bumps, ditches, potholes, grooves and jumps-the ultimate test of the driver's skills and his car's suspension. Learn to respect a real rally car: Extreme realism of driving a rally car, thanks to the highly-detailed driving physics simulation. Go head-to-head with AI opponents in two exciting new racing modes:Off-Road Series featuring 4x4 xtreme cars and Touring Challenge with 1000BHP GT and DTM supercars Optical and mechanical car tuning and individual parts preference settings. Single race, online play and championship modes","Xpand Rally Xtreme shows the true climate and conditions of rally racing. Dangerous, technical tracks, based on the world's hardest special stages full of moguls,jumps,grooves and tight hairpins. By winning races amass funds for faster cars and repairs.","Xpand Rally Xtreme shows the true climate and conditions of rally racing. Dangerous, technical tracks, based on the world's hardest special stages full of moguls,jumps,grooves and tight hairpins. By winning races amass funds for faster cars and repairs. The player also has the ability to mechanically tune their cars by increasing parameters such as turbocharger efficiency,fitting sports breaks and suspension kits and more. Features: Extreme driving in the toughest possible conditions: Innumerable moguls, bumps, ditches, potholes, grooves and jumps-the ultimate test of the driver's skills and his car's suspension. Learn to respect a real rally car: Extreme realism of driving a rally car, thanks to the highly-detailed driving physics simulation. Go head-to-head with AI opponents in two exciting new racing modes:Off-Road Series featuring 4x4 xtreme cars and Touring Challenge with 1000BHP GT and DTM supercars Optical and mechanical car tuning and individual parts preference settings. Single race, online play and championship modes",0,0,377,True,False,False,,,,,English,,Techland,Techland,"2, 1, 62","Single-player, Multi-player, Family Sharing",9,Racing
3130,Men of War: Red Tide,https://shared.akamai.steamstatic.com/store_item_assets/steam/apps/3130/7aeddc19b81225d2cd22fda69a9f97bc378d2ce1/header.jpg?t=1773656494,http://www.menofwargame.com,2009-11-01,False,4.99,EUR,"Experience the war where land meets sea.Men of War: Red Tide combines the tactical depth of real-time strategy with the raw intensity of direct third-person combat. Developed in collaboration with a writer and concept author Alexander Zorich, this standalone expansion tells the story of the Black Coats – Soviet Naval Infantry, an elite force renowned for their ruthless precision during the Black Sea campaigns of World War II.Lead your troops through 23 missions that recreate the fiercest battles along the Eastern Front – from Odessa and Sevastopol to Nikolaev and Constanta. Coordinate amphibious assaults, capture enemy fortifications, and command armored trains, naval fleets, and aircraft as the chaos of war unfolds around you.Men of War: Red Tide delivers an authentic atmosphere, challenging missions, and the perfect blend of large-scale tactics and personal control. Its campaign offers both variety and historical depth, creating a mix of sweeping operations and tense, close-quarters heroism that defines the Men of War experience.Key Features:Extensive single-player story-driven campaign – over 20 handcrafted missions covering six major historical operations between 1941 and 1945.Four playable factions – command Soviet, German, Romanian, and Italian forces across diverse battlefields.Over 100 authentic military units – including tanks, artillery, self-propelled guns, armored cars, warships, and aircraft.Direct-control system – take command of any soldier or vehicle at any time, switching seamlessly between strategic view and on-the-ground combat.Naval and air support – deploy cruisers, destroyers, torpedo boats, bombers, and hydroplanes to change the course of battle.Cinematic battlefield immersion – dynamic weather, destructible environments, and realistic damage modeling bring every encounter to life.","Red Tide blends deep RTS tactics with the raw intensity of third-person combat. Created in collaboration with author Alexander Zorich, this standalone expansion tells the story of the Black Coats – Soviet Naval Infantry famed for their ruthless precision in the Black Sea campaigns.","Men of War II Available NowAbout the GameExperience the war where land meets sea.Men of War: Red Tide combines the tactical depth of real-time strategy with the raw intensity of direct third-person combat. Developed in collaboration with a writer and concept author Alexander Zorich, this standalone expansion tells the story of the Black Coats – Soviet Naval Infantry, an elite force renowned for their ruthless precision during the Black Sea campaigns of World War II.Lead your troops through 23 missions that recreate the fiercest battles along the Eastern Front – from Odessa and Sevastopol to Nikolaev and Constanta. Coordinate amphibious assaults, capture enemy fortifications, and command armored trains, naval fleets, and aircraft as the chaos of war unfolds around you.Men of War: Red Tide delivers an authentic atmosphere, challenging missions, and the perfect blend of large-scale tactics and personal control. Its campaign offers both variety and historical depth, creating a mix of sweeping operations and tense, close-quarters heroism that defines the Men of War experience.Key Features:Extensive single-player story-driven campaign – over 20 handcrafted missions covering six major historical operations between 1941 and 1945.Four playable factions – command Soviet, German, Romanian, and Italian forces across diverse battlefields.Over 100 authentic military units – including tanks, artillery, self-propelled guns, armored cars, warships, and aircraft.Direct-control system – take command of any soldier or vehicle at any time, switching seamlessly between strategic view and on-the-ground combat.Naval and air support – deploy cruisers, destroyers, torpedo boats, bombers, and hydroplanes to change the course of battle.Cinematic battlefield immersion – dynamic weather, destructible environments, and realistic damage modeling bring every encounter to life.",0,0,762,True,False,False,77,https://www.metacritic.com/game/pc/men-of-war-red-tide?ftag=MCD-06-10aaa1f,http://www.fulqrumpublishing.com/support,support@fulqrumpublishing.com,"English, Russian, German, French","English, Russian, French",Fulqrum Publishing,Fulqrum Publishing,"2, 1, 49, 47, 9, 48, 29, 23, 62","Single-player, Multi-player, PvP, LAN PvP, Co-op, LAN Co-op, Steam Trading Cards, Steam Cloud, Family Sharing",2,Strategy
3170,King's Bounty: Armored Princess,https://shared.akamai.steamstatic.com/store_item_assets/steam/apps/3170/62f947b3451b3f5dfb0fd5410408a4fee5036dff/header.jpg?t=1786626361,http://www.kingsbountygame.com/,2009-11-19,False,9.99,EUR,"King’s Bounty: Armored Princess builds on the foundation of The Legend, expanding the classic formula with deeper turn-based tactics, a huge hand-crafted world, and new mechanics that change how you approach battles and progression.As Princess Amelie, you travel across the lands of Teana in search of the legendary knight Bill Gilbert. Each new region raises the stakes with tougher battles, stronger enemies, and greater rewards, forcing you to explore further, build stronger armies, and constantly adapt your strategy.The world of Teana is filled with new dangers and challenges. You will face powerful monstrous bosses, deadly creatures, and an entirely new enemy race — the bloodthirsty Lizards. As the threats grow, so do your options. Princess Amelie gains new skills and abilities, including the power of flight, opening up new ways to explore the world and approach encounters.Princess Amelie is not alone on her journey. She is accompanied by a pet dragon that grows and evolves alongside her — starting as a small and amusing companion and gradually becoming a devastating ally. Over time, the dragon unlocks powerful abilities, from treasure hunting and direct attacks to battle rage and even summoning volcanic eruptions on the battlefield.Armored Princess further expands the strategic layer with companions, new unit combinations, and more flexible army building. Combined with three hero classes — Warrior, Paladin, or Mage — this creates a wide range of viable playstyles and strong replay value.With its larger scope, new threats, and expanded mechanics, King’s Bounty: Armored Princess offers a deeper and more demanding experience that rewards curiosity, planning, and tactical thinking over dozens of hours.Real-time exploration meets deep turn-based tactical battlesExplore the world in real time, then switch to carefully paced, turn-based combat where positioning, morale, unit abilities, and preparation decide the outcome..A huge hand-crafted world with dozens of locations and battlefieldsTravel across towns, wild landscapes, remote islands, and dangerous dungeons, fighting battles both on the surface and deep underground.New enemies, powerful bosses, and a new raceFace huge monstrous bosses, deadly creatures, and an entirely new enemy faction — the bloodthirsty Lizards — each bringing new tactical challenges.Princess Amelie — New protagonist with new abilitiesUnlock new skills and characteristics that change how you explore the world and approach encounters, including the ability to fly and reach otherwise inaccessible areas.A pet dragon that grows into a devastating allyStart with a small, amusing companion and watch it evolve into a powerful force, unlocking abilities such as treasure hunting, direct attacks, battle rage, and even summoning volcanic eruptions.Expanded strategic systems and army buildingRecruit companions, experiment with new unit combinations, and build armies around morale bonuses, abilities, and tactical synergies.Three hero classes with different playstylesChoose between Warrior, Paladin, or Mage, each offering distinct strengths and approaches to combat and progression.A dynamic world that raises the stakes as you progressStronger enemies, greater risks, and better rewards push you to adapt your strategy and plan every step carefully.","King’s Bounty: Armored Princess builds on the foundation of The Legend, expanding the classic formula with deeper turn-based tactics, a huge hand-crafted world, and new mechanics that change how you approach battles and progression.","King’s Bounty: Armored Princess builds on the foundation of The Legend, expanding the classic formula with deeper turn-based tactics, a huge hand-crafted world, and new mechanics that change how you approach battles and progression.As Princess Amelie, you travel across the lands of Teana in search of the legendary knight Bill Gilbert. Each new region raises the stakes with tougher battles, stronger enemies, and greater rewards, forcing you to explore further, build stronger armies, and constantly adapt your strategy.The world of Teana is filled with new dangers and challenges. You will face powerful monstrous bosses, deadly creatures, and an entirely new enemy race — the bloodthirsty Lizards. As the threats grow, so do your options. Princess Amelie gains new skills and abilities, including the power of flight, opening up new ways to explore the world and approach encounters.Princess Amelie is not alone on her journey. She is accompanied by a pet dragon that grows and evolves alongside her — starting as a small and amusing companion and gradually becoming a devastating ally. Over time, the dragon unlocks powerful abilities, from treasure hunting and direct attacks to battle rage and even summoning volcanic eruptions on the battlefield.Armored Princess further expands the strategic layer with companions, new unit combinations, and more flexible army building. Combined with three hero classes — Warrior, Paladin, or Mage — this creates a wide range of viable playstyles and strong replay value.With its larger scope, new threats, and expanded mechanics, King’s Bounty: Armored Princess offers a deeper and more demanding experience that rewards curiosity, planning, and tactical thinking over dozens of hours.Real-time exploration meets deep turn-based tactical battlesExplore the world in real time, then switch to carefully paced, turn-based combat where positioning, morale, unit abilities, and preparation decide the outcome..A huge hand-crafted world with dozens of locations and battlefieldsTravel across towns, wild landscapes, remote islands, and dangerous dungeons, fighting battles both on the surface and deep underground.New enemies, powerful bosses, and a new raceFace huge monstrous bosses, deadly creatures, and an entirely new enemy faction — the bloodthirsty Lizards — each bringing new tactical challenges.Princess Amelie — New protagonist with new abilitiesUnlock new skills and characteristics that change how you explore the world and approach encounters, including the ability to fly and reach otherwise inaccessible areas.A pet dragon that grows into a devastating allyStart with a small, amusing companion and watch it evolve into a powerful force, unlocking abilities such as treasure hunting, direct attacks, battle rage, and even summoning volcanic eruptions.Expanded strategic systems and army buildingRecruit companions, experiment with new unit combinations, and build armies around morale bonuses, abilities, and tactical synergies.Three hero classes with different playstylesChoose between Warrior, Paladin, or Mage, each offering distinct strengths and approaches to combat and progression.A dynamic world that raises the stakes as you progressStronger enemies, greater risks, and better rewards push you to adapt your strategy and plan every step carefully.",0,74,1138,True,True,False,82,https://www.metacritic.com/game/pc/kings-bounty-armored-princess?ftag=MCD-06-10aaa1f,,support@fulqrumpublishing.com,"English, Russian, French, German, Spanish - Spain, Italian, Japanese, Simplified Chinese",,Katauri Interactive,Fulqrum Publishing,"2, 22, 30, 23, 62","Single-player, Steam Achievements, Steam Workshop, Steam Cloud, Family Sharing","3, 2","RPG, Strategy"
3230,Genesis Rising,https://shared.akamai.steamstatic.com/store_item_assets/steam/apps/3230/header.jpg?t=1727863478,http://www.GenesisRisingGame.com,2007-08-06,False,4.99,EUR,"Three thousand years in the future, mankind has carved a bloody path towards domination of the known universe. Self-proclaimed as a divine race and beyond reproach as a species, they view all alien races as inferior. With fleets of organic starships genetically engineered for war, humanity sets out to conquer the last remaining independent galaxy - The Universal Heart. As Captain Iconah, you are commissioned to uncover the location and purpose of the Heart. Take command of a living fleet, altering your starship's DNA in real-time as you grant them new and powerful abilities. The Universal Crusade has just begun! Unique space real-time strategy gameplay that immerses you in an epic crusade with a rich back story. Non linear single player campaign comprised of over 30 branching missions. Scalable RTS gameplay: Resource gathering, technology upgrades and combat are scalable for even the most novice RTS players. Co-op mode allows two players to work together and control one fleet! Customize all 20+ gene based organic ships with over 50 different weapons and abilities, giving you thousands of possible combinations to choose from when constructing a fleet. Ship models morph in real time as genes are inserted, reflecting the choices that you make! Make alliances with the many other non-player character alien races to secure their support and technology--or purge their resources! Expand your genetic capabilities by invading enemy vessels, stealing unsuspecting technologies, and maximizing your gene bank's diversity. Gamespy Multiplayer featuring 12-player support and many multiplayer maps on which to flex your dominance!","Three thousand years in the future, mankind has carved a bloody path towards domination of the known universe. Self-proclaimed as a divine race and beyond reproach as a species, they view all alien races as inferior.","Three thousand years in the future, mankind has carved a bloody path towards domination of the known universe. Self-proclaimed as a divine race and beyond reproach as a species, they view all alien races as inferior. With fleets of organic starships genetically engineered for war, humanity sets out to conquer the last remaining independent galaxy - The Universal Heart. As Captain Iconah, you are commissioned to uncover the location and purpose of the Heart. Take command of a living fleet, altering your starship's DNA in real-time as you grant them new and powerful abilities. The Universal Crusade has just begun! Unique space real-time strategy gameplay that immerses you in an epic crusade with a rich back story. Non linear single player campaign comprised of over 30 branching missions. Scalable RTS gameplay: Resource gathering, technology upgrades and combat are scalable for even the most novice RTS players. Co-op mode allows two players to work together and control one fleet! Customize all 20+ gene based organic ships with over 50 different weapons and abilities, giving you thousands of possible combinations to choose from when constructing a fleet. Ship models morph in real time as genes are inserted, reflecting the choices that you make! Make alliances with the many other non-player character alien races to secure their support and technology--or purge their resources! Expand your genetic capabilities by invading enemy vessels, stealing unsuspecting technologies, and maximizing your gene bank's diversity. Gamespy Multiplayer featuring 12-player support and many multiplayer maps on which to flex your dominance!",0,0,132,True,False,False,57,https://www.metacritic.com/game/pc/genesis-rising-the-universal-crusade?ftag=MCD-06-10aaa1f,,,English,,Metamorf,THQ Nordic,"2, 1, 62","Single-player, Multi-player, Family Sharing",2,Strategy
3260,Safecracker: The Ultimate Puzzle Adventure,https://shared.akamai.steamstatic.com/store_item_assets/steam/apps/3260/header.jpg?t=1786442445,,2007-08-29,False,4.99,EUR,"As an expert safecracker, you are hired by the wealthy family of a recently deceased to search his mansion for his last will and testament. Duncan W. Adams was an avid safe collector and an 'eccentric,' to say the least. Adams has hidden the deed to his vast fortunes in one of 35 safes. You must crack them all using hints scattered throughout his extravagant mansion. The stakes are high. Use your expertise, wits, and puzzle solving skills to earn your paycheck! A challenging puzzle adventure game with 35 unique safes to crack. Many creative, clever, and truly unique puzzles. Decipher unexpected clues inside each safe that will help you open the others, ultimately leading you to the master safe. Multiple difficulty levels to challenge all types of puzzle enthusiasts. Explore a magnificent mansion with 30 lavish, intriguing, and precisely-detailed rooms.","Duncan W. Adams was an avid safe collector and an 'eccentric,' to say the least. Adams has hidden the deed to his vast fortunes in one of 35 safes. You must crack them all using hints scattered throughout his extravagant mansion.","As an expert safecracker, you are hired by the wealthy family of a recently deceased to search his mansion for his last will and testament. Duncan W. Adams was an avid safe collector and an 'eccentric,' to say the least. Adams has hidden the deed to his vast fortunes in one of 35 safes. You must crack them all using hints scattered throughout his extravagant mansion. The stakes are high. Use your expertise, wits, and puzzle solving skills to earn your paycheck! A challenging puzzle adventure game with 35 unique safes to crack. Many creative, clever, and truly unique puzzles. Decipher unexpected clues inside each safe that will help you open the others, ultimately leading you to the master safe. Multiple difficulty levels to challenge all types of puzzle enthusiasts. Explore a magnificent mansion with 30 lavish, intriguing, and precisely-detailed rooms.",0,0,441,True,False,False,69,https://www.metacritic.com/game/pc/safecracker-the-ultimate-puzzle-adventure?ftag=MCD-06-10aaa1f,https://thqnordicmobile.com/contact/,support@thqnordicmobile.com,"English, German, Italian, Spanish - Spain",,Kheops Studio,"HandyGames, THQ Nordic Mobile","2, 62","Single-player, Family Sharing","25, 4","Adventure, Casual"
3270,Painkiller Overdose,https://shared.akamai.steamstatic.com/store_item_assets/steam/apps/3270/header.jpg?t=1640259811,http://www.painkilleroverdose.com,2007-10-30,False,4.99,EUR,"The critically-acclaimed and award-winning FPS franchise is back! Packed with tons of fast-paced, adrenaline-fueled single player and multiplayer action, Painkiller Overdose brings with it 6 innovative new demonic weapons, mind-bending physics, lightning-player maps, over 40 demented and sickly-twisted monsters from Hell and gigantic end bosses that will blow your mind! A prequel to the eventual sequel that bridges the storyline and ties up wandering ends. Overdose introduces a new character and storyline that examines the repercussions of Daniel defeating Lucifer in the original Painkiller! 16 NEW levels of fast-paced pain-killing action! Six NEW demonic weapons grant the powers of a demi-god to souls awaiting damnation everywhere! Crafted and designed completely by Mindware Studios; long-time advocates and fans of the game. A reshuffled Tarot deck infuses Belial with new powers and devastating combinations. Over 40 demented and sickly-twisted monsters from Hell. New End Bosses of colossal statures standing guard over Hell's crumbling domain and the entrances to the other realms! A revitalized commitment to multiplayer introduces a series of stats tracking features and game server options intended to revamp the multiplayer experience. Multiplayer compatibility with original Painkiller multiplayer maps and game modes!","The critically-acclaimed and award-winning FPS franchise is back! Packed with tons of fast-paced, adrenaline-fueled single player and multiplayer action, Painkiller Overdose brings with it 6 innovative new demonic weapons, mind-bending physics, lightning-player maps, over 40 demented and sickly-twisted monsters from Hell and gigantic end...","The critically-acclaimed and award-winning FPS franchise is back! Packed with tons of fast-paced, adrenaline-fueled single player and multiplayer action, Painkiller Overdose brings with it 6 innovative new demonic weapons, mind-bending physics, lightning-player maps, over 40 demented and sickly-twisted monsters from Hell and gigantic end bosses that will blow your mind! A prequel to the eventual sequel that bridges the storyline and ties up wandering ends. Overdose introduces a new character and storyline that examines the repercussions of Daniel defeating Lucifer in the original Painkiller! 16 NEW levels of fast-paced pain-killing action! Six NEW demonic weapons grant the powers of a demi-god to souls awaiting damnation everywhere! Crafted and designed completely by Mindware Studios; long-time advocates and fans of the game. A reshuffled Tarot deck infuses Belial with new powers and devastating combinations. Over 40 demented and sickly-twisted monsters from Hell. New End Bosses of colossal statures standing guard over Hell's crumbling domain and the entrances to the other realms! A revitalized commitment to multiplayer introduces a series of stats tracking features and game server options intended to revamp the multiplayer experience. Multiplayer compatibility with original Painkiller multiplayer maps and game modes!",0,0,947,True,False,False,65,https://www.metacritic.com/game/pc/painkiller-overdose?ftag=MCD-06-10aaa1f,https://helpcenter.kochmedia.com,,"English, German",,Mindware Studios,Prime Matter,"2, 1, 62","Single-player, Multi-player, Family Sharing",1,Action
3300,Bejeweled 2 Deluxe,https://shared.akamai.steamstatic.com/store_item_assets/steam/apps/3300/header.jpg?t=1722544274,,2006-08-30,False,4.99,EUR,"Bejeweled 2 features four unique ways to play. Solve handcrafted brain teasers in puzzle mode while up against the clock or kick back, relax and enjoy endless mode. With awe-inspiring planetary backdrops, explosive new gems and dazzling special effects, Bejeweled 2 is more wildly addictive than ever before.","With awe-inspiring planetary backdrops, explosive new gems and dazzling special effects, Bejeweled 2 is more wildly addictive than ever before.","Bejeweled 2 features four unique ways to play. Solve handcrafted brain teasers in puzzle mode while up against the clock or kick back, relax and enjoy endless mode. With awe-inspiring planetary backdrops, explosive new gems and dazzling special effects, Bejeweled 2 is more wildly addictive than ever before.",0,0,713,True,True,False,,,,,"English, French, German, Italian, Spanish - Spain",,"PopCap Games, Inc.","PopCap Games, Inc., Electronic Arts","2, 41, 42, 62","Single-player, Remote Play on Phone, Remote Play on Tablet, Family Sharing",4,Casual
3310,Chuzzle Deluxe,https://shared.akamai.steamstatic.com/store_item_assets/steam/apps/3310/header.jpg?t=1729270121,,2006-08-30,False,4.99,EUR,"Drag the rows of fuzzy Chuzzles up and down, left and right, to match colors, and they'll pop and return to their test-tube home. Choose from four play modes and two difficulty levels.","Drag the rows of fuzzy Chuzzles up and down, left and right, to match colors, and they'll pop and return to their test-tube home. Choose from four play modes and two difficulty levels.","Drag the rows of fuzzy Chuzzles up and down, left and right, to match colors, and they'll pop and return to their test-tube home. Choose from four play modes and two difficulty levels.",0,0,1461,True,True,False,,,,,"English, French, German, Italian, Spanish - Spain",,"PopCap Games, Inc.","PopCap Games, Inc., Electronic Arts","2, 62","Single-player, Family Sharing",4,Casual
3320,Insaniquarium Deluxe,https://shared.akamai.steamstatic.com/store_item_assets/steam/apps/3320/header.jpg?t=1615205929,,2006-08-30,False,4.99,EUR,"Insaniquarium Deluxe is the craziest aquarium game ever - tend to your fish and keep them happy and they'll reward you with precious coins and jewels. Use the money you earn to buy upgrades for your tank or egg parts which hatch lots of different in-tank pets with special powers. These pets can help you feed your fish, collect coins, or even protect against the aliens that will invade your tank and wreak havoc.","The craziest aquarium game ever! Tend to your fish, keep them happy and they'll reward you with coins and jewels. Buy tank upgrades or egg parts which hatch different in-tank pets. These pets can help you feed your fish, collect coins, or even protect against the aliens that will invade your tank.","Insaniquarium Deluxe is the craziest aquarium game ever - tend to your fish and keep them happy and they'll reward you with precious coins and jewels. Use the money you earn to buy upgrades for your tank or egg parts which hatch lots of different in-tank pets with special powers. These pets can help you feed your fish, collect coins, or even protect against the aliens that will invade your tank and wreak havoc.",0,0,6381,True,False,False,,,,,English,,"PopCap Games, Inc.","PopCap Games, Inc., Electronic Arts","2, 62","Single-player, Family Sharing",4,Casual
3330,Zuma Deluxe,https://shared.akamai.steamstatic.com/store_item_assets/steam/apps/3330/header.jpg?t=1627918693,,2006-08-30,False,4.99,EUR,"Survive the ancient temples of Zuma, the critically acclaimed action-puzzler from PopCap! Deep in the jungle lie hidden temples bursting with traps and trickery, and it's up to you to uncover their treasures. Fire magical balls from your stone frog idol to make matches of three or more and clear the deadly chain before it reaches the golden skull. Explore all the temples — if you're good, you’ll rack up huge combos and special bonuses that'll help you on your way. But think fast and aim smart, or you'll be history in this action-packed puzzle challenge! Key Features 3D accelerated graphics and effects. Stunning sounds and tribal tunes. Explore the Adventure mode and test your skills in Gauntlet mode. Over 20 temples to explore!","Deep in the jungle lie hidden temples bursting with traps and trickery, and it's up to you to uncover their treasures. Fire magical balls from your stone frog idol to make matches of three or more and clear the deadly chain before it reaches the golden skull.","Survive the ancient temples of Zuma, the critically acclaimed action-puzzler from PopCap! Deep in the jungle lie hidden temples bursting with traps and trickery, and it's up to you to uncover their treasures. Fire magical balls from your stone frog idol to make matches of three or more and clear the deadly chain before it reaches the golden skull. Explore all the temples — if you're good, you’ll rack up huge combos and special bonuses that'll help you on your way. But think fast and aim smart, or you'll be history in this action-packed puzzle challenge! Key Features 3D accelerated graphics and effects. Stunning sounds and tribal tunes. Explore the Adventure mode and test your skills in Gauntlet mode. Over 20 temples to explore!",0,0,6457,True,True,False,,,,,"English, French, German, Italian, Spanish - Spain",,"PopCap Games, Inc.","PopCap Games, Inc., Electronic Arts","2, 62","Single-player, Family Sharing",4,Casual
3340,AstroPop Deluxe,https://shared.akamai.steamstatic.com/store_item_assets/steam/apps/3340/header.jpg?t=1776958556,,2006-08-30,False,4.99,EUR,"In a world where most puzzle games are the same, head into outer space to find something new and exciting! Before the descending bricks crush your dreams (and your space ship), use your powerful magnet to move and match same-colored bricks.","In a world where most puzzle games are the same, head into outer space to find something new and exciting! Before the descending bricks crush your dreams (and your space ship), use your powerful magnet to move and match same-colored bricks.","In a world where most puzzle games are the same, head into outer space to find something new and exciting! Before the descending bricks crush your dreams (and your space ship), use your powerful magnet to move and match same-colored bricks.",0,0,132,True,False,False,,,,,English,,"PopCap Games, Inc.",Electronic Arts,"2, 62","Single-player, Family Sharing",4,Casual
3350,Bejeweled Deluxe,https://shared.akamai.steamstatic.com/store_item_assets/steam/apps/3350/header.jpg?t=1628006310,,2006-08-30,False,4.99,EUR,"In the game, you must swap two adjacent gems to line up three or more of the same jewel type horizontally or vertically to eliminate them. Keep playing until there are no moves left or you've conquered the board. Bejeweled's gameplay can be fun for both kids and adults.","In the game, you must swap two adjacent gems to line up three or more of the same jewel type horizontally or vertically to eliminate them. Keep playing until there are no moves left or you've conquered the board. Bejeweled's gameplay can be fun for both kids and adults.","In the game, you must swap two adjacent gems to line up three or more of the same jewel type horizontally or vertically to eliminate them. Keep playing until there are no moves left or you've conquered the board. Bejeweled's gameplay can be fun for both kids and adults.",0,0,319,True,False,False,,,,,English,,"PopCap Games, Inc.","PopCap Games, Inc., Electronic Arts","2, 41, 42, 62","Single-player, Remote Play on Phone, Remote Play on Tablet, Family Sharing",4,Casual
3360,Big Money! Deluxe,https://shared.akamai.steamstatic.com/store_item_assets/steam/apps/3360/header.jpg?t=1776959856,,2006-08-30,False,4.99,EUR,"Here's your chance to strike it rich! Grab as much loot as you can before your pile of coins reaches the top of the window. If you move fast enough to fill the money meter, you'll score a moneybag. Collect enough bags, and you'll join the ranks of the rich and famous.","Here's your chance to strike it rich! Grab as much loot as you can before your pile of coins reaches the top of the window. If you move fast enough to fill the money meter, you'll score a moneybag. Collect enough bags, and you'll join the ranks of the rich and famous.","Here's your chance to strike it rich! Grab as much loot as you can before your pile of coins reaches the top of the window. If you move fast enough to fill the money meter, you'll score a moneybag. Collect enough bags, and you'll join the ranks of the rich and famous.",0,0,255,True,False,False,,,,,English,,"PopCap Games, Inc.",Electronic Arts,"2, 62","Single-player, Family Sharing",4,Casual
3380,Dynomite Deluxe,https://shared.akamai.steamstatic.com/store_item_assets/steam/apps/3380/header.jpg?t=1776959941,,2006-08-30,False,4.99,EUR,It's prehistoric egg-blasting fun! Use your slingshot to match three or more dino eggs of the same color... and watch them explode! Can you blast all the eggs before Mama Brontosaurus tramples your game?,It's prehistoric egg-blasting fun! Use your slingshot to match three or more dino eggs of the same color... and watch them explode! Can you blast all the eggs before Mama Brontosaurus tramples your game?,It's prehistoric egg-blasting fun! Use your slingshot to match three or more dino eggs of the same color... and watch them explode! Can you blast all the eggs before Mama Brontosaurus tramples your game?,0,0,395,True,False,False,,,,,English,,"PopCap Games, Inc.",Electronic Arts,"2, 62","Single-player, Family Sharing",4,Casual
3390,Feeding Frenzy 2 Deluxe,https://shared.akamai.steamstatic.com/store_item_assets/steam/apps/3390/header.jpg?t=1615206261,https://www.ea.com/games/feeding-frenzy/feeding-frenzy-2,2006-08-30,False,4.99,EUR,"The feeding frenzy begins again! Swim and swerve through underwater worlds, chow down on smaller fish, and chomp your way to ocean supremacy. But watch out: boatloads of pesky predators are looking to make lunch out of you.","The feeding frenzy begins again! Swim and swerve through underwater worlds, chow down on smaller fish, and chomp your way to ocean supremacy. But watch out: boatloads of pesky predators are looking to make lunch out of you.","The feeding frenzy begins again! Swim and swerve through underwater worlds, chow down on smaller fish, and chomp your way to ocean supremacy. But watch out: boatloads of pesky predators are looking to make lunch out of you.",0,0,2483,True,False,False,,,,,English,,"PopCap Games, Inc.","PopCap Games, Inc., Electronic Arts","2, 62","Single-player, Family Sharing",4,Casual
3400,Hammer Heads Deluxe,https://shared.akamai.steamstatic.com/store_item_assets/steam/apps/3400/header.jpg?t=1584807568,,2006-08-30,False,0.0,,"Pesky yard gnomes are invading your lawn! The only way to stop them is with a swift hammer blow to the head. Bash gnomes as quickly as you can while keeping an eye out for special gnomes, prizes and power-ups! Earn gold coins and shop the shiny store for upgrades.","Pesky yard gnomes are invading your lawn! The only way to stop them is with a swift hammer blow to the head. Bash gnomes as quickly as you can while keeping an eye out for special gnomes, prizes and power-ups! Earn gold coins and shop the shiny store for upgrades.","Pesky yard gnomes are invading your lawn! The only way to stop them is with a swift hammer blow to the head. Bash gnomes as quickly as you can while keeping an eye out for special gnomes, prizes and power-ups! Earn gold coins and shop the shiny store for upgrades.",0,0,0,True,False,False,,,,,English,,"PopCap Games, Inc.","PopCap Games, Inc.","2, 62","Single-player, Family Sharing",4,Casual
3410,Heavy Weapon Deluxe,https://shared.akamai.steamstatic.com/store_item_assets/steam/apps/3410/header.jpg?t=1737677403,,2006-08-30,False,4.99,EUR,"It's shoot-'em-up arcade action at its best! Use an incredible assortment of heavy artillery to blast away enemy tanks and planes, and fight your way to victory. What are you waiting for? Pull yourself up by your bootstraps and get into the action! Blast your way through 19 missions packed with peril. Two action-packed game modes: Mission and Survival. Enhanced sound effects and an original soundtrack!","It's shoot-'em-up arcade action at its best! Use an incredible assortment of heavy artillery to blast away enemy tanks and planes, and fight your way to victory. What are you waiting for? Pull yourself up by your bootstraps and get into the action!","It's shoot-'em-up arcade action at its best! Use an incredible assortment of heavy artillery to blast away enemy tanks and planes, and fight your way to victory. What are you waiting for? Pull yourself up by your bootstraps and get into the action! Blast your way through 19 missions packed with peril. Two action-packed game modes: Mission and Survival. Enhanced sound effects and an original soundtrack!",0,0,425,True,False,False,,,,,English,,"PopCap Games, Inc.","PopCap Games, Inc.","2, 62","Single-player, Family Sharing",4,Casual
3420,Iggle Pop Deluxe,https://shared.akamai.steamstatic.com/store_item_assets/steam/apps/3420/header.jpg?t=1776961169,,2006-08-30,False,4.99,EUR,Journey to the Land of Fuzz to collect colorful Iggles and deliver them to their color-coded destinations. But look out for the nasty Zoogs - they're dying to get their grubby hands on those adorable Iggles.,Journey to the Land of Fuzz to collect colorful Iggles and deliver them to their color-coded destinations. But look out for the nasty Zoogs - they're dying to get their grubby hands on those adorable Iggles.,Journey to the Land of Fuzz to collect colorful Iggles and deliver them to their color-coded destinations. But look out for the nasty Zoogs - they're dying to get their grubby hands on those adorable Iggles.,0,0,102,True,False,False,,,,,English,,"PopCap Games, Inc.",Electronic Arts,"2, 62","Single-player, Family Sharing",4,Casual
3430,Pizza Frenzy Deluxe,https://shared.akamai.steamstatic.com/store_item_assets/steam/apps/3430/header.jpg?t=1776961593,,2006-08-30,False,4.99,EUR,"Pizza Frenzy is a wacky action puzzler that puts you in charge of your own pizza delivery empire! Reflexes and quick thinking are required to juggle all the orders. This fast-paced game will keep your mouse clicking with rewarding action and pattern matching. Take advantage of your bird's eye view of the city to keep a lookout for hungry customers. Match incoming orders with your pizza kitchens to deliver your pies fresh and on time. Work fast to avoid missing orders! If you miss too many, your customer satisfaction will plummet. If it gets too low, Game Over!",Pizza Frenzy is a wacky action puzzler that puts you in charge of your own pizza delivery empire! Reflexes and quick thinking are required to juggle all the orders. This fast-paced game will keep your mouse clicking with rewarding action and pattern matching.,"Pizza Frenzy is a wacky action puzzler that puts you in charge of your own pizza delivery empire! Reflexes and quick thinking are required to juggle all the orders. This fast-paced game will keep your mouse clicking with rewarding action and pattern matching. Take advantage of your bird's eye view of the city to keep a lookout for hungry customers. Match incoming orders with your pizza kitchens to deliver your pies fresh and on time. Work fast to avoid missing orders! If you miss too many, your customer satisfaction will plummet. If it gets too low, Game Over!",0,0,249,True,False,False,,,,,English,,"PopCap Games, Inc.",Electronic Arts,"2, 62","Single-player, Family Sharing",4,Casual
3450,Typer Shark! Deluxe,https://shared.akamai.steamstatic.com/store_item_assets/steam/apps/3450/header.jpg?t=1584807149,,2006-08-30,False,4.99,EUR,"Sink your teeth into an action-packed educational adventure. Hungry sharks and piranhas are on the hunt for food as you SCUBA dive into the deep blue unknown. But if you can type words fast enough, they'll be zapped before they can turn you into lunch.","Sink your teeth into an action-packed educational adventure. Hungry sharks and piranhas are on the hunt for food as you SCUBA dive into the deep blue unknown. But if you can type words fast enough, they'll be zapped before they can turn you into lunch.","Sink your teeth into an action-packed educational adventure. Hungry sharks and piranhas are on the hunt for food as you SCUBA dive into the deep blue unknown. But if you can type words fast enough, they'll be zapped before they can turn you into lunch.",0,0,437,True,False,False,,,,,English,,"PopCap Games, Inc.","PopCap Games, Inc.","2, 62","Single-player, Family Sharing",4,Casual
3460,Talismania Deluxe,https://shared.akamai.steamstatic.com/store_item_assets/steam/apps/3460/header.jpg?t=1776961670,,2006-08-30,False,4.99,EUR,"King Midas accidentally turned his own daughter into gold! And the only hope he has to change her back is to use his special powers to perform acts of goodness instead of greed. That's where you come in. Help Midas connect magical talismans to release gold coins and help the poor. If you help enough people, the god Zeus will change Midas' daughter back to her old self.","King Midas accidentally turned his own daughter into gold! Use his special powers to perform acts of goodness instead of greed. Help Midas connect magical talismans to release gold coins and help the poor. If you help enough people, Zeus will change Midas' daughter back to her old self.","King Midas accidentally turned his own daughter into gold! And the only hope he has to change her back is to use his special powers to perform acts of goodness instead of greed. That's where you come in. Help Midas connect magical talismans to release gold coins and help the poor. If you help enough people, the god Zeus will change Midas' daughter back to her old self.",0,0,0,True,False,False,,,,,English,,"PopCap Games, Inc.",Electronic Arts,"2, 62","Single-player, Family Sharing",4,Casual
3480,Peggle Deluxe,https://shared.akamai.steamstatic.com/store_item_assets/steam/apps/3480/header.jpg?t=1777394376,https://www.ea.com/games/peggle/peggle,2007-03-06,False,4.99,EUR,"Take your best shot with energizing arcade fun! Aim, shoot, clear the orange pegs, then sit back and cheer as 10 whimsical teachers guide you to Peggle greatness. Conquer 55 fanciful levels with 10 mystical Magic Powers, racking up bonus points and shots you'll smile about for weeks. Face off against your friends in Duel Mode, or tackle 75 extra-tricky challenges. It's luck and skill and joyous thrills, and amidst all this fevered action only one question remains: Can you become a Peggle Master? Wield 10 miraculous Magic Powers! Master 55 levels of bouncy delight! Conquer 75 Master challenges! Play friends or the computer in Duel Mode! Revel in breathtaking artwork and music! Replay and save your best shots!","Take your best shot with energizing arcade fun! Aim, shoot, clear the orange pegs, then sit back and cheer as 10 whimsical teachers guide you to Peggle greatness.","Take your best shot with energizing arcade fun! Aim, shoot, clear the orange pegs, then sit back and cheer as 10 whimsical teachers guide you to Peggle greatness. Conquer 55 fanciful levels with 10 mystical Magic Powers, racking up bonus points and shots you'll smile about for weeks. Face off against your friends in Duel Mode, or tackle 75 extra-tricky challenges. It's luck and skill and joyous thrills, and amidst all this fevered action only one question remains: Can you become a Peggle Master? Wield 10 miraculous Magic Powers! Master 55 levels of bouncy delight! Conquer 75 Master challenges! Play friends or the computer in Duel Mode! Revel in breathtaking artwork and music! Replay and save your best shots!",0,0,12550,True,True,False,,,,,"English, French, Italian, German, Spanish - Spain",,"PopCap Games, Inc.","PopCap Games, Inc., Electronic Arts","2, 41, 42, 62","Single-player, Remote Play on Phone, Remote Play on Tablet, Family Sharing",4,Casual
3483,Peggle Extreme,https://shared.akamai.steamstatic.com/store_item_assets/steam/apps/3483/header.jpg?t=1702414944,,2007-09-11,True,0.0,,"Mayday! The Peggle Institute has been invaded by a host of other-worldly creatures. It's up to you, Peggle Master, to report to duty and shoot and bounce the critters to oblivion. Take your best shot with energizing arcade fun, now exclusively themed with art and sounds from The Orange Box! Peggle Extreme delivers fast-paced puzzle action that combines elements of pinball and pachinko to create a truly unique game experience. As with the original Peggle, Peggle Extreme requires players to fire a metallic silver ball from the top of the screen, relying on gravity to propel the ball downwards while ricocheting off orange and blue ""pegs"". The goal is to clear all the orange pegs from the screen before running out of balls. A moving ""bucket"" at the bottom of the screen offers free balls, while green power-up and purple ""bonus multiplier"" pegs provide additional twists. Peggle Extreme features one power-up in the form of Bjorn the Unicorn, whose special takes the form of a ""super-guide"" sighting capability which enables players to see where there next shot will go beyond one or two initial bounces. Master 10 levels of ""Extreme"" challenges Conquer 5 Master challenges Play against a friend or the computer in Duel Mode Revel in breathtaking artwork and sounds from Half-Life: Episode 2, Portal, and Team Fortress 2 Replay and save your best shots","Peggle Extreme delivers fast-paced puzzle action that combines elements of pinball and pachinko to create a truly unique game experience. Take your best shot with energizing arcade fun, now exclusively themed with art and sounds from Half-Life: Episode 2, Portal, and Team Fortress 2.","Mayday! The Peggle Institute has been invaded by a host of other-worldly creatures. It's up to you, Peggle Master, to report to duty and shoot and bounce the critters to oblivion. Take your best shot with energizing arcade fun, now exclusively themed with art and sounds from The Orange Box! Peggle Extreme delivers fast-paced puzzle action that combines elements of pinball and pachinko to create a truly unique game experience. As with the original Peggle, Peggle Extreme requires players to fire a metallic silver ball from the top of the screen, relying on gravity to propel the ball downwards while ricocheting off orange and blue ""pegs"". The goal is to clear all the orange pegs from the screen before running out of balls. A moving ""bucket"" at the bottom of the screen offers free balls, while green power-up and purple ""bonus multiplier"" pegs provide additional twists. Peggle Extreme features one power-up in the form of Bjorn the Unicorn, whose special takes the form of a ""super-guide"" sighting capability which enables players to see where there next shot will go beyond one or two initial bounces. Master 10 levels of ""Extreme"" challenges Conquer 5 Master challenges Play against a friend or the computer in Duel Mode Revel in breathtaking artwork and sounds from Half-Life: Episode 2, Portal, and Team Fortress 2 Replay and save your best shots",0,0,0,True,False,False,,,,,English,,"PopCap Games, Inc.",Electronic Arts,"2, 41, 42, 62","Single-player, Remote Play on Phone, Remote Play on Tablet, Family Sharing","4, 37","Casual, Free To Play"
3490,Venice Deluxe,https://shared.akamai.steamstatic.com/store_item_assets/steam/apps/3490/header.jpg?t=1614183181,,2007-06-25,False,0.0,,"Venice is sinking and only you can save it! From the floating fortress of your golden gondola, you'll restore the city by returning its lost treasures. Sling costly coins, launch lovely lyres and ricochet ruby rings into the corresponding spaces overhead. Use your arsenal of special shots to create cascading combos and earn bonus points along the way. But beware  shelves, chutes, swirlies and other traps will make things tricky, so you'll need power-ups like Wild Shot and Wings to help you sail through the levels. So grab your gondola and get ready  with a majestic soundtrack, gloriously ornate artwork and four enduring game modes, Venice is a classic test of wits, will and skill!Dive into 4 game modes: Journey, Flood, Survival and Trick ShotsSave 72 buildings over 8 neighborhoodsWield astonishing power-ups like Wild Shot and WingsOvercome obstacles like tricky chutes, sinister swirlies and moreRevel in ornate art, mellifluous music and spectacular effectsEarn bonus points and power-ups with terrific tumbles and cascading combosSave your high scores for pride and posterity!","Venice is sinking and only you can save it! From the floating fortress of your golden gondola, you'll restore the city by returning its lost treasures. Sling costly coins, launch lovely lyres and ricochet ruby rings into the corresponding spaces overhead.","Venice is sinking and only you can save it! From the floating fortress of your golden gondola, you'll restore the city by returning its lost treasures. Sling costly coins, launch lovely lyres and ricochet ruby rings into the corresponding spaces overhead. Use your arsenal of special shots to create cascading combos and earn bonus points along the way. But beware  shelves, chutes, swirlies and other traps will make things tricky, so you'll need power-ups like Wild Shot and Wings to help you sail through the levels. So grab your gondola and get ready  with a majestic soundtrack, gloriously ornate artwork and four enduring game modes, Venice is a classic test of wits, will and skill!Dive into 4 game modes: Journey, Flood, Survival and Trick ShotsSave 72 buildings over 8 neighborhoodsWield astonishing power-ups like Wild Shot and WingsOvercome obstacles like tricky chutes, sinister swirlies and moreRevel in ornate art, mellifluous music and spectacular effectsEarn bonus points and power-ups with terrific tumbles and cascading combosSave your high scores for pride and posterity!",0,0,0,True,False,False,,,,,English,,"Retro64, Inc.","PopCap Games, Inc.","2, 62","Single-player, Family Sharing",4,Casual
3500,Mystery P.I.™ - The Lottery Ticket,https://shared.akamai.steamstatic.com/store_item_assets/steam/apps/3500/header.jpg?t=1776961352,,2007-10-16,False,4.99,EUR,"You are the world-famous Mystery P.I. and you've been hired by Grandma Rose to find her $488 million dollar winning lottery ticket that has gone missing! Retrace Grandma's steps to collect clues by finding hidden objects and solving puzzles. Search the city for the clues and piece them together to solve the case. Grandma Rose has agreed to pay you $20 million if you find the ticket before the deadline. Hurry, you only have 12 hours to find the ticket! Investigate 20 unique locations to find over 2100 cleverly hidden objects! As your investigation skills improve your P.I. rank increases -- strive for a ""Perfect Investigation"" to get big bonus points! Two fun ways to play: In Find the Ticket mode you must locate the missing ticket before the deadline. Unlock Unlimited Seek & Find game mode to search for all the hidden objects with no time limits -- every scene, every item! Collect all 20 KEYS while finding the Ticket to unlock a fun bonus location hidden in the city.",You are the world-famous Mystery P.I. and you've been hired by Grandma Rose to find her $488 million dollar winning lottery ticket that has gone missing! Retrace Grandma's steps to collect clues by finding hidden objects and solving puzzles. Search the city for the clues and piece them together to solve the case.,"You are the world-famous Mystery P.I. and you've been hired by Grandma Rose to find her $488 million dollar winning lottery ticket that has gone missing! Retrace Grandma's steps to collect clues by finding hidden objects and solving puzzles. Search the city for the clues and piece them together to solve the case. Grandma Rose has agreed to pay you $20 million if you find the ticket before the deadline. Hurry, you only have 12 hours to find the ticket! Investigate 20 unique locations to find over 2100 cleverly hidden objects! As your investigation skills improve your P.I. rank increases -- strive for a ""Perfect Investigation"" to get big bonus points! Two fun ways to play: In Find the Ticket mode you must locate the missing ticket before the deadline. Unlock Unlimited Seek & Find game mode to search for all the hidden objects with no time limits -- every scene, every item! Collect all 20 KEYS while finding the Ticket to unlock a fun bonus location hidden in the city.",0,0,0,True,False,False,,,,,English,,SpinTop Games,Electronic Arts,"2, 62","Single-player, Family Sharing",4,Casual
