appid,name,header_image,website,release_date,is_free,price,currency,about_the_game,short_description,detailed_description,dlc_count,achievements,recommendations,windows,mac,linux,metacritic_score,metacritic_url,support_url,support_email,interface_languages,audio_languages,developers,publishers,category_ids,category_descriptions,genre_ids,genre_descriptions
10,Counter-Strike,https://shared.akamai.steamstatic.com/store_item_assets/steam/apps/10/header.jpg?t=1745368572,,2000-11-01,False,8.19,EUR,Play the world's number 1 online action game. Engage in an incredibly realistic brand of terrorist warfare in this wildly popular team-based game. Ally with teammates to complete strategic missions. Take out enemy sites. Rescue hostages. Your role affects your team's success. Your team's success affects your role.,Play the world's number 1 online action game. Engage in an incredibly realistic brand of terrorist warfare in this wildly popular team-based game. Ally with teammates to complete strategic missions. Take out enemy sites. Rescue hostages. Your role affects your team's success. Your team's success affects your role.,Play the world's number 1 online action game. Engage in an incredibly realistic brand of terrorist warfare in this wildly popular team-based game. Ally with teammates to complete strategic missions. Take out enemy sites. Rescue hostages. Your role affects your team's success. Your team's success affects your role.,0,0,169595,True,True,True,88,https://www.metacritic.com/game/pc/counter-strike?ftag=MCD-06-10aaa1f,http://steamcommunity.com/app/10,,"English, French, German, Italian, Spanish - Spain, Simplified Chinese, Traditional Chinese, Korean","English, French, German, Italian, Spanish - Spain, Simplified Chinese, Traditional Chinese, Korean",Valve,Valve,"1, 49, 36, 37, 66, 68, 75, 69, 8, 62","Multi-player, PvP, Online PvP, Shared/Split Screen PvP, Color Alternatives, Custom Volume Controls, Keyboard Only Option, Stereo Sound, Valve Anti-Cheat enabled, Family Sharing",1,Action
20,Team Fortress Classic,https://shared.akamai.steamstatic.com/store_item_assets/steam/apps/20/header.jpg?t=1745368565,,1999-04-01,False,4.99,EUR,"One of the most popular online action games of all time, Team Fortress Classic features over nine character classes -- from Medic to Spy to Demolition Man -- enlisted in a unique style of online team warfare. Each character class possesses unique weapons, items, and abilities, as teams compete online in a variety of game play modes.","One of the most popular online action games of all time, Team Fortress Classic features over nine character classes -- from Medic to Spy to Demolition Man -- enlisted in a unique style of online team warfare. Each character class possesses unique weapons, items, and abilities, as teams compete online in a variety of game play modes.","One of the most popular online action games of all time, Team Fortress Classic features over nine character classes -- from Medic to Spy to Demolition Man -- enlisted in a unique style of online team warfare. Each character class possesses unique weapons, items, and abilities, as teams compete online in a variety of game play modes.",0,0,7047,True,True,True,,,,,"English, French, German, Italian, Spanish - Spain, Korean, Russian, Simplified Chinese, Traditional Chinese",,Valve,Valve,"1, 49, 36, 37, 68, 75, 69, 8, 44, 62","Multi-player, PvP, Online PvP, Shared/Split Screen PvP, Custom Volume Controls, Keyboard Only Option, Stereo Sound, Valve Anti-Cheat enabled, Remote Play Together, Family Sharing",1,Action
30,Day of Defeat,https://shared.akamai.steamstatic.com/store_item_assets/steam/apps/30/header.jpg?t=1745368580,http://www.dayofdefeat.com/,2003-05-01,False,4.99,EUR,"Enlist in an intense brand of Axis vs. Allied teamplay set in the WWII European Theatre of Operations. Players assume the role of light/assault/heavy infantry, sniper or machine-gunner class, each with a unique arsenal of historical weaponry at their disposal. Missions are based on key historical operations. And, as war rages, players must work together with their squad to accomplish a variety of mission-specific objectives.","Enlist in an intense brand of Axis vs. Allied teamplay set in the WWII European Theatre of Operations. Players assume the role of light/assault/heavy infantry, sniper or machine-gunner class, each with a unique arsenal of historical weaponry at their disposal. Missions are based on key historical operations.","Enlist in an intense brand of Axis vs. Allied teamplay set in the WWII European Theatre of Operations. Players assume the role of light/assault/heavy infantry, sniper or machine-gunner class, each with a unique arsenal of historical weaponry at their disposal. Missions are based on key historical operations. And, as war rages, players must work together with their squad to accomplish a variety of mission-specific objectives.",0,0,4473,True,True,True,79,https://www.metacritic.com/game/pc/day-of-defeat?ftag=MCD-06-10aaa1f,,,"English, French, German, Italian, Spanish - Spain",,Valve,Valve,"1, 67, 66, 68, 69, 8, 62","Multi-player, Camera Comfort, Color Alternatives, Custom Volume Controls, Stereo Sound, Valve Anti-Cheat enabled, Family Sharing",1,Action
40,Deathmatch Classic,https://shared.akamai.steamstatic.com/store_item_assets/steam/apps/40/header.jpg?t=1745368570,,2001-06-01,False,4.99,EUR,"Enjoy fast-paced multiplayer gaming with Deathmatch Classic (a.k.a. DMC). Valve's tribute to the work of id software, DMC invites players to grab their rocket launchers and put their reflexes to the test in a collection of futuristic settings.","Enjoy fast-paced multiplayer gaming with Deathmatch Classic (a.k.a. DMC). Valve's tribute to the work of id software, DMC invites players to grab their rocket launchers and put their reflexes to the test in a collection of futuristic settings.","Enjoy fast-paced multiplayer gaming with Deathmatch Classic (a.k.a. DMC). Valve's tribute to the work of id software, DMC invites players to grab their rocket launchers and put their reflexes to the test in a collection of futuristic settings.",0,0,2452,True,True,True,,,,,"English, French, German, Italian, Spanish - Spain, Korean, Russian, Simplified Chinese, Traditional Chinese",,Valve,Valve,"1, 49, 36, 37, 66, 68, 75, 69, 8, 44, 62","Multi-player, PvP, Online PvP, Shared/Split Screen PvP, Color Alternatives, Custom Volume Controls, Keyboard Only Option, Stereo Sound, Valve Anti-Cheat enabled, Remote Play Together, Family Sharing",1,Action
50,Half-Life: Opposing Force,https://shared.akamai.steamstatic.com/store_item_assets/steam/apps/50/header.jpg?t=1745368539,,1999-11-01,False,4.99,EUR,"Return to the Black Mesa Research Facility as one of the military specialists assigned to eliminate Gordon Freeman. Experience an entirely new episode of single player action. Meet fierce alien opponents, and experiment with new weaponry. Named 'Game of the Year' by the Academy of Interactive Arts and Sciences.","Return to the Black Mesa Research Facility as one of the military specialists assigned to eliminate Gordon Freeman. Experience an entirely new episode of single player action. Meet fierce alien opponents, and experiment with new weaponry. Named 'Game of the Year' by the Academy of Interactive Arts and Sciences.","Return to the Black Mesa Research Facility as one of the military specialists assigned to eliminate Gordon Freeman. Experience an entirely new episode of single player action. Meet fierce alien opponents, and experiment with new weaponry. Named 'Game of the Year' by the Academy of Interactive Arts and Sciences.",0,0,25379,True,True,True,,,https://help.steampowered.com,,"English, French, German, Korean",,Gearbox Software,Valve,"2, 1, 68, 78, 74, 79, 8, 62","Single-player, Multi-player, Custom Volume Controls, Adjustable Difficulty, Playable without Timed Input, Save Anytime, Valve Anti-Cheat enabled, Family Sharing",1,Action
60,Ricochet,https://shared.akamai.steamstatic.com/store_item_assets/steam/apps/60/header.jpg?t=1745368568,,2000-11-01,False,4.99,EUR,"A futuristic action game that challenges your agility as well as your aim, Ricochet features one-on-one and team matches played in a variety of futuristic battle arenas.","A futuristic action game that challenges your agility as well as your aim, Ricochet features one-on-one and team matches played in a variety of futuristic battle arenas.","A futuristic action game that challenges your agility as well as your aim, Ricochet features one-on-one and team matches played in a variety of futuristic battle arenas.",0,0,4551,True,True,True,,,,,"English, French, German, Italian, Spanish - Spain, Korean, Russian, Simplified Chinese, Traditional Chinese",,Valve,Valve,"1, 49, 36, 68, 75, 69, 8, 62","Multi-player, PvP, Online PvP, Custom Volume Controls, Keyboard Only Option, Stereo Sound, Valve Anti-Cheat enabled, Family Sharing",1,Action
70,Half-Life,https://shared.akamai.steamstatic.com/store_item_assets/steam/apps/70/header.jpg?t=1745368462,http://www.half-life.com/,1998-11-19,False,8.19,EUR,"Named Game of the Year by over 50 publications, Valve's debut title blends action and adventure with award-winning technology to create a frighteningly realistic world where players must think to survive. Also includes an exciting multiplayer mode that allows you to play against friends and enemies around the world.","Named Game of the Year by over 50 publications, Valve's debut title blends action and adventure with award-winning technology to create a frighteningly realistic world where players must think to survive. Also includes an exciting multiplayer mode that allows you to play against friends and enemies around the world.","Named Game of the Year by over 50 publications, Valve's debut title blends action and adventure with award-winning technology to create a frighteningly realistic world where players must think to survive. Also includes an exciting multiplayer mode that allows you to play against friends and enemies around the world.",1,0,117088,True,True,True,96,https://www.metacritic.com/game/pc/half-life?ftag=MCD-06-10aaa1f,http://steamcommunity.com/app/70,,"English, French, German, Italian, Spanish - Spain, Simplified Chinese, Traditional Chinese, Korean","English, French, German, Italian, Spanish - Spain, Simplified Chinese, Traditional Chinese, Korean",Valve,Valve,"2, 1, 49, 36, 28, 66, 68, 78, 75, 74, 55, 56, 57, 58, 79, 69, 23, 8, 41, 42, 62","Single-player, Multi-player, PvP, Online PvP, Full controller support, Color Alternatives, Custom Volume Controls, Adjustable Difficulty, Keyboard Only Option, Playable without Timed Input, DualShock Controller Support, DualShock Controller Support, DualSense Controller Support, DualSense Controller Support, Save Anytime, Stereo Sound, Steam Cloud, Valve Anti-Cheat enabled, Remote Play on Phone, Remote Play on Tablet, Family Sharing",1,Action
80,Counter-Strike: Condition Zero,https://shared.akamai.steamstatic.com/store_item_assets/steam/apps/80/header.jpg?t=1745368574,,2004-03-01,False,8.19,EUR,"With its extensive Tour of Duty campaign, a near-limitless number of skirmish modes, updates and new content for Counter-Strike's award-winning multiplayer game play, plus over 12 bonus single player missions, Counter-Strike: Condition Zero is a tremendous offering of single and multiplayer content.","With its extensive Tour of Duty campaign, a near-limitless number of skirmish modes, updates and new content for Counter-Strike's award-winning multiplayer game play, plus over 12 bonus single player missions, Counter-Strike: Condition Zero is a tremendous offering of single and multiplayer content.","With its extensive Tour of Duty campaign, a near-limitless number of skirmish modes, updates and new content for Counter-Strike's award-winning multiplayer game play, plus over 12 bonus single player missions, Counter-Strike: Condition Zero is a tremendous offering of single and multiplayer content.",0,0,21410,True,True,True,65,https://www.metacritic.com/game/pc/counter-strike-condition-zero?ftag=MCD-06-10aaa1f,http://steamcommunity.com/app/80,,"English, French, German, Italian, Spanish - Spain, Simplified Chinese, Traditional Chinese, Korean",,Valve,Valve,"2, 1, 66, 68, 78, 69, 8, 62","Single-player, Multi-player, Color Alternatives, Custom Volume Controls, Adjustable Difficulty, Stereo Sound, Valve Anti-Cheat enabled, Family Sharing",1,Action
130,Half-Life: Blue Shift,https://shared.akamai.steamstatic.com/store_item_assets/steam/apps/130/header.jpg?t=1745368541,,2001-06-01,False,4.99,EUR,"Made by Gearbox Software and originally released in 2001 as an add-on to Half-Life, Blue Shift is a return to the Black Mesa Research Facility in which you play as Barney Calhoun, the security guard sidekick who helped Gordon out of so many sticky situations.","Made by Gearbox Software and originally released in 2001 as an add-on to Half-Life, Blue Shift is a return to the Black Mesa Research Facility in which you play as Barney Calhoun, the security guard sidekick who helped Gordon out of so many sticky situations.","Made by Gearbox Software and originally released in 2001 as an add-on to Half-Life, Blue Shift is a return to the Black Mesa Research Facility in which you play as Barney Calhoun, the security guard sidekick who helped Gordon out of so many sticky situations.",0,0,18622,True,True,True,71,https://www.metacritic.com/game/pc/half-life-blue-shift?ftag=MCD-06-10aaa1f,https://help.steampowered.com,,"English, French, German",,Gearbox Software,Valve,"2, 68, 78, 74, 79, 62","Single-player, Custom Volume Controls, Adjustable Difficulty, Playable without Timed Input, Save Anytime, Family Sharing",1,Action
220,Half-Life 2,https://shared.akamai.steamstatic.com/store_item_assets/steam/apps/220/header.jpg?t=1745368545,http://www.half-life.com/halflife2,2004-11-16,False,9.75,EUR,"The Seven Hour War is lost. Earth has surrendered. The Black Mesa incident is a distant memory. The player again picks up the crowbar of research scientist Gordon Freeman, who finds himself on an alien-infested Earth being picked to the bone, its resources depleted, its populace dwindling. Freeman is thrust into the unenviable role of rescuing the world from the wrong he unleashed back at Black Mesa. And a lot of people he cares about are counting on him.Half-Life 2 is the landmark first-person shooter that “forged the framework for the next generation of games” (PC Gamer). Experience a thrilling campaign packed with unprecedented levels of immersive world-building, boundary-pushing physics, and exhilarating combat. Includes the Half-Life 2 Episode One and Two ExpansionsThe story of Half-Life 2 continues with Episodes One and Two, full-featured Half-Life adventures set during the aftermath of the base game. They are accessible from the main menu, and you will automatically advance to the next episode after completing each one. Half-Life 2: DeathmatchFast multiplayer action set in the Half-Life 2 universe! HL2's physics adds a new dimension to deathmatch play. Play straight deathmatch or try Combine vs. Resistance teamplay. Toss a toilet at your friend today! Included in your Steam library with purchase of Half-Life 2.Steam WorkshopPlay entire campaigns or replace weapons, enemies, UI, and more with content created by the community.","Reawakened from stasis in the occupied metropolis of City 17, Gordon Freeman is joined by Alyx Vance as he leads a desperate human resistance. Experience the landmark first-person shooter packed with immersive world-building, boundary-pushing physics, and exhilarating combat.","The Seven Hour War is lost. Earth has surrendered. The Black Mesa incident is a distant memory. The player again picks up the crowbar of research scientist Gordon Freeman, who finds himself on an alien-infested Earth being picked to the bone, its resources depleted, its populace dwindling. Freeman is thrust into the unenviable role of rescuing the world from the wrong he unleashed back at Black Mesa. And a lot of people he cares about are counting on him.Half-Life 2 is the landmark first-person shooter that “forged the framework for the next generation of games” (PC Gamer). Experience a thrilling campaign packed with unprecedented levels of immersive world-building, boundary-pushing physics, and exhilarating combat. Includes the Half-Life 2 Episode One and Two ExpansionsThe story of Half-Life 2 continues with Episodes One and Two, full-featured Half-Life adventures set during the aftermath of the base game. They are accessible from the main menu, and you will automatically advance to the next episode after completing each one. Half-Life 2: DeathmatchFast multiplayer action set in the Half-Life 2 universe! HL2's physics adds a new dimension to deathmatch play. Play straight deathmatch or try Combine vs. Resistance teamplay. Toss a toilet at your friend today! Included in your Steam library with purchase of Half-Life 2.Steam WorkshopPlay entire campaigns or replace weapons, enemies, UI, and more with content created by the community.",1,69,202309,True,False,True,96,https://www.metacritic.com/game/pc/half-life-2?ftag=MCD-06-10aaa1f,http://steamcommunity.com/app/220,,"English, French, German, Italian, Korean, Spanish - Spain, Russian, Simplified Chinese, Traditional Chinese, Dutch, Danish, Finnish, Japanese, Norwegian, Polish, Portuguese - Portugal, Swedish, Thai, Bulgarian, Czech, Greek, Hungarian, Portuguese - Brazil, Romanian, Spanish - Latin America, Turkish, Ukrainian","English, French, German, Italian, Korean, Spanish - Spain, Russian, Ukrainian",Valve,Valve,"2, 22, 28, 29, 13, 30, 67, 68, 78, 74, 55, 56, 57, 58, 79, 59, 69, 65, 70, 23, 16, 14, 41, 42, 44, 62, 63","Single-player, Steam Achievements, Full controller support, Steam Trading Cards, Captions available, Steam Workshop, Camera Comfort, Custom Volume Controls, Adjustable Difficulty, Playable without Timed Input, DualShock Controller Support, DualShock Controller Support, DualSense Controller Support, DualSense Controller Support, Save Anytime, Steam Input API Support, Stereo Sound, Subtitle Options, Surround Sound, Steam Cloud, Includes Source SDK, Commentary available, Remote Play on Phone, Remote Play on Tablet, Remote Play Together, Family Sharing, Steam Timeline",1,Action
240,Counter-Strike: Source,https://shared.akamai.steamstatic.com/store_item_assets/steam/apps/240/header.jpg?t=1745368575,,2004-11-01,False,9.75,EUR,"THE NEXT INSTALLMENT OF THE WORLD'S # 1 ONLINE ACTION GAME Counter-Strike: Source blends Counter-Strike's award-winning teamplay action with the advanced technology of Source™ technology. Featuring state of the art graphics, all new sounds, and introducing physics, Counter-Strike: Source is a must-have for every action gamer.",Counter-Strike: Source blends Counter-Strike's award-winning teamplay action with the advanced technology of Source™ technology.,"THE NEXT INSTALLMENT OF THE WORLD'S # 1 ONLINE ACTION GAME Counter-Strike: Source blends Counter-Strike's award-winning teamplay action with the advanced technology of Source™ technology. Featuring state of the art graphics, all new sounds, and introducing physics, Counter-Strike: Source is a must-have for every action gamer.",0,147,135303,True,False,True,88,https://www.metacritic.com/game/pc/counter-strike-source?ftag=MCD-06-10aaa1f,http://steamcommunity.com/app/240,,"English, French, German, Italian, Japanese, Korean, Spanish - Spain, Russian, Simplified Chinese, Traditional Chinese, Thai, Turkish",,Valve,Valve,"1, 27, 22, 67, 66, 68, 69, 65, 70, 23, 8, 15, 16, 62","Multi-player, Cross-Platform Multiplayer, Steam Achievements, Camera Comfort, Color Alternatives, Custom Volume Controls, Stereo Sound, Subtitle Options, Surround Sound, Steam Cloud, Valve Anti-Cheat enabled, Stats, Includes Source SDK, Family Sharing",1,Action
300,Day of Defeat: Source,https://shared.akamai.steamstatic.com/store_item_assets/steam/apps/300/header.jpg?t=1763407002,http://www.dayofdefeat.com/,2010-07-12,False,9.75,EUR,"Day of Defeat offers intense online action gameplay set in Europe during WWII. Assume the role of infantry, sniper or machine-gunner classes, and more. DoD:S features enhanced graphics and sounds design to leverage the power of Source, Valve's new engine technology.",Valve's WWII Multiplayer Classic - Now available for Mac.,"Day of Defeat offers intense online action gameplay set in Europe during WWII. Assume the role of infantry, sniper or machine-gunner classes, and more. DoD:S features enhanced graphics and sounds design to leverage the power of Source, Valve's new engine technology.",0,54,15983,True,False,True,80,https://www.metacritic.com/game/pc/day-of-defeat-source?ftag=MCD-06-10aaa1f,,,English,,Valve,Valve,"1, 27, 22, 29, 67, 66, 68, 78, 69, 70, 8, 15, 16, 62","Multi-player, Cross-Platform Multiplayer, Steam Achievements, Steam Trading Cards, Camera Comfort, Color Alternatives, Custom Volume Controls, Adjustable Difficulty, Stereo Sound, Surround Sound, Valve Anti-Cheat enabled, Stats, Includes Source SDK, Family Sharing",1,Action
320,Half-Life 2: Deathmatch,https://shared.akamai.steamstatic.com/store_item_assets/steam/apps/320/header.jpg?t=1749481506,,2004-11-01,False,0.0,,Fast multiplayer action set in the Half-Life 2 universe! HL2's physics adds a new dimension to deathmatch play. Play straight deathmatch or try Combine vs. Resistance teamplay. Toss a toilet at your friend today!,Fast multiplayer action set in the Half-Life 2 universe! HL2's physics adds a new dimension to deathmatch play. Play straight deathmatch or try Combine vs. Resistance teamplay. Toss a toilet at your friend today!,Fast multiplayer action set in the Half-Life 2 universe! HL2's physics adds a new dimension to deathmatch play. Play straight deathmatch or try Combine vs. Resistance teamplay. Toss a toilet at your friend today!,0,0,10231,True,False,True,,,,,English,,Valve,Valve,"1, 68, 74, 69, 70, 8, 16, 62","Multi-player, Custom Volume Controls, Playable without Timed Input, Stereo Sound, Surround Sound, Valve Anti-Cheat enabled, Includes Source SDK, Family Sharing",1,Action
360,Half-Life Deathmatch: Source,https://shared.akamai.steamstatic.com/store_item_assets/steam/apps/360/header.jpg?t=1745368549,,2006-05-01,False,9.75,EUR,"Half-Life Deathmatch: Source is a recreation of the first multiplayer game set in the Half-Life universe. Features all the classic weapons and most-played maps, now running on the Source engine.","Half-Life Deathmatch: Source is a recreation of the first multiplayer game set in the Half-Life universe. Features all the classic weapons and most-played maps, now running on the Source engine.","Half-Life Deathmatch: Source is a recreation of the first multiplayer game set in the Half-Life universe. Features all the classic weapons and most-played maps, now running on the Source engine.",0,0,4359,True,False,True,,,,,English,,Valve,Valve,"1, 67, 68, 74, 69, 70, 8, 62","Multi-player, Camera Comfort, Custom Volume Controls, Playable without Timed Input, Stereo Sound, Surround Sound, Valve Anti-Cheat enabled, Family Sharing",1,Action
400,Portal,https://shared.akamai.steamstatic.com/store_item_assets/steam/apps/400/header.jpg?t=1745368554,http://www.whatistheorangebox.com/,2007-10-10,False,9.75,EUR,"Portal™ is a new single player game from Valve. Set in the mysterious Aperture Science Laboratories, Portal has been called one of the most innovative new games on the horizon and will offer gamers hours of unique gameplay. The game is designed to change the way players approach, manipulate, and surmise the possibilities in a given environment; similar to how Half-Life® 2's Gravity Gun innovated new ways to leverage an object in any given situation. Players must solve physical puzzles and challenges by opening portals to maneuvering objects, and themselves, through space.","Portal™ is a new single player game from Valve. Set in the mysterious Aperture Science Laboratories, Portal has been called one of the most innovative new games on the horizon and will offer gamers hours of unique gameplay.","Portal™ is a new single player game from Valve. Set in the mysterious Aperture Science Laboratories, Portal has been called one of the most innovative new games on the horizon and will offer gamers hours of unique gameplay. The game is designed to change the way players approach, manipulate, and surmise the possibilities in a given environment; similar to how Half-Life® 2's Gravity Gun innovated new ways to leverage an object in any given situation. Players must solve physical puzzles and challenges by opening portals to maneuvering objects, and themselves, through space.",2,15,173200,True,False,True,90,https://www.metacritic.com/game/pc/portal?ftag=MCD-06-10aaa1f,http://steamcommunity.com/app/400,,"English, French, German, Russian, Danish, Dutch, Finnish, Italian, Japanese, Norwegian, Polish, Portuguese - Portugal, Simplified Chinese, Spanish - Spain, Swedish, Traditional Chinese, Korean, Bulgarian, Czech, Greek, Hungarian, Portuguese - Brazil, Romanian, Spanish - Latin America, Thai, Turkish, Ukrainian","English, French, German, Russian, Spanish - Spain, Traditional Chinese, Ukrainian",Valve,Valve,"2, 22, 28, 13, 67, 68, 55, 56, 57, 58, 79, 59, 69, 65, 70, 17, 16, 14, 41, 42, 62","Single-player, Steam Achievements, Full controller support, Captions available, Camera Comfort, Custom Volume Controls, DualShock Controller Support, DualShock Controller Support, DualSense Controller Support, DualSense Controller Support, Save Anytime, Steam Input API Support, Stereo Sound, Subtitle Options, Surround Sound, Includes level editor, Includes Source SDK, Commentary available, Remote Play on Phone, Remote Play on Tablet, Family Sharing",1,Action
440,Team Fortress 2,https://shared.akamai.steamstatic.com/store_item_assets/steam/apps/440/header.jpg?t=1757348372,http://www.teamfortress.com/,2007-10-10,True,0.0,,"""The most fun you can have online"" - PC Gamer Is now FREE! There’s no catch! Play as much as you want, as long as you like! The most highly-rated free game of all time! One of the most popular online action games of all time, Team Fortress 2 delivers constant free updates—new game modes, maps, equipment and, most importantly, hats. Nine distinct classes provide a broad range of tactical abilities and personalities, and lend themselves to a variety of player skills. New to TF? Don’t sweat it! No matter what your style and experience, we’ve got a character for you. Detailed training and offline practice modes will help you hone your skills before jumping into one of TF2’s many game modes, including Capture the Flag, Control Point, Payload, Arena, King of the Hill and more. Make a character your own! There are hundreds of weapons, hats and more to collect, craft, buy and trade. Tweak your favorite class to suit your gameplay style and personal taste. You don’t need to pay to win—virtually all of the items in the Mann Co. Store can also be found in-game.","Nine distinct classes provide a broad range of tactical abilities and personalities. Constantly updated with new game modes, maps, equipment and, most importantly, hats!","""The most fun you can have online"" - PC Gamer Is now FREE! There’s no catch! Play as much as you want, as long as you like! The most highly-rated free game of all time! One of the most popular online action games of all time, Team Fortress 2 delivers constant free updates—new game modes, maps, equipment and, most importantly, hats. Nine distinct classes provide a broad range of tactical abilities and personalities, and lend themselves to a variety of player skills. New to TF? Don’t sweat it! No matter what your style and experience, we’ve got a character for you. Detailed training and offline practice modes will help you hone your skills before jumping into one of TF2’s many game modes, including Capture the Flag, Control Point, Payload, Arena, King of the Hill and more. Make a character your own! There are hundreds of weapons, hats and more to collect, craft, buy and trade. Tweak your favorite class to suit your gameplay style and personal taste. You don’t need to pay to win—virtually all of the items in the Mann Co. Store can also be found in-game.",1,520,47797,True,False,True,92,https://www.metacritic.com/game/pc/team-fortress-2?ftag=MCD-06-10aaa1f,http://steamcommunity.com/app/440,,"English, Danish, Dutch, Finnish, French, German, Italian, Japanese, Norwegian, Polish, Portuguese - Portugal, Russian, Simplified Chinese, Spanish - Spain, Swedish, Traditional Chinese, Korean, Czech, Hungarian, Portuguese - Brazil, Turkish, Greek, Bulgarian, Romanian, Thai, Ukrainian, Spanish - Latin America","English, Spanish - Latin America",Valve,Valve,"1, 27, 22, 29, 13, 30, 35, 67, 66, 68, 69, 70, 18, 8, 15, 17, 14, 41, 42","Multi-player, Cross-Platform Multiplayer, Steam Achievements, Steam Trading Cards, Captions available, Steam Workshop, In-App Purchases, Camera Comfort, Color Alternatives, Custom Volume Controls, Stereo Sound, Surround Sound, Partial Controller Support, Valve Anti-Cheat enabled, Stats, Includes level editor, Commentary available, Remote Play on Phone, Remote Play on Tablet","1, 37","Action, Free To Play"
500,Left 4 Dead,https://shared.akamai.steamstatic.com/store_item_assets/steam/apps/500/header.jpg?t=1745368560,http://www.l4d.com/,2008-11-17,False,9.75,EUR,"From Valve (the creators of Counter-Strike, Half-Life and more) comes Left 4 Dead, a co-op action horror game for the PC and Xbox 360 that casts up to four players in an epic struggle for survival against swarming zombie hordes and terrifying mutant monsters.Set in the immediate aftermath of the zombie apocalypse, L4D's survival co-op mode lets you blast a path through the infected in four unique “movies,” guiding your survivors across the rooftops of an abandoned metropolis, through rural ghost towns and pitch-black forests in your quest to escape a devastated Ground Zero crawling with infected enemies. Each ""movie"" is comprised of five large maps, and can be played by one to four human players, with an emphasis on team-based strategy and objectives. New technology dubbed ""the AI Director"" is used to generate a unique gameplay experience every time you play. The Director tailors the frequency and ferocity of the zombie attacks to your performance, putting you in the middle of a fast-paced, but not overwhelming, Hollywood horror movie. Addictive single player, co-op, and multiplayer action gameplay from the makers of Counter-Strike and Half-Life Versus Mode lets you compete four-on-four with friends, playing as a human trying to get rescued, or as a zombie boss monster that will stop at nothing to destroy them. See how long you and your friends can hold out against the infected horde in the new Survival Mode An advanced AI director dynamically creates intense and unique experiences every time the game is played 20 maps, 10 weapons and unlimited possibilities in four sprawling ""movies"" Matchmaking, stats, rankings, and awards system drive collaborative play Designer's Commentary allows gamers to go ""behind the scenes"" of the game Powered by Source and Steam THE SACRIFICE""The Sacrifice” is the new add-on for Left 4 Dead.""The Sacrifice"" is the prequel to ""The Passing,"" and takes place from the L4D Survivors' perspective as they make their way South. In addition to advancing the story, ""The Sacrifice"" introduces a new style finale featuring ""Sacrificial Gameplay"" where players get to decide who will give their life so the others may live.In The Sacrifice for Left 4 Dead owners receive ""The Sacrifice"" campaign playable in Campaign, Versus, and Survival modes.","From Valve (the creators of Counter-Strike, Half-Life and more) comes Left 4 Dead, a co-op action horror game for the PC and Xbox 360 that casts up to four players in an epic struggle for survival against swarming zombie hordes and terrifying mutant monsters.","From Valve (the creators of Counter-Strike, Half-Life and more) comes Left 4 Dead, a co-op action horror game for the PC and Xbox 360 that casts up to four players in an epic struggle for survival against swarming zombie hordes and terrifying mutant monsters.Set in the immediate aftermath of the zombie apocalypse, L4D's survival co-op mode lets you blast a path through the infected in four unique “movies,” guiding your survivors across the rooftops of an abandoned metropolis, through rural ghost towns and pitch-black forests in your quest to escape a devastated Ground Zero crawling with infected enemies. Each ""movie"" is comprised of five large maps, and can be played by one to four human players, with an emphasis on team-based strategy and objectives. New technology dubbed ""the AI Director"" is used to generate a unique gameplay experience every time you play. The Director tailors the frequency and ferocity of the zombie attacks to your performance, putting you in the middle of a fast-paced, but not overwhelming, Hollywood horror movie. Addictive single player, co-op, and multiplayer action gameplay from the makers of Counter-Strike and Half-Life Versus Mode lets you compete four-on-four with friends, playing as a human trying to get rescued, or as a zombie boss monster that will stop at nothing to destroy them. See how long you and your friends can hold out against the infected horde in the new Survival Mode An advanced AI director dynamically creates intense and unique experiences every time the game is played 20 maps, 10 weapons and unlimited possibilities in four sprawling ""movies"" Matchmaking, stats, rankings, and awards system drive collaborative play Designer's Commentary allows gamers to go ""behind the scenes"" of the game Powered by Source and Steam THE SACRIFICE""The Sacrifice” is the new add-on for Left 4 Dead.""The Sacrifice"" is the prequel to ""The Passing,"" and takes place from the L4D Survivors' perspective as they make their way South. In addition to advancing the story, ""The Sacrifice"" introduces a new style finale featuring ""Sacrificial Gameplay"" where players get to decide who will give their life so the others may live.In The Sacrifice for Left 4 Dead owners receive ""The Sacrifice"" campaign playable in Campaign, Versus, and Survival modes.",0,73,58088,True,False,False,89,https://www.metacritic.com/game/pc/left-4-dead?ftag=MCD-06-10aaa1f,http://steamcommunity.com/app/500,,"English, French, German, Spanish - Spain, Russian, Danish, Dutch, Finnish, Italian, Japanese, Norwegian, Polish, Portuguese - Portugal, Simplified Chinese, Swedish, Traditional Chinese, Korean, Bulgarian, Czech, Greek, Hungarian, Portuguese - Brazil, Romanian, Spanish - Latin America, Thai, Turkish, Ukrainian, Vietnamese","English, French, German, Spanish - Spain, Russian, Vietnamese",Valve,Valve,"2, 1, 9, 22, 28, 13, 67, 66, 68, 78, 55, 56, 57, 58, 69, 70, 23, 8, 15, 25, 16, 14, 43, 62","Single-player, Multi-player, Co-op, Steam Achievements, Full controller support, Captions available, Camera Comfort, Color Alternatives, Custom Volume Controls, Adjustable Difficulty, DualShock Controller Support, DualShock Controller Support, DualSense Controller Support, DualSense Controller Support, Stereo Sound, Surround Sound, Steam Cloud, Valve Anti-Cheat enabled, Stats, Steam Leaderboards, Includes Source SDK, Commentary available, Remote Play on TV, Family Sharing",1,Action
550,Left 4 Dead 2,https://shared.akamai.steamstatic.com/store_item_assets/steam/apps/550/header.jpg?t=1772742214,http://www.l4d.com,2009-11-16,False,9.75,EUR,"Set in the zombie apocalypse, Left 4 Dead 2 (L4D2) is the highly anticipated sequel to the award-winning Left 4 Dead, the #1 co-op game of 2008. This co-operative action horror FPS takes you and your friends through the cities, swamps and cemeteries of the Deep South, from Savannah to New Orleans across five expansive campaigns. You'll play as one of four new survivors armed with a wide and devastating array of classic and upgraded weapons. In addition to firearms, you'll also get a chance to take out some aggression on infected with a variety of carnage-creating melee weapons, from chainsaws to axes and even the deadly frying pan. You'll be putting these weapons to the test against (or playing as in Versus) three horrific and formidable new Special Infected. You'll also encounter five new uncommon common infected, including the terrifying Mudmen.Helping to take L4D's frantic, action-packed gameplay to the next level is AI Director 2.0. This improved Director has the ability to procedurally change the weather you'll fight through and the pathways you'll take, in addition to tailoring the enemy population, effects, and sounds to match your performance. L4D2 promises a satisfying and uniquely challenging experience every time the game is played, custom-fitted to your style of play.Next generation co-op action gaming from the makers of Half-Life, Portal, Team Fortress and Counter-Strike.Over 20 new weapons & items headlined by over 10 melee weapons – axe, chainsaw, frying pan, baseball bat – allow you to get up close with the zombiesNew survivors. New Story. New dialogue. Five expansive campaigns for co-operative, Versus and Survival game modes.An all new multiplayer mode.Uncommon common infected. Each of the five new campaigns contains at least one new uncommon common zombies which are exclusive to that campaign. AI Director 2.0: Advanced technology dubbed The AI Director drove L4D's unique gameplay – customizing enemy population, effects, and music, based upon the players’ performance. L4D 2 features The AI Director 2.0 which expands the Director’s ability to customize level layout, world objects, weather, and lighting to reflect different times of day.Stats, rankings, and awards system drives collaborative play","Set in the zombie apocalypse, Left 4 Dead 2 is a co-operative action horror FPS takes you and your friends through the cities, swamps and cemeteries of the Deep South, from Savannah to New Orleans across five expansive campaigns.","Set in the zombie apocalypse, Left 4 Dead 2 (L4D2) is the highly anticipated sequel to the award-winning Left 4 Dead, the #1 co-op game of 2008. This co-operative action horror FPS takes you and your friends through the cities, swamps and cemeteries of the Deep South, from Savannah to New Orleans across five expansive campaigns. You'll play as one of four new survivors armed with a wide and devastating array of classic and upgraded weapons. In addition to firearms, you'll also get a chance to take out some aggression on infected with a variety of carnage-creating melee weapons, from chainsaws to axes and even the deadly frying pan. You'll be putting these weapons to the test against (or playing as in Versus) three horrific and formidable new Special Infected. You'll also encounter five new uncommon common infected, including the terrifying Mudmen.Helping to take L4D's frantic, action-packed gameplay to the next level is AI Director 2.0. This improved Director has the ability to procedurally change the weather you'll fight through and the pathways you'll take, in addition to tailoring the enemy population, effects, and sounds to match your performance. L4D2 promises a satisfying and uniquely challenging experience every time the game is played, custom-fitted to your style of play.Next generation co-op action gaming from the makers of Half-Life, Portal, Team Fortress and Counter-Strike.Over 20 new weapons & items headlined by over 10 melee weapons – axe, chainsaw, frying pan, baseball bat – allow you to get up close with the zombiesNew survivors. New Story. New dialogue. Five expansive campaigns for co-operative, Versus and Survival game modes.An all new multiplayer mode.Uncommon common infected. Each of the five new campaigns contains at least one new uncommon common zombies which are exclusive to that campaign. AI Director 2.0: Advanced technology dubbed The AI Director drove L4D's unique gameplay – customizing enemy population, effects, and music, based upon the players’ performance. L4D 2 features The AI Director 2.0 which expands the Director’s ability to customize level layout, world objects, weather, and lighting to reflect different times of day.Stats, rankings, and awards system drives collaborative play",0,101,814496,True,False,True,89,https://www.metacritic.com/game/pc/left-4-dead-2?ftag=MCD-06-10aaa1f,http://steamcommunity.com/app/550,,"Danish, Dutch, English, Finnish, French, German, Italian, Japanese, Korean, Norwegian, Polish, Portuguese - Portugal, Russian, Simplified Chinese, Spanish - Spain, Swedish, Traditional Chinese, Hungarian, Turkish, Bulgarian, Czech, Greek, Portuguese - Brazil, Romanian, Spanish - Latin America, Thai, Ukrainian, Vietnamese","English, French, German, Russian, Spanish - Spain, Vietnamese",Valve,Valve,"2, 1, 49, 36, 9, 38, 22, 28, 29, 13, 30, 67, 66, 68, 78, 74, 55, 56, 57, 58, 59, 69, 70, 23, 8, 15, 16, 14, 41, 42, 43, 44, 62, 63","Single-player, Multi-player, PvP, Online PvP, Co-op, Online Co-op, Steam Achievements, Full controller support, Steam Trading Cards, Captions available, Steam Workshop, Camera Comfort, Color Alternatives, Custom Volume Controls, Adjustable Difficulty, Playable without Timed Input, DualShock Controller Support, DualShock Controller Support, DualSense Controller Support, DualSense Controller Support, Steam Input API Support, Stereo Sound, Surround Sound, Steam Cloud, Valve Anti-Cheat enabled, Stats, Includes Source SDK, Commentary available, Remote Play on Phone, Remote Play on Tablet, Remote Play on TV, Remote Play Together, Family Sharing, Steam Timeline",1,Action
570,Dota 2,https://shared.akamai.steamstatic.com/store_item_assets/steam/apps/570/header.jpg?t=1769535998,http://www.dota2.com/,2013-07-09,True,0.0,,"The most-played game on Steam.Every day, millions of players worldwide enter battle as one of over a hundred Dota heroes. And no matter if it's their 10th hour of play or 1,000th, there's always something new to discover. With regular updates that ensure a constant evolution of gameplay, features, and heroes, Dota 2 has truly taken on a life of its own.One Battlefield. Infinite Possibilities.When it comes to diversity of heroes, abilities, and powerful items, Dota boasts an endless array—no two games are the same. Any hero can fill multiple roles, and there's an abundance of items to help meet the needs of each game. Dota doesn't provide limitations on how to play, it empowers you to express your own style.All heroes are free.Competitive balance is Dota's crown jewel, and to ensure everyone is playing on an even field, the core content of the game—like the vast pool of heroes—is available to all players. Fans can collect cosmetics for heroes and fun add-ons for the world they inhabit, but everything you need to play is already included before you join your first match.Bring your friends and party up.Dota is deep, and constantly evolving, but it's never too late to join. Learn the ropes playing co-op vs. bots. Sharpen your skills in the hero demo mode. Jump into the behavior- and skill-based matchmaking system that ensures you'll be matched with the right players each game.","Every day, millions of players worldwide enter battle as one of over a hundred Dota heroes. And no matter if it's their 10th hour of play or 1,000th, there's always something new to discover. With regular updates that ensure a constant evolution of gameplay, features, and heroes, Dota 2 has taken on a life of its own.","The most-played game on Steam.Every day, millions of players worldwide enter battle as one of over a hundred Dota heroes. And no matter if it's their 10th hour of play or 1,000th, there's always something new to discover. With regular updates that ensure a constant evolution of gameplay, features, and heroes, Dota 2 has truly taken on a life of its own.One Battlefield. Infinite Possibilities.When it comes to diversity of heroes, abilities, and powerful items, Dota boasts an endless array—no two games are the same. Any hero can fill multiple roles, and there's an abundance of items to help meet the needs of each game. Dota doesn't provide limitations on how to play, it empowers you to express your own style.All heroes are free.Competitive balance is Dota's crown jewel, and to ensure everyone is playing on an even field, the core content of the game—like the vast pool of heroes—is available to all players. Fans can collect cosmetics for heroes and fun add-ons for the world they inhabit, but everything you need to play is already included before you join your first match.Bring your friends and party up.Dota is deep, and constantly evolving, but it's never too late to join. Learn the ropes playing co-op vs. bots. Sharpen your skills in the hero demo mode. Jump into the behavior- and skill-based matchmaking system that ensures you'll be matched with the right players each game.",2,0,14377,True,True,True,90,https://www.metacritic.com/game/pc/dota-2?ftag=MCD-06-10aaa1f,,,"Bulgarian, Czech, Danish, Dutch, English, Finnish, French, German, Greek, Hungarian, Italian, Japanese, Korean, Norwegian, Polish, Portuguese - Portugal, Portuguese - Brazil, Romanian, Russian, Simplified Chinese, Spanish - Spain, Swedish, Thai, Traditional Chinese, Turkish, Ukrainian, Spanish - Latin America, Vietnamese","English, Korean, Simplified Chinese, Vietnamese",Valve,Valve,"1, 9, 29, 30, 40, 35, 67, 66, 68, 8, 63","Multi-player, Co-op, Steam Trading Cards, Steam Workshop, SteamVR Collectibles, In-App Purchases, Camera Comfort, Color Alternatives, Custom Volume Controls, Valve Anti-Cheat enabled, Steam Timeline","1, 2, 37","Action, Strategy, Free To Play"
620,Portal 2,https://shared.akamai.steamstatic.com/store_item_assets/steam/apps/620/header.jpg?t=1745363004,http://www.thinkwithportals.com/,2011-04-18,False,9.75,EUR,"Portal 2 draws from the award-winning formula of innovative gameplay, story, and music that earned the original Portal over 70 industry accolades and created a cult following. The single-player portion of Portal 2 introduces a cast of dynamic new characters, a host of fresh puzzle elements, and a much larger set of devious test chambers. Players will explore never-before-seen areas of the Aperture Science Labs and be reunited with GLaDOS, the occasionally murderous computer companion who guided them through the original game. The game’s two-player cooperative mode features its own entirely separate campaign with a unique story, test chambers, and two new player characters. This new mode forces players to reconsider everything they thought they knew about portals. Success will require them to not just act cooperatively, but to think cooperatively. Product Features Extensive single player: Featuring next generation gameplay and a wildly-engrossing story. Complete two-person co-op: Multiplayer game featuring its own dedicated story, characters, and gameplay. Advanced physics: Allows for the creation of a whole new range of interesting challenges, producing a much larger but not harder game. Original music. Massive sequel: The original Portal was named 2007's Game of the Year by over 30 publications worldwide. Editing Tools: Portal 2 editing tools will be included.","The ""Perpetual Testing Initiative"" has been expanded to allow you to design co-op puzzles for you and your friends!","Portal 2 draws from the award-winning formula of innovative gameplay, story, and music that earned the original Portal over 70 industry accolades and created a cult following. The single-player portion of Portal 2 introduces a cast of dynamic new characters, a host of fresh puzzle elements, and a much larger set of devious test chambers. Players will explore never-before-seen areas of the Aperture Science Labs and be reunited with GLaDOS, the occasionally murderous computer companion who guided them through the original game. The game’s two-player cooperative mode features its own entirely separate campaign with a unique story, test chambers, and two new player characters. This new mode forces players to reconsider everything they thought they knew about portals. Success will require them to not just act cooperatively, but to think cooperatively. Product Features Extensive single player: Featuring next generation gameplay and a wildly-engrossing story. Complete two-person co-op: Multiplayer game featuring its own dedicated story, characters, and gameplay. Advanced physics: Allows for the creation of a whole new range of interesting challenges, producing a much larger but not harder game. Original music. Massive sequel: The original Portal was named 2007's Game of the Year by over 30 publications worldwide. Editing Tools: Portal 2 editing tools will be included.",1,51,389839,True,False,True,95,https://www.metacritic.com/game/pc/portal-2?ftag=MCD-06-10aaa1f,http://steamcommunity.com/app/620,,"English, French, German, Spanish - Spain, Czech, Danish, Dutch, Finnish, Hungarian, Italian, Japanese, Korean, Norwegian, Polish, Portuguese - Portugal, Romanian, Russian, Simplified Chinese, Swedish, Thai, Traditional Chinese, Turkish, Bulgarian, Greek, Portuguese - Brazil, Spanish - Latin America, Ukrainian","English, French, German, Spanish - Spain, Russian, Ukrainian",Valve,Valve,"2, 1, 9, 38, 39, 24, 22, 28, 29, 13, 51, 30, 67, 68, 74, 55, 56, 57, 58, 79, 59, 69, 70, 23, 15, 17, 14, 41, 42, 43, 44, 62","Single-player, Multi-player, Co-op, Online Co-op, Shared/Split Screen Co-op, Shared/Split Screen, Steam Achievements, Full controller support, Steam Trading Cards, Captions available, Steam Workshop, Steam Workshop, Camera Comfort, Custom Volume Controls, Playable without Timed Input, DualShock Controller Support, DualShock Controller Support, DualSense Controller Support, DualSense Controller Support, Save Anytime, Steam Input API Support, Stereo Sound, Surround Sound, Steam Cloud, Stats, Includes level editor, Commentary available, Remote Play on Phone, Remote Play on Tablet, Remote Play on TV, Remote Play Together, Family Sharing","1, 25","Action, Adventure"
630,Alien Swarm,https://shared.akamai.steamstatic.com/store_item_assets/steam/apps/630/header.jpg?t=1763407010,http://www.alienswarm.com,2010-07-19,True,0.0,,"Alien Swarm is a game and Source SDK release from a group of talented designers at Valve who were hired from the Mod community. Available free of charge, the game thrusts players into an epic bug hunt featuring a unique blend of co-op play and squad-level tactics. With your friends, form a squad of four distinct IAF Marine classes. Plan your attack using an unlockable arsenal of weapons with countless loadout configurations against a wide variety of aliens. Blaze your way through an overrun, off-world colony, eradicating the alien infestation in environments ranging from the icy planet's surface, to a subterranean lava-flooded mining facility. Along with the game get the complete code base for Alien Swarm that features updates to the Source engine as well as the SDK. Alien Swarm adds 3rd person camera, depth of field, improved dynamic shadows and a wide variety of gameplay additions to the Source engine. Tactical, 4 player co-op action game with a top-down perspective Complete game code and mod tools Unlock persistent items by gaining levels Over 40 weapons and equipment with countless loadout configurations 4 unique classes and 8 unique characters Matchmaking, Steam Cloud, Steam Stats 64 achievements Tile-based map generation tool Powered by Source and Steam",Co-operative multiplayer game and complete code base available for free.,"Alien Swarm is a game and Source SDK release from a group of talented designers at Valve who were hired from the Mod community. Available free of charge, the game thrusts players into an epic bug hunt featuring a unique blend of co-op play and squad-level tactics. With your friends, form a squad of four distinct IAF Marine classes. Plan your attack using an unlockable arsenal of weapons with countless loadout configurations against a wide variety of aliens. Blaze your way through an overrun, off-world colony, eradicating the alien infestation in environments ranging from the icy planet's surface, to a subterranean lava-flooded mining facility. Along with the game get the complete code base for Alien Swarm that features updates to the Source engine as well as the SDK. Alien Swarm adds 3rd person camera, depth of field, improved dynamic shadows and a wide variety of gameplay additions to the Source engine. Tactical, 4 player co-op action game with a top-down perspective Complete game code and mod tools Unlock persistent items by gaining levels Over 40 weapons and equipment with countless loadout configurations 4 unique classes and 8 unique characters Matchmaking, Steam Cloud, Steam Stats 64 achievements Tile-based map generation tool Powered by Source and Steam",0,66,294,True,False,False,77,https://www.metacritic.com/game/pc/alien-swarm?ftag=MCD-06-10aaa1f,,,English,,Valve,Valve,"2, 1, 9, 22, 13, 67, 66, 68, 78, 69, 70, 23, 15, 17, 62","Single-player, Multi-player, Co-op, Steam Achievements, Captions available, Camera Comfort, Color Alternatives, Custom Volume Controls, Adjustable Difficulty, Stereo Sound, Surround Sound, Steam Cloud, Stats, Includes level editor, Family Sharing","1, 37","Action, Free To Play"
730,Counter-Strike 2,https://shared.akamai.steamstatic.com/store_item_assets/steam/apps/730/162664aa5da85f418105350c5d67ca565f6c3713/header.jpg?t=1784564069,http://counter-strike.net/,2012-08-21,True,0.0,,"For over two decades, Counter-Strike has offered an elite competitive experience, one shaped by millions of players from across the globe. And now the next chapter in the CS story is about to begin. This is Counter-Strike 2.A free upgrade to CS:GO, Counter-Strike 2 marks the largest technical leap in Counter-Strike’s history. Built on the Source 2 engine, Counter-Strike 2 is modernized with realistic physically-based rendering, state of the art networking, and upgraded Community Workshop tools.In addition to the classic objective-focused gameplay that Counter-Strike pioneered in 1999, Counter-Strike 2 features:All-new CS Ratings with the updated Premier modeGlobal and Regional leaderboardsUpgraded and overhauled mapsGame-changing dynamic smoke grenadesTick-rate-independent gameplayRedesigned visual effects and audioAll items from CS:GO moving forward to CS2","For over two decades, Counter-Strike has offered an elite competitive experience, one shaped by millions of players from across the globe. And now the next chapter in the CS story is about to begin. This is Counter-Strike 2.","For over two decades, Counter-Strike has offered an elite competitive experience, one shaped by millions of players from across the globe. And now the next chapter in the CS story is about to begin. This is Counter-Strike 2.A free upgrade to CS:GO, Counter-Strike 2 marks the largest technical leap in Counter-Strike’s history. Built on the Source 2 engine, Counter-Strike 2 is modernized with realistic physically-based rendering, state of the art networking, and upgraded Community Workshop tools.In addition to the classic objective-focused gameplay that Counter-Strike pioneered in 1999, Counter-Strike 2 features:All-new CS Ratings with the updated Premier modeGlobal and Regional leaderboardsUpgraded and overhauled mapsGame-changing dynamic smoke grenadesTick-rate-independent gameplayRedesigned visual effects and audioAll items from CS:GO moving forward to CS2",1,1,5249864,True,False,True,,,,,"Czech, Danish, Dutch, English, Finnish, French, German, Hungarian, Italian, Japanese, Korean, Norwegian, Polish, Portuguese - Portugal, Portuguese - Brazil, Romanian, Russian, Simplified Chinese, Spanish - Spain, Swedish, Thai, Traditional Chinese, Turkish, Bulgarian, Ukrainian, Greek, Spanish - Latin America, Vietnamese, Indonesian","English, Indonesian",Valve,Valve,"1, 27, 29, 51, 30, 35, 64, 67, 66, 68, 74, 69, 70, 8, 15, 41, 42, 43, 63","Multi-player, Cross-Platform Multiplayer, Steam Trading Cards, Steam Workshop, Steam Workshop, In-App Purchases, Adjustable Text Size, Camera Comfort, Color Alternatives, Custom Volume Controls, Playable without Timed Input, Stereo Sound, Surround Sound, Valve Anti-Cheat enabled, Stats, Remote Play on Phone, Remote Play on Tablet, Remote Play on TV, Steam Timeline","1, 37","Action, Free To Play"
1002,Rag Doll Kung Fu,https://shared.akamai.steamstatic.com/store_item_assets/steam/apps/1002/header.jpg?t=1611415705,http://www.ragdollkungfu.com/,2005-10-12,False,0.79,EUR,"A piece of Steam history - THE FIRST EVER NON VALVE GAME TO APPEAR ON THE STEAM PLATFORM! Featuring a wide collection of single and multiplayer games - supporting multiple mice, Rag Doll Kung Fu provides players with one of the most creative and unique game experiences delivered in years. Additionally, between those game rounds, the challenges of an aspiring Kung Fu master are revealed via outlandish cut scenes inspired by classic Kung Fu cinema.",A piece of Steam history - THE FIRST EVER NON VALVE GAME TO APPEAR ON THE STEAM PLATFORM!,"A piece of Steam history - THE FIRST EVER NON VALVE GAME TO APPEAR ON THE STEAM PLATFORM! Featuring a wide collection of single and multiplayer games - supporting multiple mice, Rag Doll Kung Fu provides players with one of the most creative and unique game experiences delivered in years. Additionally, between those game rounds, the challenges of an aspiring Kung Fu master are revealed via outlandish cut scenes inspired by classic Kung Fu cinema.",0,0,0,True,False,False,69,https://www.metacritic.com/game/pc/rag-doll-kung-fu?ftag=MCD-06-10aaa1f,,,English,,Mark Healey,Mark Healey,"2, 1, 62","Single-player, Multi-player, Family Sharing",23,Indie
1200,Red Orchestra: Ostfront 41-45,https://shared.akamai.steamstatic.com/store_item_assets/steam/apps/1200/header.jpg?t=1551467896,http://www.redorchestragame.com/,2006-03-14,False,3.99,EUR,"Fight in the theatre of war that changed the world forever. Battle alongside your compatriots on some of the most inhospitable environments of the Eastern Front in Red Orchestra: Ostfront 41-45. Red Orchestra places you in the most realistic WWII first-person multi-player combat to date on the PC, allowing the player to fight through some of the most intense combat of the war. You can play as infantry, using a wide range of infantry weapons, or crew one of the many armored combat vehicles available in the game, from half-tracks to the most famous German and Soviet heavy tanks. Engage the enemy with everything in your arsenal, from your bayonet at close quarters up to the massive 122mm cannon on the Soviet IS-2. And if that isn't enough, find an officer and a radio to call in thunderous artillery strikes to shake the enemy loose. Crew 16 fully realized vehicles with highly detailed exterior and interior models Choose from 30 authentic infantry weapons Full 50+ player online Multiplayer Support Unique Setting - the only FPS to focus on the WWII Russian Front Engage enemy tanks at 800 metres and more with the Simulation-level armored vehicle combat Fight the full range of combined arms infantry and vehicle combat in detailed environments based on real-world data, from city-centre to deeply rural settings Realistic bullet and projectile ballistics will make you duck for cover Coordinate strategies with your team-mates via Voice Over IP Authentic Immersive Sound FX and 3d Positional Sound System 3D 'Iron Sights' and unique 3D scope system True weapon deployment system including resting rifles on support Historically accurate artillery system Distance-based sound system dynamically creates the battle ambiance Advanced player movement system featuring diving over obstacles and leaning Custom 8 way animation system for highly realistic player animations New for Summer '07 This update includes a new map, a new vehicle and some major graphical enhancements to the game and is available to owners of the game for free through Steam. The new map - Krivoi Rog - gives players the largest tank slugfest to date, with 16 square kilometers of terrain, 3000 meter viewable range and up to 50 players. This map also features the new vehicle - the German Panzer IV G, providing the German players with some additional fire-power for the mid-war period. In addition to the new map and vehicle, an all-new adaptive bloom system has been added for the game's graphics, making the bloom crystal-clear even at low resolutions. For further eye-candy, Anti-Aliasing and Anisotropic Filtering settings are now configurable in-game. New for Spring '07 Ten new maps, the winning entries in Tripwire's Custom Map Competition. Tripwire worked with the developers of each of these maps to ensure the maps are optimized, polished, and gameplay balanced. Highlights in the new map-pack include: ""Smolensk Stalemate"": the contest winning map features perfectly balanced to-and-fro infantry combat through ruined villages and trenches in August 1943.""Leningrad"": features close-quarters infantry fighting in the ruined streets of the city, above them in the bombed-out buildings and deep beneath them in the sewers, all with close-in armor support.""Berezina"": the After-Hourz team surpass themselves on this rural/village map, introducing not just a new vehicle (the Russian BT-7 light tank), but also the first functional anti-tank gun in the game. To cap it off, the BT-7 even carries tank-riders.""Black Day July"": one of the very best for tank combat fans, set in the rolling countryside around Prokhorovka as German and Russian armor clash en masse during the Battle of Kursk. Increased player limits. A new level of intensity with 50+ player multiplayer battles (up from the previous limit of 32). New community made content, including the Russian BT-7 light tank with infantry tank riders and the first player controllable anti-tank gun in the game. New soundtrack: The ""Orchestra"" comes to the Ostfront - the game now features a complete in-game soundtrack from composer Matthew Burns. Gameplay enhancements. The addition of several features requested by the clan/ladder/league community to enhance competitive play.","Fight in the theatre of war that changed the world forever. Battle alongside your compatriots on some of the most inhospitable environments of the Eastern Front in Red Orchestra: Ostfront 41-45. Red Orchestra places you in the most realistic WWII first-person multi-player combat to date on the PC, allowing the player to fight through...","D-Day Anniversary 2016 Update for Darkest HourTo commemorate the 72nd anniversary of the D-Day landings in Normandy, we have added a total of five new official maps for the Darkest Hour mod!La Cambe (50+ players)St-Clement (32+ players)Dead Man’s Corner (8-16 players)Vierville (16-32 players)Foucarville (8-16 players)If you own RO:Ostfront the mod is completely free to you. To get your copy, simply head for the store page: HEREAbout the GameFight in the theatre of war that changed the world forever. Battle alongside your compatriots on some of the most inhospitable environments of the Eastern Front in Red Orchestra: Ostfront 41-45. Red Orchestra places you in the most realistic WWII first-person multi-player combat to date on the PC, allowing the player to fight through some of the most intense combat of the war. You can play as infantry, using a wide range of infantry weapons, or crew one of the many armored combat vehicles available in the game, from half-tracks to the most famous German and Soviet heavy tanks. Engage the enemy with everything in your arsenal, from your bayonet at close quarters up to the massive 122mm cannon on the Soviet IS-2. And if that isn't enough, find an officer and a radio to call in thunderous artillery strikes to shake the enemy loose. Crew 16 fully realized vehicles with highly detailed exterior and interior models Choose from 30 authentic infantry weapons Full 50+ player online Multiplayer Support Unique Setting - the only FPS to focus on the WWII Russian Front Engage enemy tanks at 800 metres and more with the Simulation-level armored vehicle combat Fight the full range of combined arms infantry and vehicle combat in detailed environments based on real-world data, from city-centre to deeply rural settings Realistic bullet and projectile ballistics will make you duck for cover Coordinate strategies with your team-mates via Voice Over IP Authentic Immersive Sound FX and 3d Positional Sound System 3D 'Iron Sights' and unique 3D scope system True weapon deployment system including resting rifles on support Historically accurate artillery system Distance-based sound system dynamically creates the battle ambiance Advanced player movement system featuring diving over obstacles and leaning Custom 8 way animation system for highly realistic player animations New for Summer '07 This update includes a new map, a new vehicle and some major graphical enhancements to the game and is available to owners of the game for free through Steam. The new map - Krivoi Rog - gives players the largest tank slugfest to date, with 16 square kilometers of terrain, 3000 meter viewable range and up to 50 players. This map also features the new vehicle - the German Panzer IV G, providing the German players with some additional fire-power for the mid-war period. In addition to the new map and vehicle, an all-new adaptive bloom system has been added for the game's graphics, making the bloom crystal-clear even at low resolutions. For further eye-candy, Anti-Aliasing and Anisotropic Filtering settings are now configurable in-game. New for Spring '07 Ten new maps, the winning entries in Tripwire's Custom Map Competition. Tripwire worked with the developers of each of these maps to ensure the maps are optimized, polished, and gameplay balanced. Highlights in the new map-pack include: ""Smolensk Stalemate"": the contest winning map features perfectly balanced to-and-fro infantry combat through ruined villages and trenches in August 1943.""Leningrad"": features close-quarters infantry fighting in the ruined streets of the city, above them in the bombed-out buildings and deep beneath them in the sewers, all with close-in armor support.""Berezina"": the After-Hourz team surpass themselves on this rural/village map, introducing not just a new vehicle (the Russian BT-7 light tank), but also the first functional anti-tank gun in the game. To cap it off, the BT-7 even carries tank-riders.""Black Day July"": one of the very best for tank combat fans, set in the rolling countryside around Prokhorovka as German and Russian armor clash en masse during the Battle of Kursk. Increased player limits. A new level of intensity with 50+ player multiplayer battles (up from the previous limit of 32). New community made content, including the Russian BT-7 light tank with infantry tank riders and the first player controllable anti-tank gun in the game. New soundtrack: The ""Orchestra"" comes to the Ostfront - the game now features a complete in-game soundtrack from composer Matthew Burns. Gameplay enhancements. The addition of several features requested by the clan/ladder/league community to enhance competitive play.",0,44,1523,True,True,True,81,https://www.metacritic.com/game/pc/red-orchestra-ostfront-41-45?ftag=MCD-06-10aaa1f,,,"English, French, Russian",,Tripwire Interactive,Tripwire Interactive,"1, 22, 8, 62","Multi-player, Steam Achievements, Valve Anti-Cheat enabled, Family Sharing",1,Action
1250,Killing Floor,https://shared.akamai.steamstatic.com/store_item_assets/steam/apps/1250/header.jpg?t=1726777771,http://www.killingfloorthegame.com,2009-05-14,False,19.99,EUR,"Killing Floor is a Co-op Survival Horror FPS set in the devastated cities and countryside of England after a series of cloning experiments for the military goes horribly wrong. You and your friends are members of the military dropped into these locations with a simple mission: Survive long enough to cleanse the area of the failed experiments! Cooperative gameplay for up to six players against multiple waves of specimens Persistent Perks system, allowing players to convert their in-game achievements into permanent improvements to their character's skills and abilities Over 170 Steam Achievements, including “Dignity for the dead” for killing 10 enemies feeding on dead teammates' corpses and “Hot Cross Fun” for finishing off 25 burning enemies with a Crossbow Slow-motion “ZEDtime” to better watch those crucial and violent creature deaths, even in multiplayer Solo game mode for offline play Ten different monster types trying to eat your face off, armed with everything from teeth and claws, to chainsaws, chain-guns and rocket-launchers 33+ weapons for the players to chose from, ranging from knives and fire-axes to pump shotguns, rifles and a flamethrower Equip your team with welders, medical tools and body armor to help your odds of survival Choose which Perks to play with to best balance out your co-op team against the horrors Open, non-linear play areas: choose when and where to fight — or run; weld doors closed to direct the monster horde down alternate corridors Fully-configurable, allowing players to change the difficulty level, number of creature waves, or even set up their own favorite waves of monsters Support for Steam Friends and other Steamworks features Includes Windows-only SDK for the creation of new levels and mods","6-player co-op survival horror at its finest! Free updates, free special events and a ridiculous amount of fun!","Wishlist Killing Floor 3!About the GameKilling Floor is a Co-op Survival Horror FPS set in the devastated cities and countryside of England after a series of cloning experiments for the military goes horribly wrong. You and your friends are members of the military dropped into these locations with a simple mission: Survive long enough to cleanse the area of the failed experiments! Cooperative gameplay for up to six players against multiple waves of specimens Persistent Perks system, allowing players to convert their in-game achievements into permanent improvements to their character's skills and abilities Over 170 Steam Achievements, including “Dignity for the dead” for killing 10 enemies feeding on dead teammates' corpses and “Hot Cross Fun” for finishing off 25 burning enemies with a Crossbow Slow-motion “ZEDtime” to better watch those crucial and violent creature deaths, even in multiplayer Solo game mode for offline play Ten different monster types trying to eat your face off, armed with everything from teeth and claws, to chainsaws, chain-guns and rocket-launchers 33+ weapons for the players to chose from, ranging from knives and fire-axes to pump shotguns, rifles and a flamethrower Equip your team with welders, medical tools and body armor to help your odds of survival Choose which Perks to play with to best balance out your co-op team against the horrors Open, non-linear play areas: choose when and where to fight — or run; weld doors closed to direct the monster horde down alternate corridors Fully-configurable, allowing players to change the difficulty level, number of creature waves, or even set up their own favorite waves of monsters Support for Steam Friends and other Steamworks features Includes Windows-only SDK for the creation of new levels and mods",21,285,40065,True,True,True,72,https://www.metacritic.com/game/pc/killing-floor?ftag=MCD-06-10aaa1f,http://support.tripwireinteractive.com/,,"English, French, Italian, German, Spanish - Spain, Hungarian, Polish, Russian","English, French, Italian, German, Spanish - Spain, Russian",Tripwire Interactive,Tripwire Interactive,"2, 1, 9, 27, 22, 29, 30, 8, 15, 17, 62","Single-player, Multi-player, Co-op, Cross-Platform Multiplayer, Steam Achievements, Steam Trading Cards, Steam Workshop, Valve Anti-Cheat enabled, Stats, Includes level editor, Family Sharing",1,Action
1300,SiN Episodes: Emergence,https://shared.akamai.steamstatic.com/store_item_assets/steam/apps/1300/header.jpg?t=1765989543,,2006-05-10,False,8.19,EUR,"You are John Blade, commander of HardCorps, an elite security force dedicated to protecting the people of Freeport City. Four years have passed since your first battle with Elexis Sinclaire, a beautiful, brilliant, and ruthless scientist who is out to remake humanity according to her own twisted vision. The law has failed to bring Elexis and her multi-billion dollar empire, SiNTEK, to justice, so Blade is determined to take matters into his own hands. Joining Blade on his mission are JC - a hacker with a secret to keep - and Jessica Cannon, a fiery rookie who can find her way into any secure facility. Enter the living, breathing world of Freeport City, a futuristic collision of New York, San Francisco and Tokyo. As Freeport continues to suffer from mutant attacks, you must now bring down Sinclaire before she can set her deadly plan in motion and alter the shape of humanity forever. SiN Episodes™: Emergence launches the new era of episodic gaming. A first person shooter powered by Valve's award-winning Source™ technology, SiN Episodes offers unprecedented interactivity, an engrossing story, and a revolutionary dynamic difficulty system that provides a custom experience based on your skill level and play style. Intense Combat: Face off against ruthless enemies, like jetpack soldiers and mutants that evolve as you fight them. Witness enemies that adapt to your actions and truly work as a team, as they cover each other and help fallen comrades to get back on their feet.Outsmart your opponents by using your surroundings to your advantage as you set up traps using lethal elements of the environment. Location-based damage rewards accuracy while melee combat moves enable you to get up-close and personal. Unprecedented Interactivity: Blast your way through highly interactive environments powered by an enhanced version of the Source engine. Characters dynamically react to what you're looking at and the environment. Target and shoot off specific vehicle parts and literally blow cars to pieces. Experience the next level of vehicle combat with a flexible positioning system enabling you to move around the interior with an unprecedented degree of freedom, allowing you to pick the ideal position to attack that enemy position up ahead. Personal Challenge System™: Driven by one of the most elaborate statistics systems ever created, SiN Episodes will constantly adapt to your playing style and offers a challenge that is custom-tailored to your skill level. Episodic Delivery: Buy as little or as much of the game as you want, with each installment offering 3 - 6 hours of action-packed gameplay. But tread lightly, as the choices you make may influence future episodes in unforeseen ways. Source Powered: Utilizing the same engine that powered Half-life® 2, Emergence gives you stunningly gorgeous graphics and intense physics-based gameplay.","You are John Blade, commander of HardCorps, an elite security force dedicated to protecting the people of Freeport City. Four years have passed since your first battle with Elexis Sinclaire, a beautiful, brilliant, and ruthless scientist who is out to remake humanity according to her own twisted vision.","You are John Blade, commander of HardCorps, an elite security force dedicated to protecting the people of Freeport City. Four years have passed since your first battle with Elexis Sinclaire, a beautiful, brilliant, and ruthless scientist who is out to remake humanity according to her own twisted vision. The law has failed to bring Elexis and her multi-billion dollar empire, SiNTEK, to justice, so Blade is determined to take matters into his own hands. Joining Blade on his mission are JC - a hacker with a secret to keep - and Jessica Cannon, a fiery rookie who can find her way into any secure facility. Enter the living, breathing world of Freeport City, a futuristic collision of New York, San Francisco and Tokyo. As Freeport continues to suffer from mutant attacks, you must now bring down Sinclaire before she can set her deadly plan in motion and alter the shape of humanity forever. SiN Episodes™: Emergence launches the new era of episodic gaming. A first person shooter powered by Valve's award-winning Source™ technology, SiN Episodes offers unprecedented interactivity, an engrossing story, and a revolutionary dynamic difficulty system that provides a custom experience based on your skill level and play style. Intense Combat: Face off against ruthless enemies, like jetpack soldiers and mutants that evolve as you fight them. Witness enemies that adapt to your actions and truly work as a team, as they cover each other and help fallen comrades to get back on their feet.Outsmart your opponents by using your surroundings to your advantage as you set up traps using lethal elements of the environment. Location-based damage rewards accuracy while melee combat moves enable you to get up-close and personal. Unprecedented Interactivity: Blast your way through highly interactive environments powered by an enhanced version of the Source engine. Characters dynamically react to what you're looking at and the environment. Target and shoot off specific vehicle parts and literally blow cars to pieces. Experience the next level of vehicle combat with a flexible positioning system enabling you to move around the interior with an unprecedented degree of freedom, allowing you to pick the ideal position to attack that enemy position up ahead. Personal Challenge System™: Driven by one of the most elaborate statistics systems ever created, SiN Episodes will constantly adapt to your playing style and offers a challenge that is custom-tailored to your skill level. Episodic Delivery: Buy as little or as much of the game as you want, with each installment offering 3 - 6 hours of action-packed gameplay. But tread lightly, as the choices you make may influence future episodes in unforeseen ways. Source Powered: Utilizing the same engine that powered Half-life® 2, Emergence gives you stunningly gorgeous graphics and intense physics-based gameplay.",0,0,1118,True,False,False,75,https://www.metacritic.com/game/pc/sin-episodes-emergence?ftag=MCD-06-10aaa1f,,,"English, Russian, French",,Ritual Entertainment,"Atari, Nightdive Studios","2, 15, 62","Single-player, Stats, Family Sharing",1,Action
1313,SiN Gold,https://shared.akamai.steamstatic.com/store_item_assets/steam/apps/1313/header.jpg?t=1765989643,https://www.nightdivestudios.com/,2020-03-18,False,8.19,EUR,"When the CEO of SinTEK Industries begins injecting the streets with a DNA-altering drug, it's time to reassess the laws of morality. When the same twisted bio-chemist plans to overtake the world with her unholy army of genetically-engineered mutants, it's time to rewrite the golden rule.You are Colonel John R. Blade, head of the most prominent private protection agency in Freeport. Now Elexis Sinclaire is waging her holy war against the security industry...and you along with it. You've made a religion out of fighting crime. Now you're going to make Elexis pay for her sins.Updated Features* Added ""Wages of SiN"" expansion* Added modernized Steam master server support* Added and restored editing SDK* Added support for additional 16:9 video resolutions* Restored/uncensored various original game assetsGeneral Improvements* Optimizations to math, container types, and search algorithms* Restored support for *.sin pack files, re-packed assets* Removed obsolete IPX networking support* Restored original sound and music engine* Changed video format to open-source/patent-free OGV/TheoraFixes* Fixed crash in Docks cinematic* Fixed incorrect behavior in Thug AI* Fixed undefined camera position and occasional crash in Wages of SiN ending cinematic* r_palettemode cvar for software mode now reads and writes correct configuration variable* Fixed memory corruption issue during multiplayer initialization* cl_maxfps default changed to 200 to avoid issues with game running too fast* Repaired issue with extremely loud sounds on menu screens when FPS is too high* Fixed possible soft lock when using menu hotkeys while inside an in-game computer console* Restored missing assets for Beecadrone enemy",SiN: Gold has returned! Free update for original owners!,"When the CEO of SinTEK Industries begins injecting the streets with a DNA-altering drug, it's time to reassess the laws of morality. When the same twisted bio-chemist plans to overtake the world with her unholy army of genetically-engineered mutants, it's time to rewrite the golden rule.You are Colonel John R. Blade, head of the most prominent private protection agency in Freeport. Now Elexis Sinclaire is waging her holy war against the security industry...and you along with it. You've made a religion out of fighting crime. Now you're going to make Elexis pay for her sins.Updated Features* Added ""Wages of SiN"" expansion* Added modernized Steam master server support* Added and restored editing SDK* Added support for additional 16:9 video resolutions* Restored/uncensored various original game assetsGeneral Improvements* Optimizations to math, container types, and search algorithms* Restored support for *.sin pack files, re-packed assets* Removed obsolete IPX networking support* Restored original sound and music engine* Changed video format to open-source/patent-free OGV/TheoraFixes* Fixed crash in Docks cinematic* Fixed incorrect behavior in Thug AI* Fixed undefined camera position and occasional crash in Wages of SiN ending cinematic* r_palettemode cvar for software mode now reads and writes correct configuration variable* Fixed memory corruption issue during multiplayer initialization* cl_maxfps default changed to 200 to avoid issues with game running too fast* Repaired issue with extremely loud sounds on menu screens when FPS is too high* Fixed possible soft lock when using menu hotkeys while inside an in-game computer console* Restored missing assets for Beecadrone enemy",0,0,390,True,False,False,,,,support@nightdivestudios.com,"English, French",,"Ritual Entertainment, Nightdive Studios","Nightdive Studios, Atari","2, 1, 49, 36, 47, 62","Single-player, Multi-player, PvP, Online PvP, LAN PvP, Family Sharing",1,Action
1500,Darwinia,https://shared.akamai.steamstatic.com/store_item_assets/steam/apps/1500/header.jpg?t=1779028568,http://www.darwinia.co.uk/,2005-12-01,False,11.79,EUR,"Darwinia is a unique mix of real-time strategy, action, and puzzles, featuring an innovative gesture-based control system. Save the Darwinians, battle viruses, and solve challenges to restore order in a stunning, retro-inspired digital world. Winner of multiple prestigious awards, including the Seumas McNally Grand Prize at IGF 2006, Darwinia is a must-play for strategy and action fans alike.Step into the vibrant world of Darwinia, a digital theme park created by the eccentric Dr. Sepulveda, where evolving AI creatures called Darwinians live. Their peaceful existence is disrupted by a dangerous virus, and as a hacker, it's up to you to save them. Dive into this corrupted digital realm, battle the virus, and uncover the mysteries threatening the Darwinians' survival.Darwinia blends real-time strategy, action, and puzzles in an exciting mix. Control ""programs"" to fight viruses, herd Darwinians, and complete objectives. With a unique gesture-based control system, you draw shapes to summon units, adding a fresh twist to the strategy genre. As you progress, new abilities and tougher challenges keep the gameplay engaging.Darwinia's retro-inspired, polygon-based visuals transport you to a colorful, abstract digital world that feels like a love letter to 80s classics like Tron and Defender. Its striking style, combined with fluid animations, makes it visually timeless. The game’s unique blend of nostalgia and modern flair led to widespread acclaim, winning multiple prestigious awards, including the IGF's Seamus McNally Grand Prize. Now fully remastered for modern systems, Darwinia’s classic charm shines as brightly today as when it first launched, making it a must-play for both old and new fans alike.Introversion Software has been developing games since 2001, and stands behind acclaimed titles like Uplink, Defcon, Darwinia, Multiwinia, Prison Architect, Scanner Sombre, and their latest release, The Last Starship. Introversion has garnered both critical and commercial success being recognised with multiple awards including the IGF grand prize for Darwinia and BAFTA for best persistent game (Prison Architect). They have sold more than 4M copies of their games worldwide.","Darwinia blends real-time strategy, action, and puzzles with a unique gesture-based control system. Save the Darwinians, battle viruses, and restore order in a retro-inspired digital world. Winner of multiple prestigious awards, including the Seumas McNally Grand Prize at IGF 2006.","Darwinia is a unique mix of real-time strategy, action, and puzzles, featuring an innovative gesture-based control system. Save the Darwinians, battle viruses, and solve challenges to restore order in a stunning, retro-inspired digital world. Winner of multiple prestigious awards, including the Seumas McNally Grand Prize at IGF 2006, Darwinia is a must-play for strategy and action fans alike.Step into the vibrant world of Darwinia, a digital theme park created by the eccentric Dr. Sepulveda, where evolving AI creatures called Darwinians live. Their peaceful existence is disrupted by a dangerous virus, and as a hacker, it's up to you to save them. Dive into this corrupted digital realm, battle the virus, and uncover the mysteries threatening the Darwinians' survival.Darwinia blends real-time strategy, action, and puzzles in an exciting mix. Control ""programs"" to fight viruses, herd Darwinians, and complete objectives. With a unique gesture-based control system, you draw shapes to summon units, adding a fresh twist to the strategy genre. As you progress, new abilities and tougher challenges keep the gameplay engaging.Darwinia's retro-inspired, polygon-based visuals transport you to a colorful, abstract digital world that feels like a love letter to 80s classics like Tron and Defender. Its striking style, combined with fluid animations, makes it visually timeless. The game’s unique blend of nostalgia and modern flair led to widespread acclaim, winning multiple prestigious awards, including the IGF's Seamus McNally Grand Prize. Now fully remastered for modern systems, Darwinia’s classic charm shines as brightly today as when it first launched, making it a must-play for both old and new fans alike.Introversion Software has been developing games since 2001, and stands behind acclaimed titles like Uplink, Defcon, Darwinia, Multiwinia, Prison Architect, Scanner Sombre, and their latest release, The Last Starship. Introversion has garnered both critical and commercial success being recognised with multiple awards including the IGF grand prize for Darwinia and BAFTA for best persistent game (Prison Architect). They have sold more than 4M copies of their games worldwide.",0,0,781,True,True,True,84,https://www.metacritic.com/game/pc/darwinia?ftag=MCD-06-10aaa1f,,,"English, German, French, Italian, Spanish - Spain",,Introversion Software,Introversion Software,"2, 28, 23, 17, 62","Single-player, Full controller support, Steam Cloud, Includes level editor, Family Sharing","23, 2","Indie, Strategy"
1510,Uplink,https://shared.akamai.steamstatic.com/store_item_assets/steam/apps/1510/header.jpg?t=1739068939,http://www.uplink.co.uk/,2006-08-23,False,11.79,EUR,"In Uplink, play as a freelance hacker taking on high-stakes contracts. Hack into secure systems, steal data, sabotage rivals, and manipulate evidence. Choose to support factions or go rogue, upgrading your tools and skills with each mission. As you navigate this world of cyber espionage, your choices have lasting consequences, influencing the direction of the story and your place within it.As a freelance hacker, you'll infiltrate high-security systems, steal corporate data, sabotage rivals, and frame others for cybercrimes. Success hinges on mastering tools like password crackers and log modifiers while evading detection by bouncing connections and erasing tracks.In Uplink, progression and upgrades drive your rise from rookie hacker to cyber-espionage expert. Earn credits by completing contracts, then invest in faster CPUs, advanced software, and powerful tools to take on tougher missions. As your skills grow, so do the stakes, creating a thrilling loop of challenge and reward that keeps the gameplay endlessly engaging.Your choices shape the story and the world around you. You can align with rival corporations, support one side, or remain neutral, each path influencing your missions and alliances. Alternatively, you can focus entirely on freelance hacking, building your reputation and wealth. Your decisions lead to different outcomes, making every playthrough unique and ensuring a dynamic, replayable experience.Introversion Software has been developing games since 2001, and stands behind acclaimed titles like Uplink, Defcon, Darwinia, Multiwinia, Prison Architect, Scanner Sombre, and their latest release, The Last Starship. Introversion has garnered both critical and commercial success being recognised with multiple awards including the IGF grand prize for Darwinia and BAFTA for best persistent game (Prison Architect). They have sold more than 4M copies of their games worldwide.","Uplink lets you play as a freelance hacker tackling risky contracts for corporations. Break into systems, steal data, sabotage rivals, and upgrade your gear. Support factions or go rogue in this immersive, strategy-driven hacking simulation game where your choices shape the outcome.","In Uplink, play as a freelance hacker taking on high-stakes contracts. Hack into secure systems, steal data, sabotage rivals, and manipulate evidence. Choose to support factions or go rogue, upgrading your tools and skills with each mission. As you navigate this world of cyber espionage, your choices have lasting consequences, influencing the direction of the story and your place within it.As a freelance hacker, you'll infiltrate high-security systems, steal corporate data, sabotage rivals, and frame others for cybercrimes. Success hinges on mastering tools like password crackers and log modifiers while evading detection by bouncing connections and erasing tracks.In Uplink, progression and upgrades drive your rise from rookie hacker to cyber-espionage expert. Earn credits by completing contracts, then invest in faster CPUs, advanced software, and powerful tools to take on tougher missions. As your skills grow, so do the stakes, creating a thrilling loop of challenge and reward that keeps the gameplay endlessly engaging.Your choices shape the story and the world around you. You can align with rival corporations, support one side, or remain neutral, each path influencing your missions and alliances. Alternatively, you can focus entirely on freelance hacking, building your reputation and wealth. Your decisions lead to different outcomes, making every playthrough unique and ensuring a dynamic, replayable experience.Introversion Software has been developing games since 2001, and stands behind acclaimed titles like Uplink, Defcon, Darwinia, Multiwinia, Prison Architect, Scanner Sombre, and their latest release, The Last Starship. Introversion has garnered both critical and commercial success being recognised with multiple awards including the IGF grand prize for Darwinia and BAFTA for best persistent game (Prison Architect). They have sold more than 4M copies of their games worldwide.",0,0,1769,True,True,True,75,https://www.metacritic.com/game/pc/uplink-hacker-elite?ftag=MCD-06-10aaa1f,,,English,,Introversion Software,Introversion Software,"2, 62","Single-player, Family Sharing","23, 2","Indie, Strategy"
1520,DEFCON,https://shared.akamai.steamstatic.com/store_item_assets/steam/apps/1520/header.jpg?t=1739091415,http://www.everybody-dies.com/,2006-09-29,False,11.79,EUR,"DEFCON, inspired by the 1983 cult classic Wargames, is a Cold War-era strategy game simulating global thermonuclear war. Hidden in an underground bunker, your goal is to annihilate enemy populations while protecting your own. Fragile alliances and betrayals shape the high-stakes gameplay, as every attack exposes you to retaliation. With its minimalist interface, DEFCON tracks death tolls in real-time, blending psychological tension with strategic depth. In nuclear Armageddon, everybody loses. You just have to lose the least.Experience the chilling reality of global thermonuclear war in DEFCON. Position submarines, silos, and air defenses to engage in strategic nuclear exchanges. Every attack reveals your own vulnerabilities, making each decision a high-stakes gamble. The minimalist, military-style interface, and chilling soundscape heightens the tension.DEFCON shines in multiplayer, where alliances are forged and broken in a heartbeat. Engage in brinkmanship, balancing aggression with self-preservation, to avoid triggering total nuclear war. The ultimate goal: ensure you lose the least, as paranoia and betrayal dominate every moment.DEFCON doesn’t just simulate war — it emphasizes its devastating cost. Real-time death tolls track the human impact as cities are obliterated and the globe plunges into darkness.DEFCON was the 3rd major game from acclaimed indie developer, Introversion Software, which then went onto to develop the BAFTA winning game, Prison Architect.Introversion Software has been developing games since 2001, and stands behind acclaimed titles like Uplink, Darwinia, Multiwinia, Prison Architect, Scanner Sombre, and their latest release, The Last Starship. Introversion has garnered both critical and commercial success being recognised with multiple awards including the IGF grand prize for Darwinia and BAFTA for best persistent game (Prison Architect). They have sold more than 4M copies of their games worldwide.","Inspired by the 1983 cult classic film, Wargames, DEFCON superbly evokes the tension, paranoia and suspicion of the Cold War era, playing on the fascinating aspects of psychological gameplay that occur during strategic nuclear warfare.","DEFCON, inspired by the 1983 cult classic Wargames, is a Cold War-era strategy game simulating global thermonuclear war. Hidden in an underground bunker, your goal is to annihilate enemy populations while protecting your own. Fragile alliances and betrayals shape the high-stakes gameplay, as every attack exposes you to retaliation. With its minimalist interface, DEFCON tracks death tolls in real-time, blending psychological tension with strategic depth. In nuclear Armageddon, everybody loses. You just have to lose the least.Experience the chilling reality of global thermonuclear war in DEFCON. Position submarines, silos, and air defenses to engage in strategic nuclear exchanges. Every attack reveals your own vulnerabilities, making each decision a high-stakes gamble. The minimalist, military-style interface, and chilling soundscape heightens the tension.DEFCON shines in multiplayer, where alliances are forged and broken in a heartbeat. Engage in brinkmanship, balancing aggression with self-preservation, to avoid triggering total nuclear war. The ultimate goal: ensure you lose the least, as paranoia and betrayal dominate every moment.DEFCON doesn’t just simulate war — it emphasizes its devastating cost. Real-time death tolls track the human impact as cities are obliterated and the globe plunges into darkness.DEFCON was the 3rd major game from acclaimed indie developer, Introversion Software, which then went onto to develop the BAFTA winning game, Prison Architect.Introversion Software has been developing games since 2001, and stands behind acclaimed titles like Uplink, Darwinia, Multiwinia, Prison Architect, Scanner Sombre, and their latest release, The Last Starship. Introversion has garnered both critical and commercial success being recognised with multiple awards including the IGF grand prize for Darwinia and BAFTA for best persistent game (Prison Architect). They have sold more than 4M copies of their games worldwide.",0,22,3459,True,True,True,84,https://www.metacritic.com/game/pc/defcon-everybody-dies?ftag=MCD-06-10aaa1f,http://support.introversion.co.uk/,,"English, French, German, Italian, Spanish - Spain",,Introversion Software,Introversion Software,"2, 1, 49, 36, 47, 9, 38, 48, 27, 22, 62","Single-player, Multi-player, PvP, Online PvP, LAN PvP, Co-op, Online Co-op, LAN Co-op, Cross-Platform Multiplayer, Steam Achievements, Family Sharing","23, 2","Indie, Strategy"
1530,Multiwinia,https://shared.akamai.steamstatic.com/store_item_assets/steam/apps/1530/header.jpg?t=1739429210,http://www.introversion.co.uk/multiwinia/,2008-09-19,False,11.79,EUR,"Multiwinia is a fast-paced, retro-inspired RTS that combines arcade action with strategic depth. Lead armies of Multiwinians in thrilling multiplayer battles across 50 unique maps, with modes like Domination and King of the Hill. Featuring simple controls, dynamic gameplay, and unpredictable events, it offers endless fun and challenge for players of all skill levels.Multiwinia delivers fast-paced multiplayer battles in exciting game modes like Domination and King of the Hill. Command your army of Multiwinians in strategic conflicts where quick thinking and rapid execution matter. Whether teaming up with friends or competing against rivals, each session offers new challenges, with 50 maps and customizable match settings to keep the action fresh.Dive into a world of vibrant colors and retro-inspired, polygon-based graphics that create a striking digital environment. The beautifully crafted visuals are complemented by random events, like power-up crates and monstrous surprises, which add unpredictability to every match and keep things exciting and fresh.Multiwinia offers intuitive controls, allowing you to command large armies without complex menus. The blend of classic RTS and arcade-style excitement keeps the gameplay fast, strategic, and fun. Every move counts, delivering thrilling action as you outsmart and outmaneuver your opponents.Introversion Software has been developing games since 2001, and stands behind acclaimed titles like Uplink, Defcon, Darwinia, Multiwinia, Prison Architect, Scanner Sombre, and their latest release, The Last Starship. Introversion has garnered both critical and commercial success being recognised with multiple awards including the IGF grand prize for Darwinia and BAFTA for best persistent game (Prison Architect). They have sold more than 4M copies of their games worldwide.","Multiwinia is a fast-paced, retro-inspired RTS that blends arcade action with strategic depth. Command armies of Multiwinians in multiplayer battles across vibrant, nostalgic environments. With simple controls and dynamic gameplay, it offers endless fun and challenge for players of all skill levels.","Multiwinia is a fast-paced, retro-inspired RTS that combines arcade action with strategic depth. Lead armies of Multiwinians in thrilling multiplayer battles across 50 unique maps, with modes like Domination and King of the Hill. Featuring simple controls, dynamic gameplay, and unpredictable events, it offers endless fun and challenge for players of all skill levels.Multiwinia delivers fast-paced multiplayer battles in exciting game modes like Domination and King of the Hill. Command your army of Multiwinians in strategic conflicts where quick thinking and rapid execution matter. Whether teaming up with friends or competing against rivals, each session offers new challenges, with 50 maps and customizable match settings to keep the action fresh.Dive into a world of vibrant colors and retro-inspired, polygon-based graphics that create a striking digital environment. The beautifully crafted visuals are complemented by random events, like power-up crates and monstrous surprises, which add unpredictability to every match and keep things exciting and fresh.Multiwinia offers intuitive controls, allowing you to command large armies without complex menus. The blend of classic RTS and arcade-style excitement keeps the gameplay fast, strategic, and fun. Every move counts, delivering thrilling action as you outsmart and outmaneuver your opponents.Introversion Software has been developing games since 2001, and stands behind acclaimed titles like Uplink, Defcon, Darwinia, Multiwinia, Prison Architect, Scanner Sombre, and their latest release, The Last Starship. Introversion has garnered both critical and commercial success being recognised with multiple awards including the IGF grand prize for Darwinia and BAFTA for best persistent game (Prison Architect). They have sold more than 4M copies of their games worldwide.",0,12,409,True,True,False,76,https://www.metacritic.com/game/pc/multiwinia-survival-of-the-flattest?ftag=MCD-06-10aaa1f,,,"English, French, Italian, German, Spanish - Spain",,Introversion Software,Introversion Software,"2, 1, 49, 36, 47, 9, 38, 48, 22, 62","Single-player, Multi-player, PvP, Online PvP, LAN PvP, Co-op, Online Co-op, LAN Co-op, Steam Achievements, Family Sharing",23,Indie
1600,Dangerous Waters,https://shared.akamai.steamstatic.com/store_item_assets/steam/apps/1600/header.jpg?t=1759951459,http://www.scs-dangerouswaters.com/,2006-02-07,False,4.9,EUR,"S.C.S. - Dangerous Waters allows you total control over multiple air, surface, and submarine platforms in a modern-day naval environment. Take direct control of individual crew stations and also plan and execute combined arms naval strategies from a top-down 'Commanders Eye' perspective.","S.C.S. - Dangerous Waters allows you total control over multiple air, surface, and submarine platforms in a modern-day naval environment. Take direct control of individual crew stations and also plan and execute combined arms naval strategies from a top-down 'Commanders Eye' perspective.","S.C.S. - Dangerous Waters allows you total control over multiple air, surface, and submarine platforms in a modern-day naval environment. Take direct control of individual crew stations and also plan and execute combined arms naval strategies from a top-down 'Commanders Eye' perspective.",0,0,352,True,False,False,82,https://www.metacritic.com/game/pc/dangerous-waters?ftag=MCD-06-10aaa1f,http://strategyfirst.com/products/support.html,,English,,Sonalysts,Strategy First,"2, 1, 62","Single-player, Multi-player, Family Sharing",2,Strategy
1610,Space Empires IV Deluxe,https://shared.akamai.steamstatic.com/store_item_assets/steam/apps/1610/header.jpg?t=1759953528,,2006-02-07,False,3.99,EUR,"The award-winning Space Empires IV Deluxe is the latest edition in the Space Empires series. A grand strategy title in the space 4X (explore, expand, exploit, and exterminate) genre, Space Empires has already found a place in the heart of strategy gamers everywhere. Research technology, design new ships, wage war on a tactical level, put down rebellions, meet and greet new species, and much more. All the level and campaign design tools are included, allowing anyone to become a part of the expansive Space Empires Mod community.","The award-winning Space Empires IV Deluxe is the latest edition in the Space Empires series. A grand strategy title in the space 4X (explore, expand, exploit, and exterminate) genre, Space Empires has already found a place in the heart of strategy gamers everywhere.","The award-winning Space Empires IV Deluxe is the latest edition in the Space Empires series. A grand strategy title in the space 4X (explore, expand, exploit, and exterminate) genre, Space Empires has already found a place in the heart of strategy gamers everywhere. Research technology, design new ships, wage war on a tactical level, put down rebellions, meet and greet new species, and much more. All the level and campaign design tools are included, allowing anyone to become a part of the expansive Space Empires Mod community.",0,0,260,True,False,False,79,http://www.metacritic.com/game/pc/space-empires-iv?ftag=MCD-06-10aaa1f,,,English,,Malfador Machinations,Strategy First,"2, 1, 62","Single-player, Multi-player, Family Sharing",2,Strategy
1620,Jagged Alliance 2 Gold,https://shared.akamai.steamstatic.com/store_item_assets/steam/apps/1620/header.jpg?t=1764098252,http://www.jaggedalliance2.com/,2006-07-06,False,19.99,EUR,"The small country of Arulco has been taken over by a merciless dictator - and only you can loosen the iron grip! Jagged Alliance 2 Gold Pack immerses you into an elaborate role-playing universe where you will interact with more than 150 characters, recruit your own band of soldiers and create your own custom mercenary to win back Arulco - not once, but twice! The perfect blend of strategy, role playing and tactical combat!Jagged Alliance 2: Gold includes the original Jagged Alliance 2 and the Unfinished Business Expansion Pack!","The small country of Arulco has been taken over by a merciless dictator - and only you can loosen the iron grip! Jagged Alliance 2 Gold Pack immerses you into an elaborate role-playing universe where you will interact with more than 150 characters, recruit your own band of soldiers and create your own custom mercenary to win...","The small country of Arulco has been taken over by a merciless dictator - and only you can loosen the iron grip! Jagged Alliance 2 Gold Pack immerses you into an elaborate role-playing universe where you will interact with more than 150 characters, recruit your own band of soldiers and create your own custom mercenary to win back Arulco - not once, but twice! The perfect blend of strategy, role playing and tactical combat!Jagged Alliance 2: Gold includes the original Jagged Alliance 2 and the Unfinished Business Expansion Pack!",0,0,0,True,False,False,,,,,English,,Sir-Tech,Strategy First,"2, 62","Single-player, Family Sharing",2,Strategy
1630,Disciples II: Rise of the Elves ,https://shared.akamai.steamstatic.com/store_item_assets/steam/apps/1630/18139052d97557c6f452b045a169b31c17890675/header.jpg?t=1764279401,http://www.disciples2.com/D2/elves/,2006-07-06,False,5.89,EUR,"The award-winning series Disciples introduced a milestone in the game's very successful history; the introduction of a new race: The Elves. The Elven Race added a new dimension to the game and added countless hours of gameplay. Now that series has expanded further with Disciples II: Rise Of The Elves. This version features all of the campaigns found in the original and a brand new campaign that continues the storyline of the Elven Race. It also includes 14 new skirmish maps to test hone your skills. Key features New campaign that continues the Elven Storyline 14 new skirmish maps to test gamer's skills 5 playable races to choose from; the Empire; the Undead Hordes, the Mountain Clans, the Legions of the Damned, and the Elven Alliance The Elven tech tree allows players to choose between Noble or Wild Elves increasing replayability Over 200 individually animated unit types and over 100 different spells Scenario editor to create your own adventures Battle friends and enemies in multiplayer over LAN, Internet or Hot-Seat play",The award-winning series Disciples introduced a milestone in the game's very successful history; the introduction of a new race: The Elves. The Elven Race added a new dimension to the game and added countless hours of gameplay. Now that series has expanded further with Disciples II: Rise Of The Elves.,"The award-winning series Disciples introduced a milestone in the game's very successful history; the introduction of a new race: The Elves. The Elven Race added a new dimension to the game and added countless hours of gameplay. Now that series has expanded further with Disciples II: Rise Of The Elves. This version features all of the campaigns found in the original and a brand new campaign that continues the storyline of the Elven Race. It also includes 14 new skirmish maps to test hone your skills. Key features New campaign that continues the Elven Storyline 14 new skirmish maps to test gamer's skills 5 playable races to choose from; the Empire; the Undead Hordes, the Mountain Clans, the Legions of the Damned, and the Elven Alliance The Elven tech tree allows players to choose between Noble or Wild Elves increasing replayability Over 200 individually animated unit types and over 100 different spells Scenario editor to create your own adventures Battle friends and enemies in multiplayer over LAN, Internet or Hot-Seat play",0,0,1271,True,False,False,80,https://www.metacritic.com/game/pc/disciples-ii-rise-of-the-elves?ftag=MCD-06-10aaa1f,,,English,,Strategy First,Strategy First,"2, 1, 9, 62","Single-player, Multi-player, Co-op, Family Sharing",2,Strategy
1640,Disciples II: Gallean's Return,https://shared.akamai.steamstatic.com/store_item_assets/steam/apps/1640/header.jpg?t=1759955914,http://www.disciples2.com/D2/elves/,2006-07-06,False,5.89,EUR,"Disciples II: Gallean's Return is a compilation edition that includes the base game, Disciples II: Dark Prophecy, plus the two standalone expansions Disciples II: Guardians of the Light and Disciples II: Servants of the Dark. Disciples II: Guardians of the Light is a stand-alone expansion that lets you dive into the fantastical world of Disciples II as either the Empire or the Mountain Clans. The Empire is decaying from within as self-proclaimed rulers struggle for control of the now vacant throne while a cruel Inquisition sweeps across the human lands, causing rebellion and misery. Meanwhile the Clans, recovering from their near-destruction, begin to reunite their tribes. They have received divine instructions and now seek to uncover an ancient ritual that will let them communicate with their god, Wotan. Disciples II: Servants of the Dark is a stand-alone expansion that brings you into the never-ending quest for supremacy as either the Undead Hordes or the Legions of the Damned. On the dark side, the Legions of the Damned enact a plan to spread Bethrezen’s plague across Nevendaar. They sense the threat brought about by the rebirth of the Elven god and will stop at nothing to steal this power for their own purposes. Perhaps most pivotal to the conflict, however, is Mortis and her army of Undead Hordes. After all, the rebirth of her husband Gallean was her doing. He had rejected her for what she had become, a twisted, heartless beast. Now she would teach her mate a lesson... one that would scar his people for eternity... Features Random map generator Multiple resolution support High level unit AI support Improved computer AI Improved editor Improved UI Auto-Resolve Combat mode Player can capture capitals Direct 3D support for improved performance Enhanced chat interface Support for large maps, 120x120 and 144x144 All the updates for Disciples II: Dark Prophecy 2 new high-level mini campaigns and original Disciples II campaigns 16 skirmish/multiplayer maps including 10 never-before-seen maps 3 new special characters New capital backgrounds New battle backgrounds Four new music tracks Exclusive portfolio containing original concept art and sketches","Disciples II: Gallean's Return is a compilation edition that includes the base game, Disciples II: Dark Prophecy, plus the two standalone expansions Disciples II: Guardians of the Light and Disciples II: Servants of the Dark.","Disciples II: Gallean's Return is a compilation edition that includes the base game, Disciples II: Dark Prophecy, plus the two standalone expansions Disciples II: Guardians of the Light and Disciples II: Servants of the Dark. Disciples II: Guardians of the Light is a stand-alone expansion that lets you dive into the fantastical world of Disciples II as either the Empire or the Mountain Clans. The Empire is decaying from within as self-proclaimed rulers struggle for control of the now vacant throne while a cruel Inquisition sweeps across the human lands, causing rebellion and misery. Meanwhile the Clans, recovering from their near-destruction, begin to reunite their tribes. They have received divine instructions and now seek to uncover an ancient ritual that will let them communicate with their god, Wotan. Disciples II: Servants of the Dark is a stand-alone expansion that brings you into the never-ending quest for supremacy as either the Undead Hordes or the Legions of the Damned. On the dark side, the Legions of the Damned enact a plan to spread Bethrezen’s plague across Nevendaar. They sense the threat brought about by the rebirth of the Elven god and will stop at nothing to steal this power for their own purposes. Perhaps most pivotal to the conflict, however, is Mortis and her army of Undead Hordes. After all, the rebirth of her husband Gallean was her doing. He had rejected her for what she had become, a twisted, heartless beast. Now she would teach her mate a lesson... one that would scar his people for eternity... Features Random map generator Multiple resolution support High level unit AI support Improved computer AI Improved editor Improved UI Auto-Resolve Combat mode Player can capture capitals Direct 3D support for improved performance Enhanced chat interface Support for large maps, 120x120 and 144x144 All the updates for Disciples II: Dark Prophecy 2 new high-level mini campaigns and original Disciples II campaigns 16 skirmish/multiplayer maps including 10 never-before-seen maps 3 new special characters New capital backgrounds New battle backgrounds Four new music tracks Exclusive portfolio containing original concept art and sketches",0,0,1471,True,False,False,84,https://www.metacritic.com/game/pc/disciples-ii-dark-prophecy?ftag=MCD-06-10aaa1f,,,English,,Strategy First,Strategy First,"2, 1, 9, 62","Single-player, Multi-player, Co-op, Family Sharing",2,Strategy
1670,Iron Warriors: T-72 Tank Command ,https://shared.akamai.steamstatic.com/store_item_assets/steam/apps/1670/68fa2dd65f58717b9e593c04f0f92d51d58020cd/header.jpg?t=1775918963,,2006-07-26,False,5.89,EUR,"The most devastating mechanized armor to ever roll onto a battlefield is brought to life in Iron Warriors: T72-Tank Command. This epic combat simulator allows the player to command an entire platoon of tanks and ALL associated support units, or assume the role of ANY member in a complete tank crew!The realism of both the physics and 3D engine creates game environments where real life armored tactic become the only way to survive on the today's modern battlefield! Three of Russia's most devastating and powerful tanks ever produced are yours to control; the T - 34-85, T-55A and T-72B! Roll these mechanized monsters through 18 campaigns, 2 training missions, 5 single player missions and 3 multiplayer (LAN) missions. Master your tank and crew and you will soon take command of other units that round out your mechanized platoon. Cooperative multi-player support allows gamers to team up as a tank crew and play different positions within the same tank! Roll into battle on some of the most realistic terrain maps ever modeled; real weather, destructible terrain and detailed models. Ballistics models take into effect: wind, shell, aerodynamic flight characteristics, barrel wear and droop! Powerful mission editor, map editor, and structure editor included; modify existing content or create your own.",The most devastating mechanized armor to ever roll onto a battlefield is brought to life in Iron Warriors: T72-Tank Command.,"The most devastating mechanized armor to ever roll onto a battlefield is brought to life in Iron Warriors: T72-Tank Command. This epic combat simulator allows the player to command an entire platoon of tanks and ALL associated support units, or assume the role of ANY member in a complete tank crew!The realism of both the physics and 3D engine creates game environments where real life armored tactic become the only way to survive on the today's modern battlefield! Three of Russia's most devastating and powerful tanks ever produced are yours to control; the T - 34-85, T-55A and T-72B! Roll these mechanized monsters through 18 campaigns, 2 training missions, 5 single player missions and 3 multiplayer (LAN) missions. Master your tank and crew and you will soon take command of other units that round out your mechanized platoon. Cooperative multi-player support allows gamers to team up as a tank crew and play different positions within the same tank! Roll into battle on some of the most realistic terrain maps ever modeled; real weather, destructible terrain and detailed models. Ballistics models take into effect: wind, shell, aerodynamic flight characteristics, barrel wear and droop! Powerful mission editor, map editor, and structure editor included; modify existing content or create your own.",0,0,269,True,False,False,56,https://www.metacritic.com/game/pc/iron-warriors-t-72-tank-command?ftag=MCD-06-10aaa1f,,,"English, French, Italian, German, Spanish - Spain, Polish, Russian","English, Polish, Russian",Crazy House,Strategy First,"2, 1, 62","Single-player, Multi-player, Family Sharing","1, 28, 2","Action, Simulation, Strategy"
1690,Space Empires V,https://shared.akamai.steamstatic.com/store_item_assets/steam/apps/1690/header.jpg?t=1759953536,,2006-10-16,False,3.99,EUR,"Space Empires V is the latest edition in the Space Empires series. This new chapter completely updates the UI and takes the player into a real-time rendered 3D universe. Watch space battles played out in glorious detail and realistic effects. Expand, Explore, Exploit, and Exterminate in a huge living breathing galaxy. New features abound with political alliances between multiple empires, a top-down ship design system, a hexagonal movement grid, and many more. Due to player demand, the game is completely 'moddable' and even adds a scriptable AI system to the mix. Space Empires V boldly takes the next step in the genre of space strategy 24 bit 3D real-time rendered graphics. Detailed Tactical Combat (and a combat simulator to test your designs!). New vehicle types and sizes: Ships, Bases, Freighters, Fighters, Mines, Satellites, Troops, Drones, and Weapons Platforms. Ability to completely design and customize all of your vehicles. Large Galaxy: 100 solar systems with 15 planets each. Huge Technology Tree: Thousands of tech levels with hundreds of components and facilities. Completely customizable game graphics: Create your own planets, stars, vehicles, etc. Completely customizable AI players: Create your own AI players with unique traits, styles, and speech. 14 unique races to play or customize (or just create your own!) Randomly generated map for every game (or load an existing map). Complete game customization allowed by players (""mods"").","Space Empires V is the latest edition in the Space Empires series. This new chapter completely updates the UI and takes the player into a real-time rendered 3D universe. Watch space battles played out in glorious detail and realistic effects. Expand, Explore, Exploit, and Exterminate in a huge living breathing galaxy.","Space Empires V is the latest edition in the Space Empires series. This new chapter completely updates the UI and takes the player into a real-time rendered 3D universe. Watch space battles played out in glorious detail and realistic effects. Expand, Explore, Exploit, and Exterminate in a huge living breathing galaxy. New features abound with political alliances between multiple empires, a top-down ship design system, a hexagonal movement grid, and many more. Due to player demand, the game is completely 'moddable' and even adds a scriptable AI system to the mix. Space Empires V boldly takes the next step in the genre of space strategy 24 bit 3D real-time rendered graphics. Detailed Tactical Combat (and a combat simulator to test your designs!). New vehicle types and sizes: Ships, Bases, Freighters, Fighters, Mines, Satellites, Troops, Drones, and Weapons Platforms. Ability to completely design and customize all of your vehicles. Large Galaxy: 100 solar systems with 15 planets each. Huge Technology Tree: Thousands of tech levels with hundreds of components and facilities. Completely customizable game graphics: Create your own planets, stars, vehicles, etc. Completely customizable AI players: Create your own AI players with unique traits, styles, and speech. 14 unique races to play or customize (or just create your own!) Randomly generated map for every game (or load an existing map). Complete game customization allowed by players (""mods"").",0,0,422,True,False,False,68,https://www.metacritic.com/game/pc/space-empires-v?ftag=MCD-06-10aaa1f,http://strategyfirst.com/products/support.html,,English,,Malfador Machinations,Strategy First,"2, 1, 62","Single-player, Multi-player, Family Sharing",2,Strategy
1700,Arx Fatalis,https://shared.akamai.steamstatic.com/store_item_assets/steam/apps/1700/header.jpg?t=1781905024,http://www.arxfatalis-online.com/index_eng.php,2007-04-03,False,4.99,EUR,"Journey to the World Of ArxExplore A Fantasy WorldThis critically acclaimed first-person RPG from Arkane Studios takes the player on an amazing journey into the fantasy world of Arx. Arx is wrought with turmoil, brought to the brink of destruction by a violent war. The sun has disappeared from overhead to shroud the world in eternal darkness, forcing communities to begin inhabiting underground mines. But as food and drink becomes scarce, the wars become even more violent as each race – from trolls, goblins, and rat-men, to humans – struggle for survival. Now, evil has arisen in this sunless world in the form of the God of Destruction, Akbaa. It’s up to you to defeat Akbaa and save Arx from his reign of terror. You must use bravery and cunning to uncover the long hidden secret of Arx. As your epic quest unfolds you will explore ancient temples, bustling cities and abandoned mines; unearth legendary artifacts and face terrifying foes.Build Your ChampionYou will become the hero of an underground world. Create a customizable character and allocate skill points in categories such as spellcasting, weapons, armor, and stealth to build your champion.Wield Powerful MagicTake out enemy creatures with an innovative casting system featuring 50 powerful spells. Using the mouse, draw runes in mid-air and combine gestures to unleash powerful magical abilities.Forge Your Own Path Through An Immersive WorldArx Fatalis mixes intelligent storytelling with nonlinear gameplay and challenging puzzles, and every choice you make in the game could have drastic impacts on the world. In true Arkane fashion, the game allows you choose your own playstyle and path, with several different possible endings awaiting you based on your decisions.","This critically acclaimed first-person RPG from Arkane Studios takes the player on an amazing journey into the fantasy world of Arx. Arx is wrought with turmoil, brought to the brink of destruction by a violent war.","Journey to the World Of ArxExplore A Fantasy WorldThis critically acclaimed first-person RPG from Arkane Studios takes the player on an amazing journey into the fantasy world of Arx. Arx is wrought with turmoil, brought to the brink of destruction by a violent war. The sun has disappeared from overhead to shroud the world in eternal darkness, forcing communities to begin inhabiting underground mines. But as food and drink becomes scarce, the wars become even more violent as each race – from trolls, goblins, and rat-men, to humans – struggle for survival. Now, evil has arisen in this sunless world in the form of the God of Destruction, Akbaa. It’s up to you to defeat Akbaa and save Arx from his reign of terror. You must use bravery and cunning to uncover the long hidden secret of Arx. As your epic quest unfolds you will explore ancient temples, bustling cities and abandoned mines; unearth legendary artifacts and face terrifying foes.Build Your ChampionYou will become the hero of an underground world. Create a customizable character and allocate skill points in categories such as spellcasting, weapons, armor, and stealth to build your champion.Wield Powerful MagicTake out enemy creatures with an innovative casting system featuring 50 powerful spells. Using the mouse, draw runes in mid-air and combine gestures to unleash powerful magical abilities.Forge Your Own Path Through An Immersive WorldArx Fatalis mixes intelligent storytelling with nonlinear gameplay and challenging puzzles, and every choice you make in the game could have drastic impacts on the world. In true Arkane fashion, the game allows you choose your own playstyle and path, with several different possible endings awaiting you based on your decisions.",0,0,2435,True,False,False,77,https://www.metacritic.com/game/pc/arx-fatalis?ftag=MCD-06-10aaa1f,,,"English, French, German, Italian, Spanish - Spain, Russian",,Arkane Studios,Bethesda Softworks,"2, 62","Single-player, Family Sharing",3,RPG
1900,Earth 2160,https://shared.akamai.steamstatic.com/store_item_assets/steam/apps/1900/header.jpg?t=1623327678,http://www.earth2160.com,2006-04-01,False,9.75,EUR,"After the destruction of the EARTH in 2150, the leaders of the Eurasian Dynasty escaped on board an evacuation fleet. Now they are fighting for the survival of the human species. Their base is one large building comprising of smaller variable parts. The Lunar Corporation is already on the Red Planet and has to fight to find a new base and home after the destruction of the Earth. LC buildings are built one on top of the other, similar to a skyscraper, but with one big difference - they have the ability to defy all the laws of gravity to move quickly to a new location.The UCS (United Civilized States) machines evolved from the UCS battle machines. During the long flight to Mars, the computer decided to kill all human survivors and then initiated a plan to conquer the solar system with its own mechanical army. The Aliens - alien renegades were imprisoned a long ago, deep in the unknown history of Mars. In 2160 the landing of the UCS ships awoke them from their long sleep...GAME FEATURES:4 playable parties with different basic technologies and abilitiesEach party consists of more than 13 basic buildings and more than 13 basic units4 single player campaigns, each with 7 missionsSkirmish mode with 10 maps4 Multiplayer modes with 10 mapsRealistic, formable and multi-textured terrain12 virtual agents with special abilitiesMultiplayer matches for up to 8 players per matchEarthC (programming language) SDK for Mod teamsRich musical score consists of 29 dynamically varyied tracksIncludes Superstorm, Platinum and Titanium Map Pack","After the destruction of the EARTH in 2150, the leaders of the Eurasian Dynasty escaped on board an evacuation fleet. Now they are fighting for the survival of the human species. Their base is one large building comprising of smaller variable parts.","After the destruction of the EARTH in 2150, the leaders of the Eurasian Dynasty escaped on board an evacuation fleet. Now they are fighting for the survival of the human species. Their base is one large building comprising of smaller variable parts. The Lunar Corporation is already on the Red Planet and has to fight to find a new base and home after the destruction of the Earth. LC buildings are built one on top of the other, similar to a skyscraper, but with one big difference - they have the ability to defy all the laws of gravity to move quickly to a new location.The UCS (United Civilized States) machines evolved from the UCS battle machines. During the long flight to Mars, the computer decided to kill all human survivors and then initiated a plan to conquer the solar system with its own mechanical army. The Aliens - alien renegades were imprisoned a long ago, deep in the unknown history of Mars. In 2160 the landing of the UCS ships awoke them from their long sleep...GAME FEATURES:4 playable parties with different basic technologies and abilitiesEach party consists of more than 13 basic buildings and more than 13 basic units4 single player campaigns, each with 7 missionsSkirmish mode with 10 maps4 Multiplayer modes with 10 mapsRealistic, formable and multi-textured terrain12 virtual agents with special abilitiesMultiplayer matches for up to 8 players per matchEarthC (programming language) SDK for Mod teamsRich musical score consists of 29 dynamically varyied tracksIncludes Superstorm, Platinum and Titanium Map Pack",2,0,754,True,True,True,73,https://www.metacritic.com/game/pc/earth-2160?ftag=MCD-06-10aaa1f,http://www.earth2160.com,support@topware.com,"English, French, German, Spanish - Spain, Italian, Czech, Polish, Russian","English, French, German, Spanish - Spain, Italian, Polish, Russian",Reality Pump Studios,"Topware Interactive, ACE","2, 1, 9, 27, 29, 62","Single-player, Multi-player, Co-op, Cross-Platform Multiplayer, Steam Trading Cards, Family Sharing",2,Strategy
1930,Two Worlds Epic Edition,https://shared.akamai.steamstatic.com/store_item_assets/steam/apps/1930/header.jpg?t=1694869345,http://www.2-worlds.com/,2009-04-30,False,14.79,EUR,"... 300 years after Aziraal has been banished, a brother and sister are drawn into the conflict which has flared up between the Orcs and the free world. Kyra, the hero's younger sister, suddenly disappears in mysterious circumstances.«...If my family really belongs to the chosen ones, why then have we always been as poor as church mice? I have never given much credence to all the old stories about a relict in our family's possession - one which supposedly bannedAziraal, the god of the Orcs - they say that only those ofmy bloodwere chosen to safeguard the secret.'Tis nothing but nonsense methinks – however, my sister Kyra always listened eagerly to the stories of the old ones... but she vanished several months ago... »To all intents and purposes you're an unscrupulous bounty hunter and mercenary - but the search for your sister takes you back to your roots. At the beginning of your epic adventure, a mercenary task takes you to the far north - but you're also following up a mysterious lead at the same time - the first clue you've been given since Kyra's disappearance. You get a shock during a meeting with the delegates of a dark Brotherhood - your sister's kidnappers are indeed after your family's relict. Whether there's any truth in your family being chosen ones or not, the others obviously believe it - and if you ever want to see Kyra alive again, you'll have to act swiftly...Includes the original Two Worlds, plus the add-on Tainted BloodOVER 90 NEW QUESTS: Journey even deeper into the world of Antaloor with over 90 new quests and eight new multiplayer mapsSoundtrack by Grammy Award Winner Harold FaltermeyerFEATURES:STUPENDOUS LANDSCAPES: in a fantasy world where every inhabitant leads a separate dynamic life with realistic daily routines, your deeds will determine the fate of the strife-torn land of Antaloor. PLAYING FREEDOM: Two Worlds is not for those who don't like making decisions, because you'll often have to take one side or the other  an intelligent, networked reputation system for guilds and secret societies makes sure of that.KNIGHT, THIEF, MAGE OR ALCHEMIST: spectacular, dynamically-choreographed fights on foot or at full gallop. An absorbing alchemy system for creating individual potions and power-ups provides diversification - and carrying out break-ins in Sneak mode will have your nerves jangling! If this still isn't enough, try the sophisticated magic system...INTUITIVE INTERFACE AND INDIVIDUAL DEVELOPMENT OF ATTRIBUTES: you can experiment with all the character attributes and develop your skills as and when you like. An elaborate inventory system ensures that you always have a clear overview  no matter how hot the action gets. MASSIVE MULTIPLAYER INCLUDED: bustling towns are the trading centers and meeting points for several hundred players. Self-created characters fight gripping PvsP duels in Arena mode  or solve a series of exciting quests as allies.UPDATED GAME ENGINE: The brand new 1.6 engine update now included!","... 300 years after Aziraal has been banished, a brother and sister are drawn into the conflict which has flared up between the Orcs and the free world. Kyra, the hero's younger sister, suddenly disappears in mysterious circumstances.«...If my family really belongs to the chosen ones, why then have we always been as poor as church mice?","... 300 years after Aziraal has been banished, a brother and sister are drawn into the conflict which has flared up between the Orcs and the free world. Kyra, the hero's younger sister, suddenly disappears in mysterious circumstances.«...If my family really belongs to the chosen ones, why then have we always been as poor as church mice? I have never given much credence to all the old stories about a relict in our family's possession - one which supposedly bannedAziraal, the god of the Orcs - they say that only those ofmy bloodwere chosen to safeguard the secret.'Tis nothing but nonsense methinks – however, my sister Kyra always listened eagerly to the stories of the old ones... but she vanished several months ago... »To all intents and purposes you're an unscrupulous bounty hunter and mercenary - but the search for your sister takes you back to your roots. At the beginning of your epic adventure, a mercenary task takes you to the far north - but you're also following up a mysterious lead at the same time - the first clue you've been given since Kyra's disappearance. You get a shock during a meeting with the delegates of a dark Brotherhood - your sister's kidnappers are indeed after your family's relict. Whether there's any truth in your family being chosen ones or not, the others obviously believe it - and if you ever want to see Kyra alive again, you'll have to act swiftly...Includes the original Two Worlds, plus the add-on Tainted BloodOVER 90 NEW QUESTS: Journey even deeper into the world of Antaloor with over 90 new quests and eight new multiplayer mapsSoundtrack by Grammy Award Winner Harold FaltermeyerFEATURES:STUPENDOUS LANDSCAPES: in a fantasy world where every inhabitant leads a separate dynamic life with realistic daily routines, your deeds will determine the fate of the strife-torn land of Antaloor. PLAYING FREEDOM: Two Worlds is not for those who don't like making decisions, because you'll often have to take one side or the other  an intelligent, networked reputation system for guilds and secret societies makes sure of that.KNIGHT, THIEF, MAGE OR ALCHEMIST: spectacular, dynamically-choreographed fights on foot or at full gallop. An absorbing alchemy system for creating individual potions and power-ups provides diversification - and carrying out break-ins in Sneak mode will have your nerves jangling! If this still isn't enough, try the sophisticated magic system...INTUITIVE INTERFACE AND INDIVIDUAL DEVELOPMENT OF ATTRIBUTES: you can experiment with all the character attributes and develop your skills as and when you like. An elaborate inventory system ensures that you always have a clear overview  no matter how hot the action gets. MASSIVE MULTIPLAYER INCLUDED: bustling towns are the trading centers and meeting points for several hundred players. Self-created characters fight gripping PvsP duels in Arena mode  or solve a series of exciting quests as allies.UPDATED GAME ENGINE: The brand new 1.6 engine update now included!",3,0,2625,True,True,True,65,https://www.metacritic.com/game/pc/two-worlds?ftag=MCD-06-10aaa1f,http://www.2-worlds.com/confirm.php,support@topware.com,"English, French, German, Italian, Spanish - Spain, Czech, Polish, Russian","English, French, German, Russian",Reality Pump Studios,Topware Interactive,"2, 1, 49, 36, 9, 38, 27, 29, 18, 62","Single-player, Multi-player, PvP, Online PvP, Co-op, Online Co-op, Cross-Platform Multiplayer, Steam Trading Cards, Partial Controller Support, Family Sharing",3,RPG
2100,Dark Messiah of Might & Magic,https://shared.akamai.steamstatic.com/store_item_assets/steam/apps/2100/header.jpg?t=1765228880,http://www.darkmessiahmightandmagic.com,2006-10-25,False,4.99,EUR,"Discover a new breed of Action-RPG game powered by an enhanced version of the Source™ Engine by Valve. Set in the Might & Magic® universe, players will experience ferocious combat in a dark and immersive fantasy environment. Swords, Stealth, Sorcery. Choose your way to kill. Cutting-edge technology: Experience an enhanced version of the famous Source™ Engine created by Valve. Discover the fresh perspective of a view with complete body awareness, realistic movements, physics rendering, and a complete first-person melee combat system in a fantasy setting. Never-ending action: Challenge the forces of evil in 12 huge levels and learn to master over 30 weapons and an arsenal of devastating spells. Evolve your character: Extend your gameplay experience without being limited to a single discipline. Learn powerful new spells and attacks using Dark Messiah's unique Skill Evolution System as you progress through the game. Revolutionary multiplayer mode: Get ready to battle with up to 32 players in the revolutionary Crusade mode, which will enable players to gain experience and new skills across dynamic online campaigns. Enlist with the humans or the undead and choose among five complementary character classes. © 2006 Ubisoft Entertainment. All Rights Reserved. Dark Messiah, Might and Magic, Ubisoft and the Ubisoft logo are trademarks of Ubisoft Entertainment in the U.S. and/or other countries. Developed by Arkane Studios.","Discover a new breed of Action-RPG game powered by an enhanced version of the Source™ Engine by Valve. Set in the Might & Magic® universe, players will experience ferocious combat in a dark and immersive fantasy environment. Swords, Stealth, Sorcery. Choose your way to kill.","Discover a new breed of Action-RPG game powered by an enhanced version of the Source™ Engine by Valve. Set in the Might & Magic® universe, players will experience ferocious combat in a dark and immersive fantasy environment. Swords, Stealth, Sorcery. Choose your way to kill. Cutting-edge technology: Experience an enhanced version of the famous Source™ Engine created by Valve. Discover the fresh perspective of a view with complete body awareness, realistic movements, physics rendering, and a complete first-person melee combat system in a fantasy setting. Never-ending action: Challenge the forces of evil in 12 huge levels and learn to master over 30 weapons and an arsenal of devastating spells. Evolve your character: Extend your gameplay experience without being limited to a single discipline. Learn powerful new spells and attacks using Dark Messiah's unique Skill Evolution System as you progress through the game. Revolutionary multiplayer mode: Get ready to battle with up to 32 players in the revolutionary Crusade mode, which will enable players to gain experience and new skills across dynamic online campaigns. Enlist with the humans or the undead and choose among five complementary character classes. © 2006 Ubisoft Entertainment. All Rights Reserved. Dark Messiah, Might and Magic, Ubisoft and the Ubisoft logo are trademarks of Ubisoft Entertainment in the U.S. and/or other countries. Developed by Arkane Studios.",0,0,9321,True,False,False,72,https://www.metacritic.com/game/pc/dark-messiah-of-might-and-magic?ftag=MCD-06-10aaa1f,,,"English, French, German, Italian, Spanish - Spain",,Arkane Studios,Ubisoft,"2, 1, 8, 62","Single-player, Multi-player, Valve Anti-Cheat enabled, Family Sharing","1, 3","Action, RPG"
2200,Quake III Arena,https://shared.akamai.steamstatic.com/store_item_assets/steam/apps/2200/header.jpg?t=1782164859,,2007-08-03,False,14.99,EUR,"Quake III Arena is a critically acclaimed, multiplayer-focused, arena first-person shooter developed by id Software and released in 1999. *Quake III Arena now includes the main game and Quake III: Team Arena expansion pack.Welcome to the Arena The greatest warriors of all time and space have been summoned to battle for the amusement of an ancient alien race. Wield a variety of guns and power-ups as you fight for glory against ruthless combatants in high-tech and gothic arenas in this fast-paced, skill-based single-player and multiplayer FPS. Compete in fast-paced multiplayer action for up to 16 players Play offline in single-player mode with AI-controlled bots Enjoy exciting modes including Free for All (FFA), Team Deathmatch (TDM), Tournament (1v1), and Capture the Flag (CTF) Experience thirty-five unique, gothic and sci-fi-infused arenas Wield twelve powerful and unique weapons Team Arena Expansion Pack In this team-focused official expansion pack for Quake III Arena, choose one of five clans (The Fallen, Pagans, Crusaders, Intruders, and Stroggs) and fight for dominance. Master your clan’s strengths and weaknesses across a variety of new modes and arenas. Warriors once alone must now join forces and face the Arena as one. Play the new single-player “Tournament” mode Discover three new modes: One-Flag CTF, Overload, and Harvester Experience twenty new arenas Fight against four new AI bots: Pi, Fritzkrieg, Janet, and James Wield three new guns: Chaingun, Nailgun, and Proximity Launcher Harness two, new powerups called Kamikaze and Invulnerability Shield, and four CTF-only Runes called Scout, Doubler, Guard, and Ammo-Regen.",The greatest warriors of all time and space have been summoned to battle for the amusement of an ancient alien race. Wield a variety of guns and power-ups as you fight for glory against ruthless combatants in this fast-paced single-player and multiplayer FPS.,"Quake III Arena is a critically acclaimed, multiplayer-focused, arena first-person shooter developed by id Software and released in 1999. *Quake III Arena now includes the main game and Quake III: Team Arena expansion pack.Welcome to the Arena The greatest warriors of all time and space have been summoned to battle for the amusement of an ancient alien race. Wield a variety of guns and power-ups as you fight for glory against ruthless combatants in high-tech and gothic arenas in this fast-paced, skill-based single-player and multiplayer FPS. Compete in fast-paced multiplayer action for up to 16 players Play offline in single-player mode with AI-controlled bots Enjoy exciting modes including Free for All (FFA), Team Deathmatch (TDM), Tournament (1v1), and Capture the Flag (CTF) Experience thirty-five unique, gothic and sci-fi-infused arenas Wield twelve powerful and unique weapons Team Arena Expansion Pack In this team-focused official expansion pack for Quake III Arena, choose one of five clans (The Fallen, Pagans, Crusaders, Intruders, and Stroggs) and fight for dominance. Master your clan’s strengths and weaknesses across a variety of new modes and arenas. Warriors once alone must now join forces and face the Arena as one. Play the new single-player “Tournament” mode Discover three new modes: One-Flag CTF, Overload, and Harvester Experience twenty new arenas Fight against four new AI bots: Pi, Fritzkrieg, Janet, and James Wield three new guns: Chaingun, Nailgun, and Proximity Launcher Harness two, new powerups called Kamikaze and Invulnerability Shield, and four CTF-only Runes called Scout, Doubler, Guard, and Ammo-Regen.",0,0,3467,True,False,False,,,,,English,,id Software,Bethesda Softworks,"2, 1, 49, 36, 47, 23, 62","Single-player, Multi-player, PvP, Online PvP, LAN PvP, Steam Cloud, Family Sharing",1,Action
2210,Quake 4,https://shared.akamai.steamstatic.com/store_item_assets/steam/apps/2210/header.jpg?t=1664372514,http://www.idsoftware.com/games/quake/quake4/,2011-08-04,False,14.99,EUR,"Developed in 2005 by Raven Software in collaboration with id Software, Quake 4 is a narrative-driven, sci-fi, military-style first-person shooter and direct sequel to Quake II that also includes arena-style multiplayer modes.Story After the successful assassination of the Strogg’s leader, Earth’s military reignited its attack on the hostile aliens’ homeworld of Stroggos. As Marine Corporal Matthew Kane of the elite Rhino Squad, your mission is to spearhead the invasion. But, in this desperate war for humanity’s survival against an unrelenting enemy, you may discover that the only way to defeat them...is to become one of them.Features Experience the direct sequel to Quake II in this narrative-driven campaign. Upgrade and wield an arsenal of advanced weaponry as you battle the Strogg army. Tear through the Strogg ranks with mechanized walkers and hover tanks. Compete in online multiplayer as a Strogg or Marine in Deathmatch, Team Deathmatch, and Capture the Flag.","As part of the elite Rhino Squad, you must spearhead Earth’s military invasion of a hostile alien homeworld. But, in this desperate war for humanity’s survival against an unrelenting enemy, you may discover that the only way to defeat them...is to become one of them.","Developed in 2005 by Raven Software in collaboration with id Software, Quake 4 is a narrative-driven, sci-fi, military-style first-person shooter and direct sequel to Quake II that also includes arena-style multiplayer modes.Story After the successful assassination of the Strogg’s leader, Earth’s military reignited its attack on the hostile aliens’ homeworld of Stroggos. As Marine Corporal Matthew Kane of the elite Rhino Squad, your mission is to spearhead the invasion. But, in this desperate war for humanity’s survival against an unrelenting enemy, you may discover that the only way to defeat them...is to become one of them.Features Experience the direct sequel to Quake II in this narrative-driven campaign. Upgrade and wield an arsenal of advanced weaponry as you battle the Strogg army. Tear through the Strogg ranks with mechanized walkers and hover tanks. Compete in online multiplayer as a Strogg or Marine in Deathmatch, Team Deathmatch, and Capture the Flag.",0,0,3102,True,False,False,81,https://www.metacritic.com/game/pc/quake-4?ftag=MCD-06-10aaa1f,,Tech04@bethsoft.com,English,,"RavenSoft, id Software",Bethesda Softworks,"2, 1, 23, 62","Single-player, Multi-player, Steam Cloud, Family Sharing",1,Action
2270,Wolfenstein 3D,https://shared.akamai.steamstatic.com/store_item_assets/steam/apps/2270/header.jpg?t=1750784646,,2007-08-03,False,4.99,EUR,"Developed by id Software in 1992, Wolfenstein 3D is a ground-breaking and critically acclaimed, World War II, first-person shooter action game that started the modern-day FPS genre.Story World War II rages. You are William """"B.J."""" Blazkowicz, the Allies' most trusted agent. The Nazis are planning Operation Eisenfaust, a project to build an unstoppable, mutant army. Your mission was to steal the secret plans, but you were captured and imprisoned in Castle Wolfenstein. Now, a lucky break gives you the chance to make your escape, but a maze of passages and trigger-happy Nazis stand in your way.Features Experience the origin of the modern first-person shooter genre. Enjoy one of the first, fully-3D FPS games ever made. Battle Nazi soldiers, evil scientists, mutants, and more. Wield a variety of weapons including knives, pistols, and machine guns. Run, gun, and fight your way through six episodes. 'Spear of Destiny' Expansion IncludedIn this prequel to Wolfenstein 3D, you are William “B.J.” Blazkowicz, the Allies' most valuable agent. During the German Blitzkrieg of World War II, the spear that pierced the side of Christ is stolen from Versailles by the Nazis and secured in Castle Nuremberg. According to legend, no man can be defeated when he wields the spear. Your mission is to infiltrate the heavily guarded Nazi stronghold and recapture the Spear of Destiny before it’s too late.","World War II rages. The Nazis are planning to build an unstoppable, mutant army. On a mission to steal the secret plans, you were captured and imprisoned. Now, a lucky break gives you the chance to escape, but a maze of passages and trigger-happy Nazis stand in your way.","Developed by id Software in 1992, Wolfenstein 3D is a ground-breaking and critically acclaimed, World War II, first-person shooter action game that started the modern-day FPS genre.Story World War II rages. You are William """"B.J."""" Blazkowicz, the Allies' most trusted agent. The Nazis are planning Operation Eisenfaust, a project to build an unstoppable, mutant army. Your mission was to steal the secret plans, but you were captured and imprisoned in Castle Wolfenstein. Now, a lucky break gives you the chance to make your escape, but a maze of passages and trigger-happy Nazis stand in your way.Features Experience the origin of the modern first-person shooter genre. Enjoy one of the first, fully-3D FPS games ever made. Battle Nazi soldiers, evil scientists, mutants, and more. Wield a variety of weapons including knives, pistols, and machine guns. Run, gun, and fight your way through six episodes. 'Spear of Destiny' Expansion IncludedIn this prequel to Wolfenstein 3D, you are William “B.J.” Blazkowicz, the Allies' most valuable agent. During the German Blitzkrieg of World War II, the spear that pierced the side of Christ is stolen from Versailles by the Nazis and secured in Castle Nuremberg. According to legend, no man can be defeated when he wields the spear. Your mission is to infiltrate the heavily guarded Nazi stronghold and recapture the Spear of Destiny before it’s too late.",0,0,3758,True,False,False,,,,,English,,id Software,Bethesda Softworks,"2, 64, 67, 66, 75, 79, 69, 23, 62","Single-player, Adjustable Text Size, Camera Comfort, Color Alternatives, Keyboard Only Option, Save Anytime, Stereo Sound, Steam Cloud, Family Sharing",1,Action
2280,DOOM + DOOM II,https://shared.akamai.steamstatic.com/store_item_assets/steam/apps/2280/header.jpg?t=1750785073,,2007-08-03,False,9.99,EUR,"Developed by id Software, and originally released in 1993, DOOM pioneered and popularized the first-person shooter, setting a standard for all FPS games. The critically acclaimed sequel, DOOM II, followed in 1994. Now the definitive, newly enhanced versions of DOOM + DOOM II are available as a combined product.Owners Receive: DOOM¹ DOOM II¹ TNT: Evilution The Plutonia Experiment Master Levels for DOOM II No Rest for the Living Sigil Legacy of Rust (a new episode created in collaboration by id Software, Nightdive Studios and MachineGames) A new Deathmatch map pack featuring 26 maps Altogether, there are a total of 187 mission maps and 43 deathmatch maps in DOOM + DOOM II. New Enhancements Online, cross-platform deathmatch and co-op for up to 16 players² Community-published mod support with an in-game mod browser²'³ Choose between the original midi DOOM and DOOM II soundtracks or the modern IDKFA versions by Andrew Hulshult (including brand-new DOOM II recordings) Improved performance with multithreaded rendering supporting up to 4K resolution⁴Now on the KEX engine BOOM source compatibility makes it possible for hundreds of community-created mods from the past 25 years to be published in-game Accessibility options, such as a modern font to improve legibility, high contrast mode, text-to-speech, speech-to-text multiplayer chat and more Translated into 8 new languages: Mexican Spanish, Brazilian Portuguese, Polish, Russian, Japanese, Korean, Traditional Chinese and Simplified Chinese Existing Enhancements Upgraded visuals Modern controller support Weapon carousel for faster weapon switching Improved mouse and keyboard controls Local split-screen deathmatch and co-op for up to 4 players Featured community mods²'³, including REKKR, Revolution!, Syringe, Double Impact, Arrival, and more! Expect an ever-expanding list of single player mods to be added by the community modders. 60 FPS and native 16:9 support – up to 1080p Restored original in-game music using original hardware Quick Save/Load support DeHacked mod support Footnotes ¹ The original DOS versions of DOOM (1993) and DOOM II are included on Steam. ² account required. ³ Mods need to be installed separately; installation requires additional system storage. ⁴ Compatible display required. About the Included Games: Doom (1993) - Original VersionThe demons came and the marines died...except one. You are the last defense against Hell. Prepare for the most intense battle you’ve ever faced. Experience the complete, original version of the game released in 1993, now with all official content and Episode IV: Thy Flesh Consumed.Doom II – Original VersionHell has invaded Earth, and to save it, you must battle mightier demons with even more powerful weapons. This beloved sequel to the groundbreaking DOOM (1993) introduced players to the brutal Super Shotgun, the infamous Icon of Sin boss, and more intense FPS action.TNT: Evilution The UAC relocated their experiments to one of the moons of Jupiter. A spaceship, mistaken for a supply vessel, was granted access. But when it got close to the base, demons poured out. All your comrades were slaughtered or zombified. This time it's not about survival. It's about revenge. The Plutonia ExperimentEvery effort has been made by the nation's top scientists to close the seven interdimensional Gates of Hell, but one portal remains open. Alone, you must infiltrate the ravaged base, defeat the demon Gatekeeper, and seal the last Hell portal before the undead take over the world. Master Levels for DOOM IIThis expansion includes twenty additional levels, all with the same hell-spawned horrors and action of the base game. Each level was created by independent designers and supervised by id Software.SigilCreated by id Software co-founder, John Romero, and released as an episode-sized mod consisting of 18 new maps, Sigil fits in between the timelines of DOOM (1993) and DOOM II. Baphomet, the gatekeeper of Hell, “glitched the final teleporter with his hidden sigil, whose eldritch power brings you to even darker shores of Hell. You fight through this stygian pocket of evil to confront the ultimate harbingers of Satan, then finally return to become Earth’s savior.”Legacy of RustCreated in collaboration by id Software, Nightdive Studios, and MachineGames, Legacy of Rust is the newest episode for DOOM, and the first official episode since DOOM II to feature new demons and weapons. This 16-map Episode is broken up into two 8 map sections: The Vulcan Abyss and Counterfeit Eden.PlayFab account and persistent internet connection required to access certain features and content. Acceptance of End User License Agreement, Terms of Service, and Privacy Policy required to play. The DOOM + DOOM II service may be discontinued, and content modified, disabled, suspended or removed, at any time. See Terms of Service, Privacy Policy and additional details at .","Developed by id Software, and originally released in 1993 and 1994, the definitive, newly enhanced versions of DOOM + DOOM II are available as a combined product.","Feature ListAbout the GameDeveloped by id Software, and originally released in 1993, DOOM pioneered and popularized the first-person shooter, setting a standard for all FPS games. The critically acclaimed sequel, DOOM II, followed in 1994. Now the definitive, newly enhanced versions of DOOM + DOOM II are available as a combined product.Owners Receive: DOOM¹ DOOM II¹ TNT: Evilution The Plutonia Experiment Master Levels for DOOM II No Rest for the Living Sigil Legacy of Rust (a new episode created in collaboration by id Software, Nightdive Studios and MachineGames) A new Deathmatch map pack featuring 26 maps Altogether, there are a total of 187 mission maps and 43 deathmatch maps in DOOM + DOOM II. New Enhancements Online, cross-platform deathmatch and co-op for up to 16 players² Community-published mod support with an in-game mod browser²'³ Choose between the original midi DOOM and DOOM II soundtracks or the modern IDKFA versions by Andrew Hulshult (including brand-new DOOM II recordings) Improved performance with multithreaded rendering supporting up to 4K resolution⁴Now on the KEX engine BOOM source compatibility makes it possible for hundreds of community-created mods from the past 25 years to be published in-game Accessibility options, such as a modern font to improve legibility, high contrast mode, text-to-speech, speech-to-text multiplayer chat and more Translated into 8 new languages: Mexican Spanish, Brazilian Portuguese, Polish, Russian, Japanese, Korean, Traditional Chinese and Simplified Chinese Existing Enhancements Upgraded visuals Modern controller support Weapon carousel for faster weapon switching Improved mouse and keyboard controls Local split-screen deathmatch and co-op for up to 4 players Featured community mods²'³, including REKKR, Revolution!, Syringe, Double Impact, Arrival, and more! Expect an ever-expanding list of single player mods to be added by the community modders. 60 FPS and native 16:9 support – up to 1080p Restored original in-game music using original hardware Quick Save/Load support DeHacked mod support Footnotes ¹ The original DOS versions of DOOM (1993) and DOOM II are included on Steam. ² account required. ³ Mods need to be installed separately; installation requires additional system storage. ⁴ Compatible display required. About the Included Games: Doom (1993) - Original VersionThe demons came and the marines died...except one. You are the last defense against Hell. Prepare for the most intense battle you’ve ever faced. Experience the complete, original version of the game released in 1993, now with all official content and Episode IV: Thy Flesh Consumed.Doom II – Original VersionHell has invaded Earth, and to save it, you must battle mightier demons with even more powerful weapons. This beloved sequel to the groundbreaking DOOM (1993) introduced players to the brutal Super Shotgun, the infamous Icon of Sin boss, and more intense FPS action.TNT: Evilution The UAC relocated their experiments to one of the moons of Jupiter. A spaceship, mistaken for a supply vessel, was granted access. But when it got close to the base, demons poured out. All your comrades were slaughtered or zombified. This time it's not about survival. It's about revenge. The Plutonia ExperimentEvery effort has been made by the nation's top scientists to close the seven interdimensional Gates of Hell, but one portal remains open. Alone, you must infiltrate the ravaged base, defeat the demon Gatekeeper, and seal the last Hell portal before the undead take over the world. Master Levels for DOOM IIThis expansion includes twenty additional levels, all with the same hell-spawned horrors and action of the base game. Each level was created by independent designers and supervised by id Software.SigilCreated by id Software co-founder, John Romero, and released as an episode-sized mod consisting of 18 new maps, Sigil fits in between the timelines of DOOM (1993) and DOOM II. Baphomet, the gatekeeper of Hell, “glitched the final teleporter with his hidden sigil, whose eldritch power brings you to even darker shores of Hell. You fight through this stygian pocket of evil to confront the ultimate harbingers of Satan, then finally return to become Earth’s savior.”Legacy of RustCreated in collaboration by id Software, Nightdive Studios, and MachineGames, Legacy of Rust is the newest episode for DOOM, and the first official episode since DOOM II to feature new demons and weapons. This 16-map Episode is broken up into two 8 map sections: The Vulcan Abyss and Counterfeit Eden.PlayFab account and persistent internet connection required to access certain features and content. Acceptance of End User License Agreement, Terms of Service, and Privacy Policy required to play. The DOOM + DOOM II service may be discontinued, and content modified, disabled, suspended or removed, at any time. See Terms of Service, Privacy Policy and additional details at .",0,33,25395,True,False,False,,,,,"English, French, Italian, German, Spanish - Spain, Japanese, Korean, Portuguese - Brazil, Russian, Simplified Chinese, Spanish - Latin America, Traditional Chinese",,"id Software, Nightdive Studios",Bethesda,"2, 1, 49, 36, 47, 37, 9, 38, 48, 39, 24, 27, 28, 67, 68, 78, 75, 69, 23, 44, 62","Single-player, Multi-player, PvP, Online PvP, LAN PvP, Shared/Split Screen PvP, Co-op, Online Co-op, LAN Co-op, Shared/Split Screen Co-op, Shared/Split Screen, Cross-Platform Multiplayer, Full controller support, Camera Comfort, Custom Volume Controls, Adjustable Difficulty, Keyboard Only Option, Stereo Sound, Steam Cloud, Remote Play Together, Family Sharing",1,Action
2310,Quake,https://shared.akamai.steamstatic.com/store_item_assets/steam/apps/2310/fedba2dc09b59eab41d6ebb981b9c436ed04c85f/header_alt_assets_0.jpg?t=1786035741,,2007-08-03,False,9.99,EUR,"Developed by the award-winning id Software, Quake® is the ground-breaking, original dark fantasy first-person shooter that inspires today’s retro-style FPS games. With Quake (Enhanced), experience the authentic, updated, and visually enhanced version of the original.Experience the Original Game, EnhancedEnjoy the original, authentic version of Quake, now with up to 4K* and widescreen resolution support, enhanced models, dynamic and colored lighting, anti-aliasing, depth of field, the original, atmospheric soundtrack and theme song by Trent Reznor, and more. There’s never been a better time to play Quake.Play the Dark Fantasy CampaignYou are Ranger, a warrior armed with a powerful arsenal of weapons. Fight corrupted knights, deformed ogres and an army of twisted creatures across four dark dimensions of infested military bases, ancient medieval castles, lava-filled dungeons and gothic cathedrals in search of the four magic runes. Only after you have collected the runes will you hold the power to defeat the ancient evil that threatens all of humanity. Get the Original & New Expansion PacksQuake also comes with both original expansion packs: “The Scourge of Armagon” and “Dissolution of Eternity,” as well as three expansions developed by the award-winning team at MachineGames: “Dimension of the Past,” “Dimension of the Machine,” and the all-new “Dawn of the Machine.” Discover the All-New “Dawn of the Machine” ExpansionRanger is trapped in a dimension of endless illusion—reliving the same violent cycles for what feels like lifetimes, dying thousands of times in a futile attempt to escape. Wearied but unbroken, he has heard rumor of The Nightmare Machine.Beyond the hordes of monsters—twisted by an eternity in the Elder realms—lies the Machine. It is believed its destruction will shatter the illusion, finally breaking the loop.Enjoy Online & Local Multiplayer and Co-opFight through the dark fantasy base campaign and expansions in 4-player online or local split-screen co-op, and compete in pure, retro-style combat with support for 8-player (online) or 4-player (local split-screen) matches. Featuring dedicated server support for online matchmaking and peer-to-peer support for custom matches.Download Additional, Free Mods & MissionsExpand your experience with free, curated, fan-made and official mods and missions such as Quake 64, which is available to download and play now. More fan-made and official mods and missions coming soon.Play together With CrossplayPlay the campaign and all expansion packs cooperatively or go toe-to-toe in multiplayer matches with your friends regardless of platform! Crossplay is supported among PC (controller-enabled), Xbox One, Xbox Series X/S, PS4, PS5 and Nintendo Switch.Get the “original” and “enhanced” Versions Play whichever version of Quake you prefer. Ownership of Quake gives you access to Quake (Original), the fully-moddable, untouched version of the game that has been available for years , and Quake (Enhanced), the recently released version of the game with improved visuals, curated add-ons, enhanced multiplayer support, crossplay, controller support, and more. *Maximum display resolutions vary by platform.","Developed by the award-winning id Software, Quake® is the ground-breaking, original dark fantasy first-person shooter that inspires today’s retro-style FPS games. With Quake (Enhanced), experience the authentic, updated, and visually enhanced version of the original.","Developed by the award-winning id Software, Quake® is the ground-breaking, original dark fantasy first-person shooter that inspires today’s retro-style FPS games. With Quake (Enhanced), experience the authentic, updated, and visually enhanced version of the original.Experience the Original Game, EnhancedEnjoy the original, authentic version of Quake, now with up to 4K* and widescreen resolution support, enhanced models, dynamic and colored lighting, anti-aliasing, depth of field, the original, atmospheric soundtrack and theme song by Trent Reznor, and more. There’s never been a better time to play Quake.Play the Dark Fantasy CampaignYou are Ranger, a warrior armed with a powerful arsenal of weapons. Fight corrupted knights, deformed ogres and an army of twisted creatures across four dark dimensions of infested military bases, ancient medieval castles, lava-filled dungeons and gothic cathedrals in search of the four magic runes. Only after you have collected the runes will you hold the power to defeat the ancient evil that threatens all of humanity. Get the Original & New Expansion PacksQuake also comes with both original expansion packs: “The Scourge of Armagon” and “Dissolution of Eternity,” as well as three expansions developed by the award-winning team at MachineGames: “Dimension of the Past,” “Dimension of the Machine,” and the all-new “Dawn of the Machine.” Discover the All-New “Dawn of the Machine” ExpansionRanger is trapped in a dimension of endless illusion—reliving the same violent cycles for what feels like lifetimes, dying thousands of times in a futile attempt to escape. Wearied but unbroken, he has heard rumor of The Nightmare Machine.Beyond the hordes of monsters—twisted by an eternity in the Elder realms—lies the Machine. It is believed its destruction will shatter the illusion, finally breaking the loop.Enjoy Online & Local Multiplayer and Co-opFight through the dark fantasy base campaign and expansions in 4-player online or local split-screen co-op, and compete in pure, retro-style combat with support for 8-player (online) or 4-player (local split-screen) matches. Featuring dedicated server support for online matchmaking and peer-to-peer support for custom matches.Download Additional, Free Mods & MissionsExpand your experience with free, curated, fan-made and official mods and missions such as Quake 64, which is available to download and play now. More fan-made and official mods and missions coming soon.Play together With CrossplayPlay the campaign and all expansion packs cooperatively or go toe-to-toe in multiplayer matches with your friends regardless of platform! Crossplay is supported among PC (controller-enabled), Xbox One, Xbox Series X/S, PS4, PS5 and Nintendo Switch.Get the “original” and “enhanced” Versions Play whichever version of Quake you prefer. Ownership of Quake gives you access to Quake (Original), the fully-moddable, untouched version of the game that has been available for years , and Quake (Enhanced), the recently released version of the game with improved visuals, curated add-ons, enhanced multiplayer support, crossplay, controller support, and more. *Maximum display resolutions vary by platform.",0,38,13880,True,False,False,94,https://www.metacritic.com/game/pc/quake?ftag=MCD-06-10aaa1f,http://support.bethsoft.com/,,"English, French, Italian, German, Spanish - Spain, Russian",,"id Software, Nightdive Studios, MachineGames",Bethesda Softworks,"2, 1, 49, 36, 37, 9, 38, 39, 24, 27, 28, 23, 44, 62","Single-player, Multi-player, PvP, Online PvP, Shared/Split Screen PvP, Co-op, Online Co-op, Shared/Split Screen Co-op, Shared/Split Screen, Cross-Platform Multiplayer, Full controller support, Steam Cloud, Remote Play Together, Family Sharing",1,Action
2320,Quake II,https://shared.akamai.steamstatic.com/store_item_assets/steam/apps/2320/header.jpg?t=1750784724,,2007-08-03,False,9.99,EUR,"Developed by id Software in 1997, Quake II is a critically acclaimed first-person shooter that introduces an entirely new science fiction narrative and setting. Now, experience the authentic, enhanced and complete version of the original.Features Experience the Military Sci-fi FPS, Enhanced Get the Original Mission Packs: The Reckoning and Ground Zero Play the All-New Expansion “Call of the Machine” Get Quake II 64 for Free Enjoy Online & Local Multiplayer/CO-OP Play Together with Crossplay Get the Original & Enhanced VersionsExperience the Original Game, Enhanced Enjoy the original, authentic version of Quake II, now with up to 4K* and widescreen resolution support, enhanced models, improved enemy animations and gore, improved and restored AI behaviors, enhanced cinematics, dynamic and colored lighting, anti-aliasing, depth of field, the original, heavy rock soundtrack by Sonic Mayhem, and more.Play the Intense Military Sci-fi Campaign Mankind is at war with the Strogg, a hostile alien race that attacked Earth. In response, humanity launched a strike on the Strogg homeworld...it failed, but you survived. Outnumbered and outgunned, fight your way through fortified military installations and shut down the enemy's war machine. Only then will the fate of humanity be known.Get Both of the Original Mission Packs Quake II includes both original mission packs: “The Reckoning,” featuring 18 campaign levels and 7 deathmatch maps, and “Ground Zero,” featuring 15 campaign levels and 14 deathmatch maps.Mission Pack: The Reckoning In the first official expansion pack for Quake II, you are part of an elite commando force that must infiltrate a Strogg site. Once inside, you must scour industrial landscapes, crawl through waterways and air ducts, navigate treacherous canyons teeming with vicious mutants, stow away on an alien spacecraft, and destroy the enemy's secret moon base.Mission Pack: Ground Zero In the second official expansion pack for Quake II, you, and a few marines are the lucky ones. You've made it to the surface of Stroggos in one piece and are still able to contact the fleet. The Gravity Well, the Strogg's newest weapon in its arsenal against mankind, is operational. With the fleet trapped around Stroggos, only 5% of ground forces surviving, and that number dwindling by the second, your orders have changed: free your comrades and destroy the Gravity Well.Play the All-New “Call of the Machine” Expansion A brand-new Quake II experience from MachineGames consisting of 28 campaign levels and one multiplayer deathmatch map. In the depths of Strogg space lies the Machine, a singularity capable of collapsing the fabric of reality. Fight across time and space to find the Strogg-Maker, destroy it, and change the destiny of man and machine.Get Quake II 64 for Free Enjoy all 19 campaign levels, 10 multiplayer deathmatch maps, and an additional, original soundtrack in this release of the original Quake II version for Nintendo 64.Enjoy Online & Local Multiplayer and CO-OP Fight the hostile Strogg through the gritty, military sci-fi campaign and expansions in 4-player online or local split-screen co-op, and compete in pure, retro-style combat with support for 16-player (online),*4-player (local split-screen), or *8-player (local split-screen) matches. Bot support for offline and online DM and TDM modes included.Play Together with Crossplay Play the campaign and all expansion packs cooperatively or go toe-to-toe in multiplayer matches with your friends regardless of platform! Crossplay is supported among PC (controller-enabled), Xbox One, Xbox Series X/S, PS4, PS5 and Nintendo Switch.Get the “Original” and “Enhanced” VersionsPlay whichever version of Quake II you prefer. Ownership of Quake II gives you access to Quake II (Original), the fully-moddable, untouched version of the game that has been available for years, and Quake II (Enhanced), the recently released version of the game with improved visuals, all-new campaign content, enhanced multiplayer support, crossplay, controller support, and more. *Maximum display resolutions vary by platform. *Supports 4-player local split-screen multiplayer.*Supports 8-player local split-screen multiplayer on PC.","You are humanity’s last hope to stop the Strogg, a hostile alien race waging war against Earth. Play this military sci-fi FPS, now upgraded for modern platforms with improved visuals, new campaign content, online multiplayer/co-op, and more.","Developed by id Software in 1997, Quake II is a critically acclaimed first-person shooter that introduces an entirely new science fiction narrative and setting. Now, experience the authentic, enhanced and complete version of the original.Features Experience the Military Sci-fi FPS, Enhanced Get the Original Mission Packs: The Reckoning and Ground Zero Play the All-New Expansion “Call of the Machine” Get Quake II 64 for Free Enjoy Online & Local Multiplayer/CO-OP Play Together with Crossplay Get the Original & Enhanced VersionsExperience the Original Game, Enhanced Enjoy the original, authentic version of Quake II, now with up to 4K* and widescreen resolution support, enhanced models, improved enemy animations and gore, improved and restored AI behaviors, enhanced cinematics, dynamic and colored lighting, anti-aliasing, depth of field, the original, heavy rock soundtrack by Sonic Mayhem, and more.Play the Intense Military Sci-fi Campaign Mankind is at war with the Strogg, a hostile alien race that attacked Earth. In response, humanity launched a strike on the Strogg homeworld...it failed, but you survived. Outnumbered and outgunned, fight your way through fortified military installations and shut down the enemy's war machine. Only then will the fate of humanity be known.Get Both of the Original Mission Packs Quake II includes both original mission packs: “The Reckoning,” featuring 18 campaign levels and 7 deathmatch maps, and “Ground Zero,” featuring 15 campaign levels and 14 deathmatch maps.Mission Pack: The Reckoning In the first official expansion pack for Quake II, you are part of an elite commando force that must infiltrate a Strogg site. Once inside, you must scour industrial landscapes, crawl through waterways and air ducts, navigate treacherous canyons teeming with vicious mutants, stow away on an alien spacecraft, and destroy the enemy's secret moon base.Mission Pack: Ground Zero In the second official expansion pack for Quake II, you, and a few marines are the lucky ones. You've made it to the surface of Stroggos in one piece and are still able to contact the fleet. The Gravity Well, the Strogg's newest weapon in its arsenal against mankind, is operational. With the fleet trapped around Stroggos, only 5% of ground forces surviving, and that number dwindling by the second, your orders have changed: free your comrades and destroy the Gravity Well.Play the All-New “Call of the Machine” Expansion A brand-new Quake II experience from MachineGames consisting of 28 campaign levels and one multiplayer deathmatch map. In the depths of Strogg space lies the Machine, a singularity capable of collapsing the fabric of reality. Fight across time and space to find the Strogg-Maker, destroy it, and change the destiny of man and machine.Get Quake II 64 for Free Enjoy all 19 campaign levels, 10 multiplayer deathmatch maps, and an additional, original soundtrack in this release of the original Quake II version for Nintendo 64.Enjoy Online & Local Multiplayer and CO-OP Fight the hostile Strogg through the gritty, military sci-fi campaign and expansions in 4-player online or local split-screen co-op, and compete in pure, retro-style combat with support for 16-player (online),*4-player (local split-screen), or *8-player (local split-screen) matches. Bot support for offline and online DM and TDM modes included.Play Together with Crossplay Play the campaign and all expansion packs cooperatively or go toe-to-toe in multiplayer matches with your friends regardless of platform! Crossplay is supported among PC (controller-enabled), Xbox One, Xbox Series X/S, PS4, PS5 and Nintendo Switch.Get the “Original” and “Enhanced” VersionsPlay whichever version of Quake II you prefer. Ownership of Quake II gives you access to Quake II (Original), the fully-moddable, untouched version of the game that has been available for years, and Quake II (Enhanced), the recently released version of the game with improved visuals, all-new campaign content, enhanced multiplayer support, crossplay, controller support, and more. *Maximum display resolutions vary by platform. *Supports 4-player local split-screen multiplayer.*Supports 8-player local split-screen multiplayer on PC.",0,13,8502,True,False,False,,,https://help.bethesda.net/,,"English, French, Italian, German, Spanish - Spain, Russian","English, Russian","id Software, Nightdive Studios, MachineGames",Bethesda Softworks,"2, 1, 49, 36, 37, 9, 38, 39, 24, 27, 28, 29, 67, 74, 79, 69, 70, 23, 44, 62","Single-player, Multi-player, PvP, Online PvP, Shared/Split Screen PvP, Co-op, Online Co-op, Shared/Split Screen Co-op, Shared/Split Screen, Cross-Platform Multiplayer, Full controller support, Steam Trading Cards, Camera Comfort, Playable without Timed Input, Save Anytime, Stereo Sound, Surround Sound, Steam Cloud, Remote Play Together, Family Sharing",1,Action
2400,The Ship: Murder Party,https://shared.akamai.steamstatic.com/store_item_assets/steam/apps/2400/header.jpg?t=1594373405,http://www.blazinggriffin.com/games/the-ship-murder-party/,2006-07-11,False,9.99,EUR,"This package includes a tutorial, The Ship Single Player, which introduces you to some gameplay mechanics and storyline, and The Ship Multiplayer where you can hunt and be hunted by other players.Please read our State of the Game announcement: For PC gamers who enjoy multiplayer games with a bit of intelligence, intrigue and ingenuity, The Ship is a murder mystery alternative to traditional FPS multiplayer games. Each player is given a Quarry to kill - and must evade their own Hunter in the process, all set on board a series of 1920s art deco cruise ships.The Ship is owned by the mysterious Mr X and as one of many 'lucky' recipients of a free ticket you arrive on board The Ship to find there's a catch to your luxury cruise. You are coerced into a brutal Hunt to indulge Mr. X's fantasies, under threat of death for not only yourself, but also your family. Your only chance to save yourself and your family is to play the Hunt and win.Combining stealthy multiplayer action and a needs system, The Ship is a truly unique gaming experience.",The Ship is a murder mystery multiplayer.,"Finding a ServerAhoy Shipmates!Unfortunately the in-game server browser is no longer working. However, players can connect to servers via the Steam Client > View > Servers (if you don't see The Ship you may have to restart the client). Feel free to drop by the forums to chat about this and you can find a more detail explanation of the issues in our announcement: About the GameThis package includes a tutorial, The Ship Single Player, which introduces you to some gameplay mechanics and storyline, and The Ship Multiplayer where you can hunt and be hunted by other players.Please read our State of the Game announcement: For PC gamers who enjoy multiplayer games with a bit of intelligence, intrigue and ingenuity, The Ship is a murder mystery alternative to traditional FPS multiplayer games. Each player is given a Quarry to kill - and must evade their own Hunter in the process, all set on board a series of 1920s art deco cruise ships.The Ship is owned by the mysterious Mr X and as one of many 'lucky' recipients of a free ticket you arrive on board The Ship to find there's a catch to your luxury cruise. You are coerced into a brutal Hunt to indulge Mr. X's fantasies, under threat of death for not only yourself, but also your family. Your only chance to save yourself and your family is to play the Hunt and win.Combining stealthy multiplayer action and a needs system, The Ship is a truly unique gaming experience.",0,0,2558,True,False,False,76,https://www.metacritic.com/game/pc/the-ship?ftag=MCD-06-10aaa1f,http://www.blazinggriffin.com/,support@blazinggriffin.com,"English, French, German, Italian, Spanish - Spain, Polish, Russian, Japanese",,Outerlight Ltd.,Blazing Griffin,"2, 1, 49, 36, 47, 29, 8, 62","Single-player, Multi-player, PvP, Online PvP, LAN PvP, Steam Trading Cards, Valve Anti-Cheat enabled, Family Sharing","1, 23, 3","Action, Indie, RPG"
2420,The Ship: Single Player,https://shared.akamai.steamstatic.com/store_item_assets/steam/apps/2420/header.jpg?t=1447350944,http://www.blazinggriffin.com/games/the-ship-murder-party/,2006-11-20,False,0.0,,"For PC gamers who enjoy multiplayer games with a bit of intelligence, intrigue and ingenuity, The Ship is a murder mystery alternative to traditional FPS multiplayer games. Each player is given a Quarry to kill - and must evade their own Hunter in the process, all set on board a series of 1920s art deco cruise ships.The Ship is owned by the mysterious Mr X and as one of many 'lucky' recipients of a free ticket you arrive on board The Ship to find there's a catch to your luxury cruise. You are coerced into a brutal Hunt to indulge Mr. X's fantasies, under threat of death for not only yourself, but also your family. Your only chance to save yourself and your family is to play the Hunt and win.Combining stealthy multiplayer action and a needs system, The Ship is a truly unique gaming experience.This package includes a tutorial, The Ship Single Player, which introduces you to some gameplay mechanics and storyline, and The Ship Multiplayer where you can hunt and be hunted by other players.","The Ship is a murder mystery alternative to traditional FPS multiplayer games - hunt and be hunted! Package includes multiplayer, single player and tutorial.","For PC gamers who enjoy multiplayer games with a bit of intelligence, intrigue and ingenuity, The Ship is a murder mystery alternative to traditional FPS multiplayer games. Each player is given a Quarry to kill - and must evade their own Hunter in the process, all set on board a series of 1920s art deco cruise ships.The Ship is owned by the mysterious Mr X and as one of many 'lucky' recipients of a free ticket you arrive on board The Ship to find there's a catch to your luxury cruise. You are coerced into a brutal Hunt to indulge Mr. X's fantasies, under threat of death for not only yourself, but also your family. Your only chance to save yourself and your family is to play the Hunt and win.Combining stealthy multiplayer action and a needs system, The Ship is a truly unique gaming experience.This package includes a tutorial, The Ship Single Player, which introduces you to some gameplay mechanics and storyline, and The Ship Multiplayer where you can hunt and be hunted by other players.",0,0,396,True,False,False,,,,,"English, French, German, Italian, Spanish - Spain, Polish, Russian, Japanese",,Outerlight Ltd.,Blazing Griffin Ltd.,"2, 62","Single-player, Family Sharing","1, 23, 3","Action, Indie, RPG"
2450,Bloody Good Time,https://shared.akamai.steamstatic.com/store_item_assets/steam/apps/2450/header.jpg?t=1682459523,,2010-10-29,False,4.99,EUR,"Congratulations, you’ve just been cast in your first slasher movie! You’ve been given your big break by the notorious Director X. His methods have produced some of the finest grindhouse films ever committed to celluloid. Famous faces and big names are not what this director is looking for. Fresh faces are all Director X casts, and with your embarrassingly empty resume you’re as fresh as they come! But seven other hopefuls are also in the running, so you’re going to need to prove your worth if you’re to hit the leading credits. You’re going to have to scratch, claw and strike to slash your way to the top. This job’s going to be murder! Developed by Outerlight, Bloody Good Time takes a new and irreverent approach to multiplayer shooters. The game runs on the Valve’s Source engine, known for classic multiplayer shooters such as Half-Life and Team Fortress. Key Features: Be a deceitful bastard! Flush your enemies in the toilet, crash their heads on their plates when they eat, do whatever it takes to maim and kill other competitors in nasty and unexpected ways! Use a full arsenal of wacky weapons including guns, a baseball bat, a frying pan, and even an exploding remote-controlled rat to transform the movie set into real mayhem! Clash with up to 8 players online in a zany, first-person shooter, multiplayer experience like no other. Choose from a variety of stereotypical B- movie characters, including the bikini beach babe, the stoner, the creepy clown and the super jock. From Spring Break Beach to the Horror House to the Vegas Hotel, discover what’s behind the Hollywood set in these unique multiplayer maps. Developed by Outerlight, best known for their work on The Ship and the Half-Life mod of the Ship. This Scottish-based developer brings a great combination of humor and quality game play to Bloody Good Time. Running on the Valve’s Source engine, Bloody Good Time comes from the same pedigree of classic, online multiplayer shooters such as Half-Life, Team Fortress and Counter-Strike.","Congratulations, you’ve just been cast in your first slasher movie by the notorious Director X!","Congratulations, you’ve just been cast in your first slasher movie! You’ve been given your big break by the notorious Director X. His methods have produced some of the finest grindhouse films ever committed to celluloid. Famous faces and big names are not what this director is looking for. Fresh faces are all Director X casts, and with your embarrassingly empty resume you’re as fresh as they come! But seven other hopefuls are also in the running, so you’re going to need to prove your worth if you’re to hit the leading credits. You’re going to have to scratch, claw and strike to slash your way to the top. This job’s going to be murder! Developed by Outerlight, Bloody Good Time takes a new and irreverent approach to multiplayer shooters. The game runs on the Valve’s Source engine, known for classic multiplayer shooters such as Half-Life and Team Fortress. Key Features: Be a deceitful bastard! Flush your enemies in the toilet, crash their heads on their plates when they eat, do whatever it takes to maim and kill other competitors in nasty and unexpected ways! Use a full arsenal of wacky weapons including guns, a baseball bat, a frying pan, and even an exploding remote-controlled rat to transform the movie set into real mayhem! Clash with up to 8 players online in a zany, first-person shooter, multiplayer experience like no other. Choose from a variety of stereotypical B- movie characters, including the bikini beach babe, the stoner, the creepy clown and the super jock. From Spring Break Beach to the Horror House to the Vegas Hotel, discover what’s behind the Hollywood set in these unique multiplayer maps. Developed by Outerlight, best known for their work on The Ship and the Half-Life mod of the Ship. This Scottish-based developer brings a great combination of humor and quality game play to Bloody Good Time. Running on the Valve’s Source engine, Bloody Good Time comes from the same pedigree of classic, online multiplayer shooters such as Half-Life, Team Fortress and Counter-Strike.",0,12,931,True,False,False,73,https://www.metacritic.com/game/pc/bloody-good-time?ftag=MCD-06-10aaa1f,https://support.ubi.com/en-US/,,English,,Outerlight Ltd.,Ubisoft,"2, 1, 22, 62","Single-player, Multi-player, Steam Achievements, Family Sharing",1,Action
2500,Shadowgrounds,https://shared.akamai.steamstatic.com/store_item_assets/steam/apps/2500/header.jpg?t=1725011450,http://www.shadowgroundsgame.com/,2006-05-08,False,0.74,EUR,"Shadowgrounds breathes fresh air into the action genre with explosive combat sequences, an innovative weapon upgrade system, and an intriguing storyline. The adrenaline-pumping, top-down gameplay and audiovisual fireworks set the scene for this new action experience which also includes single computer (split keyboard or joystick) co-op play. UPGRADE THOSE WEAPONS! Use a devastating arsenal of high-tech weaponry to dispose of the alien threat. Each weapon has multiple upgrades that maximize the carnage. Unleash the flames of the Flamethrower's Fuel Trap, cause mayhem with the Grenade Launcher's Poison Grenades, slash and dice the monsters with the Laser Rifle's Pinpoint Laser - and many more! WHAT LURKS IN THE SHADOWS? Shadowgrounds uses cutting-edge realistic lighting and glow technology to light up the battlefield and create detailed shadows producing an atmosphere of fear. But the lighting and the flashlight also affect some aliens' behavior - take advantage of that and you can turn the tide in the game of fear by using your flashlight effectively. DESTRUCTIBLE ENVIRONMENT! What good are weapons and special effects if you can't wreak havoc on the environment? Shadowgrounds lets you go all-out - glass shatters, ground shakes, trees fall, barrels explode and furniture blows to smithereens. You can use the environment to your advantage. THEY'RE BIG AND NASTY! Big, brutal monsters await you. Prepare to face many different bosses who will do anything to stop your journey. They're nasty, blood-thirsty beasts, but don't give in to fear - remember to use the environment and the lighting to your advantage! Upgrade weaponry with powerful modifications. Face enormous monsters in boss battles. Destructible environment allows you to wreak havoc with your arsenal. Visit many exciting locations, including a secret military base and the alien-infested colony New Atlantis. Fight side-by-side with NPC allies against the massive alien hordes. Check security cameras and computer logs to investigate alien origins. Realistic lighting with gameplay effects bring the aliens out of the shadows. Enjoy horrifying sound effects and a thrilling music soundtrack made exclusively for Shadowgrounds.","Shadowgrounds breathes fresh air into the action genre with explosive combat sequences, an innovative weapon upgrade system, and an intriguing storyline. The adrenaline-pumping, top-down gameplay and audiovisual fireworks set the scene for this new action experience which also includes single computer (split keyboard or joystick) co-op...","Shadowgrounds breathes fresh air into the action genre with explosive combat sequences, an innovative weapon upgrade system, and an intriguing storyline. The adrenaline-pumping, top-down gameplay and audiovisual fireworks set the scene for this new action experience which also includes single computer (split keyboard or joystick) co-op play. UPGRADE THOSE WEAPONS! Use a devastating arsenal of high-tech weaponry to dispose of the alien threat. Each weapon has multiple upgrades that maximize the carnage. Unleash the flames of the Flamethrower's Fuel Trap, cause mayhem with the Grenade Launcher's Poison Grenades, slash and dice the monsters with the Laser Rifle's Pinpoint Laser - and many more! WHAT LURKS IN THE SHADOWS? Shadowgrounds uses cutting-edge realistic lighting and glow technology to light up the battlefield and create detailed shadows producing an atmosphere of fear. But the lighting and the flashlight also affect some aliens' behavior - take advantage of that and you can turn the tide in the game of fear by using your flashlight effectively. DESTRUCTIBLE ENVIRONMENT! What good are weapons and special effects if you can't wreak havoc on the environment? Shadowgrounds lets you go all-out - glass shatters, ground shakes, trees fall, barrels explode and furniture blows to smithereens. You can use the environment to your advantage. THEY'RE BIG AND NASTY! Big, brutal monsters await you. Prepare to face many different bosses who will do anything to stop your journey. They're nasty, blood-thirsty beasts, but don't give in to fear - remember to use the environment and the lighting to your advantage! Upgrade weaponry with powerful modifications. Face enormous monsters in boss battles. Destructible environment allows you to wreak havoc with your arsenal. Visit many exciting locations, including a secret military base and the alien-infested colony New Atlantis. Fight side-by-side with NPC allies against the massive alien hordes. Check security cameras and computer logs to investigate alien origins. Realistic lighting with gameplay effects bring the aliens out of the shadows. Enjoy horrifying sound effects and a thrilling music soundtrack made exclusively for Shadowgrounds.",0,0,1232,True,True,False,74,https://www.metacritic.com/game/pc/shadowgrounds?ftag=MCD-06-10aaa1f,,,English,English,Frozenbyte,Frozenbyte,"2, 1, 24, 29, 44, 62","Single-player, Multi-player, Shared/Split Screen, Steam Trading Cards, Remote Play Together, Family Sharing",1,Action
2520,Gumboy - Crazy Adventures™,https://shared.akamai.steamstatic.com/store_item_assets/steam/apps/2520/22321ba326f675a29445c51daf27afbc3fe2ba20/header.jpg?t=1743179737,http://www.gumboycrazyadventures.com/,2006-12-19,False,0.99,EUR,"Gumboy has fun and novel gameplay set in a richly imagined world. With simple game controls, Gumboy lets the player bounce, roll, float, and fly through the world. Additionally, Gumboy can change size, shape and material. Moving through the world with different physical properties and gameplay: spheres, cubes or stars filled with rubber, air or water... Combine these elements with objectives centered on particle effects and control and Gumboy is refreshing, challenging, and original fun for everyone for all types of gamers. Innovative game based on ball physics in various environments Over 50 levels within a fairy-tale atmosphere Interactive environments: water, wind, rain, teleports, boosts, sticky and slippery surfaces Original artistic depiction of 6 various worlds (forest, field, cave, magical world...) Fantastic lighting and dynamic effects Detailed graphics with acceleration and fascinating particle effects Various ball shapes: sphere, cube, star Various ball fillings with an influence on its characteristics: rubber, air, water Saves games in progress and the results achieved for several players Game supports widescreen displays (16:9)","Gumboy has fun and novel gameplay set in a richly imagined world. With simple game controls, Gumboy lets the player bounce, roll, float, and fly through the world. Additionally, Gumboy can change size, shape and material.","Gumboy has fun and novel gameplay set in a richly imagined world. With simple game controls, Gumboy lets the player bounce, roll, float, and fly through the world. Additionally, Gumboy can change size, shape and material. Moving through the world with different physical properties and gameplay: spheres, cubes or stars filled with rubber, air or water... Combine these elements with objectives centered on particle effects and control and Gumboy is refreshing, challenging, and original fun for everyone for all types of gamers. Innovative game based on ball physics in various environments Over 50 levels within a fairy-tale atmosphere Interactive environments: water, wind, rain, teleports, boosts, sticky and slippery surfaces Original artistic depiction of 6 various worlds (forest, field, cave, magical world...) Fantastic lighting and dynamic effects Detailed graphics with acceleration and fascinating particle effects Various ball shapes: sphere, cube, star Various ball fillings with an influence on its characteristics: rubber, air, water Saves games in progress and the results achieved for several players Game supports widescreen displays (16:9)",0,0,110,True,False,False,69,https://www.metacritic.com/game/pc/gumboy-crazy-adventures?ftag=MCD-06-10aaa1f,,,"English, Polish, Russian",,"CINEMAX, s.r.o.","CINEMAX, s.r.o.","2, 62","Single-player, Family Sharing","4, 23","Casual, Indie"
2540,RIP - Trilogy™,https://shared.akamai.steamstatic.com/store_item_assets/steam/apps/2540/header.jpg?t=1501868093,,2007-06-01,False,4.99,EUR,"With the completion of the third title in the RIP series, the RIP games have become an instant classic in the arcade-shooter genre. RIP  Trilogy brings all three RIP titles into one exciting and heart-pounding pack.RIPNot afraid of Death? What if he is accompanied by Halloween and Rock-N-Roll? Play the part of these antiheroes and go to war in this all-out action experience! Each character has their own strengths and skills, but this is not a game for the faint of heart. With over 40 levels to RIP through, the results are murderous!40 levels of murder and mayhemA variety of guns and battle magicThree chilling charactersA toned-down, less violent kid's modeRIP2  Strike BackYour favorite antiheroes are here to strike back with another score to settle. Death, Halloween and Rock-N-Roll...each character has his own strengths and skills, so pick one and start shooting. In Story Mode, you'll fight through 60 furious levels using an arsenal of upgradeable weapons, tanks, helicopters and turrets or for a quick adrenaline fix, play Rush Mode and see how long you can last.Choose from a large arsenal of weaponsAssorted vehicles including gun turrets, tanks and helicoptersVariety of abilities and power-ups60 levels of unlimited gameplayHuge boss levels for more challengeTwo modes of play; Rush Mode or Story ModeRIP3  The Last HeroRIP3  The Last Hero combines the dynamics of a hardcore shooter while preserving the elusive classic arcade appeal and never lets up on the intense action. Every level presents a new challenge, requiring you to not only prove your sharp-shooting, but to think and act tactically.The terrain and environments must be employed to survive waves of adversaries, but since all in-game objects are destructible, you must think fast. Your hero will travel all over the world from the African jungle to the Arctic snow, through secret labs and bunkers, in the streets and skyscrapers of Metropolis city and also go into deep space using a hijacked spaceship.100 levels of arcade shooting action6 unique playable characters with varied and powerful skills to developA huge arsenal of destructive weaponry, each with 2 shooting modesCapture and control military vehicles, including Tanks, Helicopters and Battle TurretsFully destructible battlefield - all the objects can be damaged and destroyedIncludes a space adventure minigame, where you pilot the Vostok-23 starship12 Huge, challenging bosses evoke classic arcade gameplay3 difficulty level settings to increase the intensitySpecial bonuses and secrets are scattered throughout the gameCooperative multiplayer for two players to battle against the enemy hordesMultiplayer death-match for up to 6 players over LAN","With the completion of the third title in the RIP series, the RIP games have become an instant classic in the arcade-shooter genre. RIP  Trilogy brings all three RIP titles into one exciting and heart-pounding pack.RIPNot afraid of Death? What if he is accompanied by Halloween and Rock-N-Roll?","With the completion of the third title in the RIP series, the RIP games have become an instant classic in the arcade-shooter genre. RIP  Trilogy brings all three RIP titles into one exciting and heart-pounding pack.RIPNot afraid of Death? What if he is accompanied by Halloween and Rock-N-Roll? Play the part of these antiheroes and go to war in this all-out action experience! Each character has their own strengths and skills, but this is not a game for the faint of heart. With over 40 levels to RIP through, the results are murderous!40 levels of murder and mayhemA variety of guns and battle magicThree chilling charactersA toned-down, less violent kid's modeRIP2  Strike BackYour favorite antiheroes are here to strike back with another score to settle. Death, Halloween and Rock-N-Roll...each character has his own strengths and skills, so pick one and start shooting. In Story Mode, you'll fight through 60 furious levels using an arsenal of upgradeable weapons, tanks, helicopters and turrets or for a quick adrenaline fix, play Rush Mode and see how long you can last.Choose from a large arsenal of weaponsAssorted vehicles including gun turrets, tanks and helicoptersVariety of abilities and power-ups60 levels of unlimited gameplayHuge boss levels for more challengeTwo modes of play; Rush Mode or Story ModeRIP3  The Last HeroRIP3  The Last Hero combines the dynamics of a hardcore shooter while preserving the elusive classic arcade appeal and never lets up on the intense action. Every level presents a new challenge, requiring you to not only prove your sharp-shooting, but to think and act tactically.The terrain and environments must be employed to survive waves of adversaries, but since all in-game objects are destructible, you must think fast. Your hero will travel all over the world from the African jungle to the Arctic snow, through secret labs and bunkers, in the streets and skyscrapers of Metropolis city and also go into deep space using a hijacked spaceship.100 levels of arcade shooting action6 unique playable characters with varied and powerful skills to developA huge arsenal of destructive weaponry, each with 2 shooting modesCapture and control military vehicles, including Tanks, Helicopters and Battle TurretsFully destructible battlefield - all the objects can be damaged and destroyedIncludes a space adventure minigame, where you pilot the Vostok-23 starship12 Huge, challenging bosses evoke classic arcade gameplay3 difficulty level settings to increase the intensitySpecial bonuses and secrets are scattered throughout the gameCooperative multiplayer for two players to battle against the enemy hordesMultiplayer death-match for up to 6 players over LAN",0,0,249,True,False,False,,,,,English,,Elephant Games,,"2, 1, 9, 62","Single-player, Multi-player, Co-op, Family Sharing","4, 23","Casual, Indie"
2590,Alpha Prime,https://shared.akamai.steamstatic.com/store_item_assets/steam/apps/2590/header.jpg?t=1748433916,http://www.alpha-prime.com/,2007-11-07,False,3.99,EUR,"Somewhere in deep space, at an apparently abandoned mining base on the asteriod Alpha Prime, something has gone terribly wrong. Miners were warned that the hubbardium they were mining was too dangerous, but the lure of unimaginable wealth was too strong. Now, something has happened to them and it's up to you to save them and face an unknown threat. Equipped with a surplus of advanced weapons and devices--including a variety of robots and manipulators, surveillance cameras and security systems that can be hacked, controlled and used to complete your task--your mission is simple: Get in, get 'em, and get out! 10 levels of fast-paced, unrelenting action including mining station, spaceship hangar, magnetic railway or asteroid surface Non-playable characters aid you in your mission to save the miners and get off the asteroid Countless enemies including Special Forces soldiers, robots and deranged miners 8 futuristic weapons including pistols, shotguns, machine guns, grenades… Vehicles can be used to move to different locations quickly Hack into devices including robots, surveillance cameras, security systems, doors, etc. Bullet time allows players to temporarily slow down the action and get the upper hand Compatible with Matrox TripleHead2Go™, enabling gamers to connect 3 screens","Somewhere in deep space, at an apparently abandoned mining base on the asteriod Alpha Prime, something has gone terribly wrong. Miners were warned that the hubbardium they were mining was too dangerous, but the lure of unimaginable wealth was too strong.","Somewhere in deep space, at an apparently abandoned mining base on the asteriod Alpha Prime, something has gone terribly wrong. Miners were warned that the hubbardium they were mining was too dangerous, but the lure of unimaginable wealth was too strong. Now, something has happened to them and it's up to you to save them and face an unknown threat. Equipped with a surplus of advanced weapons and devices--including a variety of robots and manipulators, surveillance cameras and security systems that can be hacked, controlled and used to complete your task--your mission is simple: Get in, get 'em, and get out! 10 levels of fast-paced, unrelenting action including mining station, spaceship hangar, magnetic railway or asteroid surface Non-playable characters aid you in your mission to save the miners and get off the asteroid Countless enemies including Special Forces soldiers, robots and deranged miners 8 futuristic weapons including pistols, shotguns, machine guns, grenades… Vehicles can be used to move to different locations quickly Hack into devices including robots, surveillance cameras, security systems, doors, etc. Bullet time allows players to temporarily slow down the action and get the upper hand Compatible with Matrox TripleHead2Go™, enabling gamers to connect 3 screens",0,0,849,True,False,False,59,https://www.metacritic.com/game/pc/alpha-prime?ftag=MCD-06-10aaa1f,http://www.meridian4.com/support,support@bohemia.net,English,,Black Element,Bohemia Interactive,"2, 62","Single-player, Family Sharing",1,Action
2600,Vampire: The Masquerade - Bloodlines,https://shared.akamai.steamstatic.com/store_item_assets/steam/apps/2600/header.jpg?t=1604376441,http://www.vampirebloodlines.com,2007-03-22,False,19.99,EUR,"Vampire®: The Masquerade-Bloodlines™ delivers a new type of RPG experience-one that blends all the core elements of a traditional RPG with the graphical richness, immediacy and brutal combat of a first-person action game. The game plunges players into the dark and gritty vampire underworld of modern-day L.A. as a creature of the night. Players will develop their character's powers, interact with other characters and embark on story-driven quests as they battle mortals and other vampires with an incredible array of vampire powers and weapons. Powered by Valve's Source Technology, the game is based on White Wolf's popular Vampire: The Masquerade pen-and-paper RPG series and its official clans.","Vampire®: The Masquerade-Bloodlines™ delivers a new type of RPG experience-one that blends all the core elements of a traditional RPG with the graphical richness, immediacy and brutal combat of a first-person action game. The game plunges players into the dark and gritty vampire underworld of modern-day L.A. as a creature of the night.","Vampire®: The Masquerade-Bloodlines™ delivers a new type of RPG experience-one that blends all the core elements of a traditional RPG with the graphical richness, immediacy and brutal combat of a first-person action game. The game plunges players into the dark and gritty vampire underworld of modern-day L.A. as a creature of the night. Players will develop their character's powers, interact with other characters and embark on story-driven quests as they battle mortals and other vampires with an incredible array of vampire powers and weapons. Powered by Valve's Source Technology, the game is based on White Wolf's popular Vampire: The Masquerade pen-and-paper RPG series and its official clans.",0,0,13853,True,False,False,80,https://www.metacritic.com/game/pc/vampire-the-masquerade---bloodlines?ftag=MCD-06-10aaa1f,http://support.activision.com/,,"English, French, German",,Troika Games,Activision,"2, 62","Single-player, Family Sharing",1,Action
2610,GUN™,https://shared.akamai.steamstatic.com/store_item_assets/steam/apps/2610/header.jpg?t=1499877030,,2006-10-13,False,14.99,EUR,"When life robs Colton White of all that matters, the only thing left he can trust is his GUN. From award-winning developer, Neversoft, and accomplished screenwriter, Randall Jahnson (The Mask of Zorro, The Doors), GUN follows Colton on his quest for discovery as he seeks to exact vengeful justice on those who have wronged him. GUN is a realistic epic action/adventure that lets gamers experience the brutality of the lawless West. New and savage ways to punish: Stealthily sneak up and attack your enemies, use them as cover, stab and shoot them. Blast away and watch the aftermath, shoot guns out of enemy hands, or destroy with dynamite. Extensive variety of missions and game play: Wage war on horseback, commandeer trains, protect prostitutes, collect bounties, play poker, hunt buffalo, and more. Multiple game play styles include: precision shooting, stealth tactics, and use of explosives. Embark on numerous side missions that allow you to master gun slinging and horse riding. Unlock secret weapons and upgrade your skills and abilities to improve your weapon and equipment performance. Brutal realism: Act as a gunslinger protecting righteousness, or seek retribution as you face corrupt lawmen, warring tribes, cold-blooded outlaws, and ruthless renegades. Encounter legendary gunfighters such as JJ Webb. Employ a multitude of authentic weapons including: Six shooters, shotguns, Gatling guns, flaming arrows, hatchets, dynamite, and more. Expansive interactive world: Play an extensive variety of exciting missions as you journey west across the new frontier. Ride on horseback through the scenic, yet dangerous Western terrain of canyons, mountains, plains, forests, gold mines and towns.© 2006 Activision Publishing, Inc. Activision is a registered trademark and GUN is a trademark of Activision Publishing, Inc. All rights reserved. All other trademarks and trade names are the properties of their respective owners.","When life robs Colton White of all that matters, the only thing left he can trust is his GUN. From award-winning developer, Neversoft, and accomplished screenwriter, Randall Jahnson (The Mask of Zorro, The Doors), GUN follows Colton on his quest for discovery as he seeks to exact vengeful justice on those who have wronged him.","When life robs Colton White of all that matters, the only thing left he can trust is his GUN. From award-winning developer, Neversoft, and accomplished screenwriter, Randall Jahnson (The Mask of Zorro, The Doors), GUN follows Colton on his quest for discovery as he seeks to exact vengeful justice on those who have wronged him. GUN is a realistic epic action/adventure that lets gamers experience the brutality of the lawless West. New and savage ways to punish: Stealthily sneak up and attack your enemies, use them as cover, stab and shoot them. Blast away and watch the aftermath, shoot guns out of enemy hands, or destroy with dynamite. Extensive variety of missions and game play: Wage war on horseback, commandeer trains, protect prostitutes, collect bounties, play poker, hunt buffalo, and more. Multiple game play styles include: precision shooting, stealth tactics, and use of explosives. Embark on numerous side missions that allow you to master gun slinging and horse riding. Unlock secret weapons and upgrade your skills and abilities to improve your weapon and equipment performance. Brutal realism: Act as a gunslinger protecting righteousness, or seek retribution as you face corrupt lawmen, warring tribes, cold-blooded outlaws, and ruthless renegades. Encounter legendary gunfighters such as JJ Webb. Employ a multitude of authentic weapons including: Six shooters, shotguns, Gatling guns, flaming arrows, hatchets, dynamite, and more. Expansive interactive world: Play an extensive variety of exciting missions as you journey west across the new frontier. Ride on horseback through the scenic, yet dangerous Western terrain of canyons, mountains, plains, forests, gold mines and towns.© 2006 Activision Publishing, Inc. Activision is a registered trademark and GUN is a trademark of Activision Publishing, Inc. All rights reserved. All other trademarks and trade names are the properties of their respective owners.",0,0,2091,True,False,False,76,https://www.metacritic.com/game/pc/gun?ftag=MCD-06-10aaa1f,,,English,,Neversoft,Activision,"2, 62","Single-player, Family Sharing",1,Action
2620,Call of Duty® (2003),https://shared.akamai.steamstatic.com/store_item_assets/steam/apps/2620/header.jpg?t=1731699308,http://www.callofduty.com/,2006-10-13,False,19.99,EUR,"Call of Duty® delivers the gritty realism and cinematic intensity of World War II's epic battlefield moments like never before - through the eyes of citizen soldiers and unsung heroes from an alliance of countries who together helped shape the course of modern history.Play through the chaos of battle as part of a well-trained squad, that lays down covering fire and pulls its wounded to safety. In addition to authentic squad movements and tactics, each soldier's distinct personality and training comes out on the battlefield.No one soldier or nation single-handedly won the war. For the first time, Call of Duty® captures the war from multiple perspectives, through the eyes of American, British and Russian soldiers. Battle through 24 missions spanning 4 interconnected historical campaigns. Take on mission objectives ranging from sabotage and all-out assault to stealth, vehicle combat and rescue. Authentic weapons, locations, vehicles and sounds of war all contribute to the realism, immersing you in the most intense World War II experience yet.",Call of Duty® delivers the gritty realism and cinematic intensity of World War II's epic battlefield moments like never before.,"Call of Duty® delivers the gritty realism and cinematic intensity of World War II's epic battlefield moments like never before - through the eyes of citizen soldiers and unsung heroes from an alliance of countries who together helped shape the course of modern history.Play through the chaos of battle as part of a well-trained squad, that lays down covering fire and pulls its wounded to safety. In addition to authentic squad movements and tactics, each soldier's distinct personality and training comes out on the battlefield.No one soldier or nation single-handedly won the war. For the first time, Call of Duty® captures the war from multiple perspectives, through the eyes of American, British and Russian soldiers. Battle through 24 missions spanning 4 interconnected historical campaigns. Take on mission objectives ranging from sabotage and all-out assault to stealth, vehicle combat and rescue. Authentic weapons, locations, vehicles and sounds of war all contribute to the realism, immersing you in the most intense World War II experience yet.",0,0,7290,True,False,False,91,https://www.metacritic.com/game/pc/call-of-duty?ftag=MCD-06-10aaa1f,http://support.activision.com/,,"English, German",,Infinity Ward,Activision,"2, 1, 62","Single-player, Multi-player, Family Sharing",1,Action
2630,Call of Duty® 2,https://shared.akamai.steamstatic.com/store_item_assets/steam/apps/2630/header.jpg?t=1780962161,http://www.callofduty.com/,2006-10-13,False,19.99,EUR,"Call of Duty® 2 redefines the cinematic intensity and chaos of battle as seen through the eyes of ordinary soldiers fighting together in epic WWII conflicts. The sequel to 2003's Call of Duty, winner of over 80 Game of the Year awards, Call of Duty 2 offers more immense, more intense, more realistic battles than ever before, thanks to the stunning visuals of the new COD™2 engine. The #1 WWII shooter development team returns with an amazing new experience: Developed by Infinity Ward, creators of the award-winning Call of Duty. All-new, unprecedented enhancements from stunningly realistic graphics to seamless gameplay, thanks to the revolutionary COD2 engine, groundbreaking AI, and choice-based gameplay innovations. Beautifully rendered snow, rain, fog, and smoke, combined with dynamic lighting and shadows, make this the most intense WWII shooter yet. New conflicts and enemies to face: Call of Duty 2 brings you bigger battles, with more tanks, troops, and explosions on-screen, and bigger scope, with a wide range of locales and environments across the European Theater. Fight ""The Desert Fox"" across the scorching sands of North Africa as wave upon wave of tanks clash in the desert. Use rocket-propelled grappling hooks alongside your Army Ranger squad to storm and scale the cliffs of Pointe du Hoc against a relentless German counterassault, and slog through urban chaos as a tank hunter in war-torn Russia. Rely on your squad as never before: The dozens of Allied soldiers surrounding you are fully aware of the changing situations around them, and will let you know using an all-new, context-sensitive battle chatter system. They will draw enemy fire, lay down cover for you, use foxholes and moving tanks for cover, and warn you of incoming enemy troops and hostile fire. Choice-based gameplay: Play through missions in the order you see fit. Will you decide to play first as a sniper or as a tank commander? It's your call. Open-ended battlefields allow you to individualize your tactics and choose the order in which you complete your objectives. Multiplayer Mayhem: Go online for intense Axis vs. Allies team-based multiplayer action, building on the hugely popular Call of Duty multiplayer modes.","Call of Duty® 2 redefines the cinematic intensity and chaos of battle as seen through the eyes of ordinary soldiers fighting together in epic WWII conflicts. The sequel to 2003's Call of Duty, winner of over 80 Game of the Year awards, Call of Duty 2 offers more immense, more intense, more realistic battles than ever before, thanks to...","Call of Duty® 2 redefines the cinematic intensity and chaos of battle as seen through the eyes of ordinary soldiers fighting together in epic WWII conflicts. The sequel to 2003's Call of Duty, winner of over 80 Game of the Year awards, Call of Duty 2 offers more immense, more intense, more realistic battles than ever before, thanks to the stunning visuals of the new COD™2 engine. The #1 WWII shooter development team returns with an amazing new experience: Developed by Infinity Ward, creators of the award-winning Call of Duty. All-new, unprecedented enhancements from stunningly realistic graphics to seamless gameplay, thanks to the revolutionary COD2 engine, groundbreaking AI, and choice-based gameplay innovations. Beautifully rendered snow, rain, fog, and smoke, combined with dynamic lighting and shadows, make this the most intense WWII shooter yet. New conflicts and enemies to face: Call of Duty 2 brings you bigger battles, with more tanks, troops, and explosions on-screen, and bigger scope, with a wide range of locales and environments across the European Theater. Fight ""The Desert Fox"" across the scorching sands of North Africa as wave upon wave of tanks clash in the desert. Use rocket-propelled grappling hooks alongside your Army Ranger squad to storm and scale the cliffs of Pointe du Hoc against a relentless German counterassault, and slog through urban chaos as a tank hunter in war-torn Russia. Rely on your squad as never before: The dozens of Allied soldiers surrounding you are fully aware of the changing situations around them, and will let you know using an all-new, context-sensitive battle chatter system. They will draw enemy fire, lay down cover for you, use foxholes and moving tanks for cover, and warn you of incoming enemy troops and hostile fire. Choice-based gameplay: Play through missions in the order you see fit. Will you decide to play first as a sniper or as a tank commander? It's your call. Open-ended battlefields allow you to individualize your tactics and choose the order in which you complete your objectives. Multiplayer Mayhem: Go online for intense Axis vs. Allies team-based multiplayer action, building on the hugely popular Call of Duty multiplayer modes.",0,0,9135,True,True,False,86,https://www.metacritic.com/game/pc/call-of-duty-2?ftag=MCD-06-10aaa1f,https://support.activision.com/,,"English, French, German, Italian, Spanish - Spain",,Infinity Ward,Activision,"2, 1, 62","Single-player, Multi-player, Family Sharing",1,Action
2640,Call of Duty: United Offensive,https://shared.akamai.steamstatic.com/store_item_assets/steam/apps/2640/header.jpg?t=1780962034,http://www.callofduty.com/,2006-10-13,False,19.99,EUR,"Award-winning developer Gray Matter Interactive follows up on the success of Infinity Ward's Call of Duty™ - winner of over 80 Game of the Year and 50 Editors' Choice awards worldwide - with Call of Duty™: United Offensive™. Take the role of American, British, and Russian soldiers in some of the most climactic battles of World War II, including the Battle of the Bulge, the invasion of Sicily, and the Battle of Kursk. Fight in tanks, jeeps, motorcycles, even a bomber. Work with your squad through snow and rain, using new weapons including flamethrowers and deployable machine guns, or by calling in artillery strikes. 13 All-New Single Player missions spanning three campaigns. 11 exciting new Multiplayer maps and 3 new multiplayer modes including Domination, Capture the Flag, and Base Assault. © 2006 Activision Publishing, Inc. Activision and Call of Duty are registered trademarks of Activision Publishing, Inc. All rights reserved. All other trademarks and trade names are the properties of their respective owners.",Award-winning developer Gray Matter Interactive follows up on the success of Infinity Ward's Call of Duty™ - winner of over 80 Game of the Year and 50 Editors' Choice awards worldwide - with Call of Duty™: United Offensive™.,"Award-winning developer Gray Matter Interactive follows up on the success of Infinity Ward's Call of Duty™ - winner of over 80 Game of the Year and 50 Editors' Choice awards worldwide - with Call of Duty™: United Offensive™. Take the role of American, British, and Russian soldiers in some of the most climactic battles of World War II, including the Battle of the Bulge, the invasion of Sicily, and the Battle of Kursk. Fight in tanks, jeeps, motorcycles, even a bomber. Work with your squad through snow and rain, using new weapons including flamethrowers and deployable machine guns, or by calling in artillery strikes. 13 All-New Single Player missions spanning three campaigns. 11 exciting new Multiplayer maps and 3 new multiplayer modes including Domination, Capture the Flag, and Base Assault. © 2006 Activision Publishing, Inc. Activision and Call of Duty are registered trademarks of Activision Publishing, Inc. All rights reserved. All other trademarks and trade names are the properties of their respective owners.",0,0,2255,True,False,False,87,https://www.metacritic.com/game/pc/call-of-duty-united-offensive?ftag=MCD-06-10aaa1f,http://support.activision.com/,,"English, French, Italian",,Gray Matter Studios,Activision,"2, 1, 62","Single-player, Multi-player, Family Sharing",1,Action
2700,RollerCoaster Tycoon® 3: Platinum,https://shared.akamai.steamstatic.com/store_item_assets/steam/apps/2700/header.jpg?t=1733161073,https://www.frontier.co.uk/our-games/our-gameography/#rollercoastertycoon3,2008-03-12,False,0.0,,"Rollercoaster Tycoon 3 Platinum combines the excitement of rollercoasters with the fun of great strategy sim. RCT3 Platinum combines the roller coaster theme park fun of the Roller Coaster Tycoon 3 with included expansion packs Soaked! and Wild! Now enjoy more options than ever. Build your own water slide or create your own safari with real animals. Watch guest reactions to your ultimate theme park!Grab a front seat for the ride of your life with the jaw-dropping Coaster Cam.See every detail in stunning 3D with fully controllable park cameras.Cope with changing weather patterns and enjoy beautiful vistas, sunsets, moonlight, and more.Experience the latest extreme coasters and heart-pumping rides! Live Every spine tingling detail in stunning 3-D with fully controllable cameras.Spice up any backgrounds, rides, fireworks display and laser light shows with your own music.Create your own park guests and groups with the Peep Designer and experience their reactions to the rides you build! Soak them and watch their reactions! Send them on wild safari and let them pet the animals!Create savage encounters and thrilling safaris! Conquer 12 Wild! Scenarios and experience cool jungle and prehistoric design themes.Play through dozens of scenarios in three difficulty modes or build without limits in Sandbox mode.Create pyrotechnic wonders and laser light shows with the RollerCoaster Tycoon® 3 MixMaster.",Rollercoaster Tycoon 3 Platinum combines the excitement of rollercoasters with the fun of a great strategy simulation. RCT3 Platinum combines the roller coaster theme park fun of the Roller Coaster Tycoon 3 with included expansion packs Soaked! and Wild! Now enjoy more options than ever.,"Rollercoaster Tycoon 3 Platinum combines the excitement of rollercoasters with the fun of great strategy sim. RCT3 Platinum combines the roller coaster theme park fun of the Roller Coaster Tycoon 3 with included expansion packs Soaked! and Wild! Now enjoy more options than ever. Build your own water slide or create your own safari with real animals. Watch guest reactions to your ultimate theme park!Grab a front seat for the ride of your life with the jaw-dropping Coaster Cam.See every detail in stunning 3D with fully controllable park cameras.Cope with changing weather patterns and enjoy beautiful vistas, sunsets, moonlight, and more.Experience the latest extreme coasters and heart-pumping rides! Live Every spine tingling detail in stunning 3-D with fully controllable cameras.Spice up any backgrounds, rides, fireworks display and laser light shows with your own music.Create your own park guests and groups with the Peep Designer and experience their reactions to the rides you build! Soak them and watch their reactions! Send them on wild safari and let them pet the animals!Create savage encounters and thrilling safaris! Conquer 12 Wild! Scenarios and experience cool jungle and prehistoric design themes.Play through dozens of scenarios in three difficulty modes or build without limits in Sandbox mode.Create pyrotechnic wonders and laser light shows with the RollerCoaster Tycoon® 3 MixMaster.",0,0,4150,True,False,False,81,https://www.metacritic.com/game/pc/rollercoaster-tycoon-3?ftag=MCD-06-10aaa1f,,,"English, French, Italian, German, Spanish - Spain, Danish, Dutch, Finnish, Norwegian, Swedish",,"Frontier, Aspyr (Mac)","Frontier, Aspyr (Mac)","2, 62","Single-player, Family Sharing","28, 2","Simulation, Strategy"
2710,Act of War: Direct Action,https://shared.akamai.steamstatic.com/store_item_assets/steam/apps/2710/header.jpg?t=1727869627,,2008-03-12,False,2.99,EUR,"Tomorrow's War Is NOW Ripped from today's headlines, Act of War: Direct Action™ is a frightening tale of suspense, international intrigue and geopolitical military conflict. This real-time strategy experience puts you squarely in control of counterterrorist forces and delivers a first look at tomorrow's war. The Situation: A crippling energy crisis. Terrorist attacks. Massive strikes. Global instability. The Enemy: A shadowy Consortium of back-room conspirators determined to throw the world into utter chaos using widespread terror tactics. The Heroes: A new ""direct action"" operation known as Task Force TALON to counter massive military assaults, rescue hostages, conduct classified spy missions, take prisoners and stop an unpredictable enemy bent on toppling the world's governments. Command ultra-realistic modern military units Power-packed combination of high-end cinema, video effects and live action Intense multiplayer operations for up to eight players Real urban combat, including POW captures and landscape destruction Gripping storyline by NY Times bestselling author, Dale Brown","Tomorrow's War Is NOW Ripped from today's headlines, Act of War: Direct Action™ is a frightening tale of suspense, international intrigue and geopolitical military conflict. This real-time strategy experience puts you squarely in control of counterterrorist forces and delivers a first look at tomorrow's war.","Tomorrow's War Is NOW Ripped from today's headlines, Act of War: Direct Action™ is a frightening tale of suspense, international intrigue and geopolitical military conflict. This real-time strategy experience puts you squarely in control of counterterrorist forces and delivers a first look at tomorrow's war. The Situation: A crippling energy crisis. Terrorist attacks. Massive strikes. Global instability. The Enemy: A shadowy Consortium of back-room conspirators determined to throw the world into utter chaos using widespread terror tactics. The Heroes: A new ""direct action"" operation known as Task Force TALON to counter massive military assaults, rescue hostages, conduct classified spy missions, take prisoners and stop an unpredictable enemy bent on toppling the world's governments. Command ultra-realistic modern military units Power-packed combination of high-end cinema, video effects and live action Intense multiplayer operations for up to eight players Real urban combat, including POW captures and landscape destruction Gripping storyline by NY Times bestselling author, Dale Brown",0,0,569,True,False,False,82,https://www.metacritic.com/game/pc/act-of-war-direct-action?ftag=MCD-06-10aaa1f,,support@quanticlab.com,English,,Eugen Systems,THQ Nordic,"2, 1, 62","Single-player, Multi-player, Family Sharing",1,Action
2720,ThreadSpace: Hyperbol,https://shared.akamai.steamstatic.com/store_item_assets/steam/apps/2720/header.jpg?t=1635471605,http://www.Hyperbol.com,2007-07-12,False,4.99,EUR,"ThreadSpace: Hyperbol is an action-strategy game set in the distant future. Players battle each other on roads in space as they pilot massive ships capable of firing a wide variety of weapons. Create defenses, coordinate with your team, and launch an assault against your opponents to achieve victory! Countless strategies: Over 30 unique projectiles are at your disposal to attack the enemy, fortify your defenses, and assist your allies. Tactical team play: Coordinate with a team of players to defeat your opponents where every player can have unique strengths and weaknesses. Up to 16 players online. Customizable ships: Acquire ships to control and customize their design by selecting different parts and colors. Customize the way your ship behaves by installing new components that alter its attributes. Persistent universe: Play as a character you create that can gain levels and credits. Purchase new ships and components with the credits you earn to truly distinguish your character in the universe. Online ladder system: Compete against other players online and see who the best pilots are. Earn rewards for being on top. Awards: Demonstrate your skill by earning in-game awards like ""Bounty Hunter"" and ""Combat Mastery"". Voice communication: Talk to your team to plan your attacks and coordinate your abilities. Create custom maps: Make your own maps with the Map Editor to play them online and with your friends.","ThreadSpace: Hyperbol is an action-strategy game set in the distant future. Players battle each other on roads in space as they pilot massive ships capable of firing a wide variety of weapons. Create defenses, coordinate with your team, and launch an assault against your opponents to achieve victory!","ThreadSpace: Hyperbol is an action-strategy game set in the distant future. Players battle each other on roads in space as they pilot massive ships capable of firing a wide variety of weapons. Create defenses, coordinate with your team, and launch an assault against your opponents to achieve victory! Countless strategies: Over 30 unique projectiles are at your disposal to attack the enemy, fortify your defenses, and assist your allies. Tactical team play: Coordinate with a team of players to defeat your opponents where every player can have unique strengths and weaknesses. Up to 16 players online. Customizable ships: Acquire ships to control and customize their design by selecting different parts and colors. Customize the way your ship behaves by installing new components that alter its attributes. Persistent universe: Play as a character you create that can gain levels and credits. Purchase new ships and components with the credits you earn to truly distinguish your character in the universe. Online ladder system: Compete against other players online and see who the best pilots are. Earn rewards for being on top. Awards: Demonstrate your skill by earning in-game awards like ""Bounty Hunter"" and ""Combat Mastery"". Voice communication: Talk to your team to plan your attacks and coordinate your abilities. Create custom maps: Make your own maps with the Map Editor to play them online and with your friends.",0,0,0,True,False,False,,,http://www.hyperbol.com,,English,,Iocaine Studios,,"1, 49, 36, 47, 9, 38, 48, 17, 62","Multi-player, PvP, Online PvP, LAN PvP, Co-op, Online Co-op, LAN Co-op, Includes level editor, Family Sharing","1, 23, 2","Action, Indie, Strategy"
2800,X2: The Threat,https://shared.akamai.steamstatic.com/store_item_assets/steam/apps/2800/header.jpg?t=1762271718,http://www.egosoft.com/games/x2/info_en.php,2006-07-21,False,4.99,EUR,"X²: The Threat is of a new generation of space simulator games, you play the role of Julian Gardna who continues the story set by X: Beyond The Frontier. The updated graphics engine gives the universe a fresher feel with newly designed ships and stations adding to the complexity of the universe. Explore: You can explore over 130 beautifully designed sectors occupied by nebulas that affect your ships and stations, asteroids you can mine for materials you can later sell on for profit. New Ships: Explore in over 60 ships of varying sizes from scout class ships to the much larger carrier class battleships. New Upgrades: Upgrade your ships systems with many more upgrades, and download new upgrades that make use of the new scripting engine designed specially for X². New Weapons: Add new weapons to your ship including the Ion Disruptor and Mass Driver, but also build factories that will develop these weapons and sell them to make a profit, expanding your own empire among the universe. New Missions: Take part in missions offered to you on each stations bulletin board, make money by defending convoys and destroy incoming Xenon fleets intent on destroying everything in their path.But above all else, help to defend the universe from the Khaak, before they kill everyone and everything they come across.","X²: The Threat is of a new generation of space simulator games, you play the role of Julian Gardna who continues the story set by X: Beyond The Frontier. The updated graphics engine gives the universe a fresher feel with newly designed ships and stations adding to the complexity of the universe.","X²: The Threat is of a new generation of space simulator games, you play the role of Julian Gardna who continues the story set by X: Beyond The Frontier. The updated graphics engine gives the universe a fresher feel with newly designed ships and stations adding to the complexity of the universe. Explore: You can explore over 130 beautifully designed sectors occupied by nebulas that affect your ships and stations, asteroids you can mine for materials you can later sell on for profit. New Ships: Explore in over 60 ships of varying sizes from scout class ships to the much larger carrier class battleships. New Upgrades: Upgrade your ships systems with many more upgrades, and download new upgrades that make use of the new scripting engine designed specially for X². New Weapons: Add new weapons to your ship including the Ion Disruptor and Mass Driver, but also build factories that will develop these weapons and sell them to make a profit, expanding your own empire among the universe. New Missions: Take part in missions offered to you on each stations bulletin board, make money by defending convoys and destroy incoming Xenon fleets intent on destroying everything in their path.But above all else, help to defend the universe from the Khaak, before they kill everyone and everything they come across.",0,0,440,True,False,False,72,https://www.metacritic.com/game/pc/x2-the-threat?ftag=MCD-06-10aaa1f,http://www.egosoft.com/support/faq/index_en.php,support@egosoft.com,"English, French, German, Italian, Spanish - Spain, Czech, Polish, Russian","English, German, Spanish - Spain, Russian",Egosoft,Egosoft,"2, 13, 23, 62","Single-player, Captions available, Steam Cloud, Family Sharing",2,Strategy
2810,X3: Reunion,https://shared.akamai.steamstatic.com/store_item_assets/steam/apps/2810/header.jpg?t=1762272013,http://www.egosoft.com/games/x3/info_en.php,2006-07-21,False,9.99,EUR,"The Sequel to the award winning X²: The Threat introduces a new 3D engine as well as a new story, new ships and a new gameplay to greatly increase the variety in the X-universe. The economy of X³: Reunion is more complex than anything seen in the X-universe before. Factories are being built by NPCs, wars can affect the global economy, NPCs can trade freely and pirates behave far more realistically.The Technology: Extensive development has gone into the X³ engine, making full use of DirectX 9 technology, to create dramatic visual effects and stunningly realistic starships. Coupled with the massively enhanced A.L. (Artificial Life) system, X³: Reunion presents players with an ever changing, evolving universe; where a player's actions really can shape the future of the universe.The new X³ 2.0: Bala Gi Research Missions: The X³ 2.0: Bala Gi Research Missions offers a host of new features and missions, allowing the player to delve deeper than ever before into the X universe.Space just got a whole lot bigger with the addition of two new sectors and the introduction of the gargantuan Player HQ which allows many exciting new features including the ability to build your own ships and even give them customized space paint finishes. In addition to the new M7 battleship, there is an assortment of new weapons and onboard ship devices to use and explore.","X3: Reunion continues the epic space saga, blending deep space trading and intense real-time combat. Explore a vast universe, establish your empire, and shape the new frontier. With enhanced graphics and intricate economies, it's a journey of strategy, simulation, and interstellar intrigue.","The Sequel to the award winning X²: The Threat introduces a new 3D engine as well as a new story, new ships and a new gameplay to greatly increase the variety in the X-universe. The economy of X³: Reunion is more complex than anything seen in the X-universe before. Factories are being built by NPCs, wars can affect the global economy, NPCs can trade freely and pirates behave far more realistically.The Technology: Extensive development has gone into the X³ engine, making full use of DirectX 9 technology, to create dramatic visual effects and stunningly realistic starships. Coupled with the massively enhanced A.L. (Artificial Life) system, X³: Reunion presents players with an ever changing, evolving universe; where a player's actions really can shape the future of the universe.The new X³ 2.0: Bala Gi Research Missions: The X³ 2.0: Bala Gi Research Missions offers a host of new features and missions, allowing the player to delve deeper than ever before into the X universe.Space just got a whole lot bigger with the addition of two new sectors and the introduction of the gargantuan Player HQ which allows many exciting new features including the ability to build your own ships and even give them customized space paint finishes. In addition to the new M7 battleship, there is an assortment of new weapons and onboard ship devices to use and explore.",1,0,592,True,True,True,71,https://www.metacritic.com/game/pc/x3-reunion?ftag=MCD-06-10aaa1f,www.egosoft.com,support@egosoft.com,"English, French, German, Spanish - Spain, Italian, Russian, Simplified Chinese, Traditional Chinese, Czech, Polish","English, French, German, Spanish - Spain, Russian, Polish",Egosoft,Egosoft,"2, 13, 23, 62","Single-player, Captions available, Steam Cloud, Family Sharing",2,Strategy
2820,X3: Terran Conflict,https://shared.akamai.steamstatic.com/store_item_assets/steam/apps/2820/header.jpg?t=1762272051,http://www.egosoft.com/games/x3tc/info_en.php,2008-10-16,False,15.99,EUR,"It is the year 2938. The long wished-for encounter of the X Universe and the Earth holds both joy and sorrow for the people. Despite flourishing trade, the clash of the diverse races, cultures and life forms creates new tensions, mistrust and open conflict that need to be overcome! Experience the brilliant climax of the legendary X-Trilogy , and take your place in the history of the X Universe. Largest X Universe ever. New faction: the Terrans – inhabitants of the Earth. More jobs and non-linear missions than ever before. More than 100 new spaceships, new ship classes and weapon systems. Re-designed user interface for comfortable control by mouse, keyboard and joystick. New group management tool. Large battleships can be boarded by an outside team.","It is the year 2938. The long wished-for encounter of the X Universe and the Earth holds both joy and sorrow for the people. Despite flourishing trade, the clash of the diverse races, cultures and life forms creates new tensions, mistrust and open conflict that need to be overcome!","It is the year 2938. The long wished-for encounter of the X Universe and the Earth holds both joy and sorrow for the people. Despite flourishing trade, the clash of the diverse races, cultures and life forms creates new tensions, mistrust and open conflict that need to be overcome! Experience the brilliant climax of the legendary X-Trilogy , and take your place in the history of the X Universe. Largest X Universe ever. New faction: the Terrans – inhabitants of the Earth. More jobs and non-linear missions than ever before. More than 100 new spaceships, new ship classes and weapon systems. Re-designed user interface for comfortable control by mouse, keyboard and joystick. New group management tool. Large battleships can be boarded by an outside team.",5,33,2090,True,True,True,73,https://www.metacritic.com/game/pc/x3-terran-conflict?ftag=MCD-06-10aaa1f,,info@egosoft.com,"English, French, German, Italian, Russian, Polish, Simplified Chinese, Traditional Chinese, Czech, Spanish - Spain, Japanese","English, French, German, Russian, Japanese",Egosoft,Egosoft,"2, 22, 28, 13, 23, 62","Single-player, Steam Achievements, Full controller support, Captions available, Steam Cloud, Family Sharing","1, 28, 2","Action, Simulation, Strategy"
2840,X: Beyond the Frontier,https://shared.akamai.steamstatic.com/store_item_assets/steam/apps/2840/header.jpg?t=1762272682,http://www.egosoft.com/games/x/info_en.php,2010-10-08,False,4.99,EUR,"The Human Race had advanced to the point where we could travel among the stars, we developed giant automated machines to help us colonise other worlds, but there was a fault in their programming and they turned and attacked. Forcing us to lay a trap to protect Earth and exiling the Human race to stay on Earth once again. 500 Years later Kyle Brennan starts his journey by piloting an experimental ship equipped with a new piece of technology allowing it to cross vast distances on its own. However it malfunctions and traps him in a group of sectors inhabited by Aliens, hunted and with no way home, this is his story of survival... Beyond the Frontier... X: Beyond The Frontier is the first part in the X-Universe series of games developed by Egosoft. It tells the story of mankind's rise and fall in the universe, and the attempt by Kyle Brennan to help repopulate the stars using a new ship called the Experimental Shuttle, and how he became trapped in a closed group of sectors linked by a series of jumpgates, owing credits to an alien for helping to save him, and hunted by several people. Unknowingly, a group of secret service people are after him, a group who have tried to hide their races secret, that they are the descendants of a group of Humans who saved earth from the Terraformer fleet they created to help colonise the universe. Now with the Truth coming out, X: Beyond the Frontier allows the player to play as Kyle Brennan on his hunt to find a way home, whilst helping a group of people find the truth about their ancestry, and continue to help save earth from the Terraformers who are now known as the Xenon. Features Trade - Trade in over 50 sectors, with over 50 different goods, upgrade you ships with dozens of upgrades available to you by 5 different races. Fight - Find the location of the hostile pirates and survive against attacks by the Xenon. Build - Construct stations to build your own production empire. Think - Adapt your trading empire to suit the needs of each sectors local economy.","The Human Race had advanced to the point where we could travel among the stars, we developed giant automated machines to help us colonise other worlds, but there was a fault in their programming and they turned and attacked. Forcing us to lay a trap to protect Earth and exiling the Human race to stay on Earth once again.","The Human Race had advanced to the point where we could travel among the stars, we developed giant automated machines to help us colonise other worlds, but there was a fault in their programming and they turned and attacked. Forcing us to lay a trap to protect Earth and exiling the Human race to stay on Earth once again. 500 Years later Kyle Brennan starts his journey by piloting an experimental ship equipped with a new piece of technology allowing it to cross vast distances on its own. However it malfunctions and traps him in a group of sectors inhabited by Aliens, hunted and with no way home, this is his story of survival... Beyond the Frontier... X: Beyond The Frontier is the first part in the X-Universe series of games developed by Egosoft. It tells the story of mankind's rise and fall in the universe, and the attempt by Kyle Brennan to help repopulate the stars using a new ship called the Experimental Shuttle, and how he became trapped in a closed group of sectors linked by a series of jumpgates, owing credits to an alien for helping to save him, and hunted by several people. Unknowingly, a group of secret service people are after him, a group who have tried to hide their races secret, that they are the descendants of a group of Humans who saved earth from the Terraformer fleet they created to help colonise the universe. Now with the Truth coming out, X: Beyond the Frontier allows the player to play as Kyle Brennan on his hunt to find a way home, whilst helping a group of people find the truth about their ancestry, and continue to help save earth from the Terraformers who are now known as the Xenon. Features Trade - Trade in over 50 sectors, with over 50 different goods, upgrade you ships with dozens of upgrades available to you by 5 different races. Fight - Find the location of the hostile pirates and survive against attacks by the Xenon. Build - Construct stations to build your own production empire. Think - Adapt your trading empire to suit the needs of each sectors local economy.",0,0,294,True,False,False,67,https://www.metacritic.com/game/pc/x-beyond-the-frontier?ftag=MCD-06-10aaa1f,www.egosoft.com,support@egosoft.com,"English, German","English, German",Egosoft,Egosoft,"2, 23, 62","Single-player, Steam Cloud, Family Sharing","28, 2","Simulation, Strategy"
2850,X: Tension,https://shared.akamai.steamstatic.com/store_item_assets/steam/apps/2850/header.jpg?t=1762271546,http://www.egosoft.com/games/x_tension/info_en.php,2010-10-08,False,4.99,EUR,"X-Tension is the eagerly awaited expansion pack to X: Beyond the Frontier. The expansion is not limited by a linear plot line but makes use of new ways to expand your empire. You can now take part in missions that are offered to you throughout the game. Features More Ships - You are no longer limited to one ship, but can now buy and pilot all fighters and small transports in the game. As well as capturing new Pirate ships. Expanded Universe - The universe has also been expanded with over 40 new sectors to visit, trade and fight inside, allowing you to find new locations to build new stations and trade in new goods. The Version 2 Update - The release of the 2.0 upgrade expanded the game even further allowing you to pilot the larger TL class freighter. Continue your quest to explore the universe, trade in over 90 sectors, with over 50 goods, upgrade your ship with dozens of wares available to you by 5 unique alien races and protect yourself from the hostile Xenon.",X-Tension is the eagerly awaited expansion pack to X: Beyond the Frontier. The expansion is not limited by a linear plot line but makes use of new ways to expand your empire. You can now take part in missions that are offered to you throughout the game.,"X-Tension is the eagerly awaited expansion pack to X: Beyond the Frontier. The expansion is not limited by a linear plot line but makes use of new ways to expand your empire. You can now take part in missions that are offered to you throughout the game. Features More Ships - You are no longer limited to one ship, but can now buy and pilot all fighters and small transports in the game. As well as capturing new Pirate ships. Expanded Universe - The universe has also been expanded with over 40 new sectors to visit, trade and fight inside, allowing you to find new locations to build new stations and trade in new goods. The Version 2 Update - The release of the 2.0 upgrade expanded the game even further allowing you to pilot the larger TL class freighter. Continue your quest to explore the universe, trade in over 90 sectors, with over 50 goods, upgrade your ship with dozens of wares available to you by 5 unique alien races and protect yourself from the hostile Xenon.",0,0,104,True,False,False,,,www.egosoft.com,support@egosoft.com,"English, German","English, German",Egosoft,Egosoft,"2, 23, 62","Single-player, Steam Cloud, Family Sharing","28, 2","Simulation, Strategy"
2870,X Rebirth,https://shared.akamai.steamstatic.com/store_item_assets/steam/apps/2870/header.jpg?t=1762271301,http://www.egosoft.com/games/x_rebirth/info_en.php,2013-11-15,False,29.99,EUR,"In the distant future, the X universe faces a period of profound and irrevocable change. While the universe stumbles towards an uncertain future, countless adventures await as new enemies rise in search of power. Enter a young adventurer and his unlikely female ally traveling in an old, battered ship with a glorious past - two people alone against the galaxy, playing a key part in the events to come. The fate of the universe rests in the hands of the player...X Rebirth represents a spectacular new beginning for the X series, offering loyal fans and newcomers alike a vast, vivid and extremely detailed universe to explore throughout the game. Varied gameplay elements such as action-packed space combat, detailed trading mechanics and high-speed space exploration with fast travel allow players to experience a truly unique space saga that will keep them hooked for dozens of hours. X Rebirth features a whole new user experience - it is easier than ever to start with, and remains as deep as fans expect it.FEATURESTRADE! A fully simulated economy that means your actions really do matter. Travel the space highways to ﬁnd proﬁt in gigantic space cities, swarming with ships and drones.++ Every ship you see has a task. Stop a freighter from reaching its destination and its cargo will be stopped too, causing prices to rise. ++FIGHT! From small scale skirmishes to epic ﬂeet encounters, battles in the X Universe know no limits. Choose to ﬁght for the military, work for the police or be a lawless pirate, or if you prefer just ﬁght when you need to defend yourself - it's up to you.++ Take the action right into massive structures. Target turrets and shield generators to weaken your enemy, damage engines and jump drives to prevent their ships from escaping, or stop their factories producing to cripple their economy. ++BUILD! Create your own empire! From trading stations to large factories, farms to hightech military complexes, everything can belong to you. Build for trade and proﬁt or to strengthen your military presence and dominate your enemies.++ Extend and upgrade your stations to make them operate more efﬁciently, with every element visible in glorious animated detail. Harvest your own resources to keep your empire running smoothly. ++THINK! A rich, detailed history and a deep complex plot await you, but you are free to decide when and where to take part. Explore the universe at your own pace - choose your own path and create your own destiny.++ Get up-close and personal with aliens and humans alike. Land on stations, meet people, then accept missions from them or hire them as crew members for your ships. ++ TRADE, FIGHT, BUILD, THINK... in the X Universe - the biggest sandbox this side of the galaxy.","In the distant future, the X universe faces a period of profound and irrevocable change. While the universe stumbles towards an uncertain future, countless adventures await as new enemies rise in search of power.","In the distant future, the X universe faces a period of profound and irrevocable change. While the universe stumbles towards an uncertain future, countless adventures await as new enemies rise in search of power. Enter a young adventurer and his unlikely female ally traveling in an old, battered ship with a glorious past - two people alone against the galaxy, playing a key part in the events to come. The fate of the universe rests in the hands of the player...X Rebirth represents a spectacular new beginning for the X series, offering loyal fans and newcomers alike a vast, vivid and extremely detailed universe to explore throughout the game. Varied gameplay elements such as action-packed space combat, detailed trading mechanics and high-speed space exploration with fast travel allow players to experience a truly unique space saga that will keep them hooked for dozens of hours. X Rebirth features a whole new user experience - it is easier than ever to start with, and remains as deep as fans expect it.FEATURESTRADE! A fully simulated economy that means your actions really do matter. Travel the space highways to ﬁnd proﬁt in gigantic space cities, swarming with ships and drones.++ Every ship you see has a task. Stop a freighter from reaching its destination and its cargo will be stopped too, causing prices to rise. ++FIGHT! From small scale skirmishes to epic ﬂeet encounters, battles in the X Universe know no limits. Choose to ﬁght for the military, work for the police or be a lawless pirate, or if you prefer just ﬁght when you need to defend yourself - it's up to you.++ Take the action right into massive structures. Target turrets and shield generators to weaken your enemy, damage engines and jump drives to prevent their ships from escaping, or stop their factories producing to cripple their economy. ++BUILD! Create your own empire! From trading stations to large factories, farms to hightech military complexes, everything can belong to you. Build for trade and proﬁt or to strengthen your military presence and dominate your enemies.++ Extend and upgrade your stations to make them operate more efﬁciently, with every element visible in glorious animated detail. Harvest your own resources to keep your empire running smoothly. ++THINK! A rich, detailed history and a deep complex plot await you, but you are free to decide when and where to take part. Explore the universe at your own pace - choose your own path and create your own destiny.++ Get up-close and personal with aliens and humans alike. Land on stations, meet people, then accept missions from them or hire them as crew members for your ships. ++ TRADE, FIGHT, BUILD, THINK... in the X Universe - the biggest sandbox this side of the galaxy.",7,69,5156,True,True,True,33,https://www.metacritic.com/game/pc/x-rebirth?ftag=MCD-06-10aaa1f,http://www.egosoft.com/support/index_en.php,info@egosoft.com,"English, German, Italian, Russian, Simplified Chinese, Traditional Chinese, French, Korean","English, German, French, Korean",Egosoft,Egosoft,"2, 22, 28, 29, 13, 30, 23, 62","Single-player, Steam Achievements, Full controller support, Steam Trading Cards, Captions available, Steam Workshop, Steam Cloud, Family Sharing","1, 28","Action, Simulation"
2900,688(I) Hunter/Killer,https://shared.akamai.steamstatic.com/store_item_assets/steam/apps/2900/header.jpg?t=1759950629,,2006-10-26,False,4.9,EUR,"688(I) Hunter/Killer, the most realistic submarine simulation ever developed for PC. Master the sonar and weapons control systems, learn to develop real target situations and outfit your boat with the latest advanced weaponry. Then use your skills to complete the tour of duty and earn your dolphins to become a true submariner. A truly authentic simulation: Developed by Sonalysts, a defense contractor who designs submarine simulators for the US Navy Over 12 detailed operating stations: Control all aspects of submarine warfare, including the sonar suite, fire control, helm and target motion analysis Real-World Terrain: Ocean depth and water density for the entire globe are based on actual satellite topographical data Real-life situations: Conduct detailed training and single missions, plus a full campaign based on political analysis from real world situations Multiplayer Warfare: Seek and Destroy up to 8 players over the internet or LAN Full 3D Technology: Full 3D technology allows for multiple camera views and accurate 3D models of over 20 different naval weapons platforms Complete Control: Manage all of the resources of your submarine, including crewmen training and weapons load-outs","688(I) Hunter/Killer, the most realistic submarine simulation ever developed for PC. Master the sonar and weapons control systems, learn to develop real target situations and outfit your boat with the latest advanced weaponry. Then use your skills to complete the tour of duty and earn your dolphins to become a true submariner.","688(I) Hunter/Killer, the most realistic submarine simulation ever developed for PC. Master the sonar and weapons control systems, learn to develop real target situations and outfit your boat with the latest advanced weaponry. Then use your skills to complete the tour of duty and earn your dolphins to become a true submariner. A truly authentic simulation: Developed by Sonalysts, a defense contractor who designs submarine simulators for the US Navy Over 12 detailed operating stations: Control all aspects of submarine warfare, including the sonar suite, fire control, helm and target motion analysis Real-World Terrain: Ocean depth and water density for the entire globe are based on actual satellite topographical data Real-life situations: Conduct detailed training and single missions, plus a full campaign based on political analysis from real world situations Multiplayer Warfare: Seek and Destroy up to 8 players over the internet or LAN Full 3D Technology: Full 3D technology allows for multiple camera views and accurate 3D models of over 20 different naval weapons platforms Complete Control: Manage all of the resources of your submarine, including crewmen training and weapons load-outs",0,0,217,True,False,False,,,http://strategyfirst.com/products/support.html,,English,,Sonalysts,Strategy First,"2, 1, 62","Single-player, Multi-player, Family Sharing",2,Strategy
2910,Fleet Command,https://shared.akamai.steamstatic.com/store_item_assets/steam/apps/2910/header.jpg?t=1759951826,,2006-10-26,False,4.9,EUR,"International waterways become theaters of war when the world's most formidable maritime powers exchange their fatal blows. With entire fleets at your command, you must strategically deploy vessels from every class - frigate to aircraft to nuclear submarine - to maintain the precarious balance of naval power and gain position for the deadly endgame. Campaigns and mission scenarios straight from current headlines Exclusive real-time strategy with cuttingedge, real-world weapons Intuitive point and click game play No need to memorize symbols or complex commands Player designed task forces Complete 3D environment rotates and zooms for intense combat action Effects modeled in stunning detail- time of day, clouds, rain, differing sea states, ship's wake and pyrotechnics","International waterways become theaters of war when the world's most formidable maritime powers exchange their fatal blows. With entire fleets at your command, you must strategically deploy vessels from every class - frigate to aircraft to nuclear submarine - to maintain the precarious balance of naval power and gain position for the...","International waterways become theaters of war when the world's most formidable maritime powers exchange their fatal blows. With entire fleets at your command, you must strategically deploy vessels from every class - frigate to aircraft to nuclear submarine - to maintain the precarious balance of naval power and gain position for the deadly endgame. Campaigns and mission scenarios straight from current headlines Exclusive real-time strategy with cuttingedge, real-world weapons Intuitive point and click game play No need to memorize symbols or complex commands Player designed task forces Complete 3D environment rotates and zooms for intense combat action Effects modeled in stunning detail- time of day, clouds, rain, differing sea states, ship's wake and pyrotechnics",0,0,459,True,False,False,,,http://strategyfirst.com/products/support.html,,English,,Sonalysts,Strategy First,"2, 62","Single-player, Family Sharing",2,Strategy
2920,Sub Command,https://shared.akamai.steamstatic.com/store_item_assets/steam/apps/2920/header.jpg?t=1759953566,,2006-10-26,False,4.9,EUR,"Take charge of the most deadly modern-day submarines in the world - three distinct submarines across two unique and challenging campaigns. Utilize cutting-edge sensor and weapon technology to locate, track and destroy the enemy - even deliver Tomahawk missiles to inland targets. Whether transiting, diving, or surfacing you control the smartest, stealthiest and most feared subs on the water today! Three submarines to command - Seawolf, 688(I) and Akula. Each contains authentic naval systems including Sonar, Radar and Target Motion Analysis. Test your skills while firing Tomahawk missiles, rescuing crippled subs, rising through the polar ice cap to communicate information and much more. Easy to use game interface - With straightforward controls and automated crewmen, controlling a submarine has never been easier. Enhanced sound and 3D graphics engine - 3D Objects (over 250), from Russian trawlers to France's Mirage fighters - plus exacting sound modes pull you in like never before. You won't just hear the torpedos, you will feel them.","Take charge of the most deadly modern-day submarines in the world - three distinct submarines across two unique and challenging campaigns. Utilize cutting-edge sensor and weapon technology to locate, track and destroy the enemy - even deliver Tomahawk missiles to inland targets.","Take charge of the most deadly modern-day submarines in the world - three distinct submarines across two unique and challenging campaigns. Utilize cutting-edge sensor and weapon technology to locate, track and destroy the enemy - even deliver Tomahawk missiles to inland targets. Whether transiting, diving, or surfacing you control the smartest, stealthiest and most feared subs on the water today! Three submarines to command - Seawolf, 688(I) and Akula. Each contains authentic naval systems including Sonar, Radar and Target Motion Analysis. Test your skills while firing Tomahawk missiles, rescuing crippled subs, rising through the polar ice cap to communicate information and much more. Easy to use game interface - With straightforward controls and automated crewmen, controlling a submarine has never been easier. Enhanced sound and 3D graphics engine - 3D Objects (over 250), from Russian trawlers to France's Mirage fighters - plus exacting sound modes pull you in like never before. You won't just hear the torpedos, you will feel them.",0,0,136,True,False,False,84,https://www.metacritic.com/game/pc/sub-command?ftag=MCD-06-10aaa1f,,,English,,Sonalysts,Strategy First,"2, 1, 9, 17, 62","Single-player, Multi-player, Co-op, Includes level editor, Family Sharing",2,Strategy
2990,FlatOut 2,https://shared.akamai.steamstatic.com/store_item_assets/steam/apps/2990/header.jpg?t=1765237363,,2006-12-21,False,9.99,EUR,"Experience the drive of your life as you throw yourself around on and off the track causing fences to shatter, tire walls explode, water tanks and barrels fly across the track into other cars. And if anyone, including you, gets caught up in a big smash sit back and watch as the driver gets catapulted through the windscreen in spectacular effect. With over 5,000 destructible objects on each track and 40 deformable pieces on every car sparks are guaranteed to fly increasing the mayhem with every lap!Featuring an enhanced version of the original's lauded physics engine and even faster driving track designs, FlatOut 2 also boasts a plethora of improvements, enhancements and additions to make this the definitive FlatOut experience. Twice as many vehicles, a more sophisticated career mode, additional race environments, double the number of tracks; twice as many mini-games along with many multiplayer modes (via LAN only) are just some of the exhaustive features that are included in FlatOut 2. 45 vehicles to wreck, 12 rag-doll mini games, 57 track combinations, and thousands and thousands of destructible objects. Enjoy the mayhem while listening to a slamming soundtrack from artists including Rob Zombie, Papa Roach, Fall Out Boy, Nickelback, Wolfmother and more! Race hard and collide with up to 7 of your friends online in the souped up car of your dreams.","Experience the drive of your life as you throw yourself around on and off the track causing fences to shatter, tyre walls explode, water tanks and barrels fly across the track into other cars.","Experience the drive of your life as you throw yourself around on and off the track causing fences to shatter, tire walls explode, water tanks and barrels fly across the track into other cars. And if anyone, including you, gets caught up in a big smash sit back and watch as the driver gets catapulted through the windscreen in spectacular effect. With over 5,000 destructible objects on each track and 40 deformable pieces on every car sparks are guaranteed to fly increasing the mayhem with every lap!Featuring an enhanced version of the original's lauded physics engine and even faster driving track designs, FlatOut 2 also boasts a plethora of improvements, enhancements and additions to make this the definitive FlatOut experience. Twice as many vehicles, a more sophisticated career mode, additional race environments, double the number of tracks; twice as many mini-games along with many multiplayer modes (via LAN only) are just some of the exhaustive features that are included in FlatOut 2. 45 vehicles to wreck, 12 rag-doll mini games, 57 track combinations, and thousands and thousands of destructible objects. Enjoy the mayhem while listening to a slamming soundtrack from artists including Rob Zombie, Papa Roach, Fall Out Boy, Nickelback, Wolfmother and more! Race hard and collide with up to 7 of your friends online in the souped up car of your dreams.",0,37,19407,True,False,False,76,https://www.metacritic.com/game/pc/flatout-2?ftag=MCD-06-10aaa1f,http://www.strategyfirst.com/contact-us/,support@strategyfirst.com,"English, French, German, Italian, Spanish - Spain, Czech, Hungarian, Polish, Russian, Simplified Chinese, Traditional Chinese","English, Traditional Chinese","Bugbear Entertainment, ZOOM Platform Media, Jordan Freeman Group",Strategy First,"2, 1, 49, 36, 47, 22, 28, 29, 51, 30, 55, 57, 23, 62","Single-player, Multi-player, PvP, Online PvP, LAN PvP, Steam Achievements, Full controller support, Steam Trading Cards, Steam Workshop, Steam Workshop, DualShock Controller Support, DualSense Controller Support, Steam Cloud, Family Sharing",9,Racing
3010,Xpand Rally,https://shared.akamai.steamstatic.com/store_item_assets/steam/apps/3010/header.jpg?t=1729249898,http://www.xpandrally.com,2006-08-24,False,4.99,EUR,"Please note as of October 2024, the online features for this game will no longer be supported.Xpand Rally is a breathtaking game that gives you the true to life experience of driving powerful rally cars amidst photorealistic sceneries. Realistic weather effects, rolling hills, and animated scenery all add to game's visual perfection. Xpand Rally also features highly detailed models of modern rally cars and handling physics developed with the help of rally sport professionals which further enhance the realism of driving experience.Xpand Rally combines the best elements of Rally and Rally Cross racing in one unique gaming experience.The game offers a career mode based on time trials during both individual races and World Championship Series which will satisfy traditional Rally fans. The Rally Cross fans won't be disappointed either - they can challenge several opponents in head to head racing during competitions based on real and fictitious race events.Xpand Rally, as the only title on the market, brings the economy factor into a rally game. The player starts with a junk car and competes in races to earn money and acquire upgrades, repair damage, tweak performance and pay the race entry fees.Along with the tuning-up, the car's condition affects its handling. Due to accurate damage system, it is highly dependent on the player's driving skills. The physical handling model is also influenced by car parts configuration and provides both authentic feel and joy of driving.The interactive race track surroundings with enhanced game physics and the innovative approach to changing daytime and weather conditions, both influencing the car handling, are other hallmarks of Xpand Rally that distinguish it from other racing games.For the first time among rally games Xpand Rally includes a complete set of easy-to-use editing tools enabling to create new tracks, cars or even game mods.","Please note as of October 2024, the online features for this game will no longer be supported.Xpand Rally is a breathtaking game that gives you the true to life experience of driving powerful rally cars amidst photorealistic sceneries. Realistic weather effects, rolling hills, and animated scenery all add to game's visual perfection.","Please note as of October 2024, the online features for this game will no longer be supported.Xpand Rally is a breathtaking game that gives you the true to life experience of driving powerful rally cars amidst photorealistic sceneries. Realistic weather effects, rolling hills, and animated scenery all add to game's visual perfection. Xpand Rally also features highly detailed models of modern rally cars and handling physics developed with the help of rally sport professionals which further enhance the realism of driving experience.Xpand Rally combines the best elements of Rally and Rally Cross racing in one unique gaming experience.The game offers a career mode based on time trials during both individual races and World Championship Series which will satisfy traditional Rally fans. The Rally Cross fans won't be disappointed either - they can challenge several opponents in head to head racing during competitions based on real and fictitious race events.Xpand Rally, as the only title on the market, brings the economy factor into a rally game. The player starts with a junk car and competes in races to earn money and acquire upgrades, repair damage, tweak performance and pay the race entry fees.Along with the tuning-up, the car's condition affects its handling. Due to accurate damage system, it is highly dependent on the player's driving skills. The physical handling model is also influenced by car parts configuration and provides both authentic feel and joy of driving.The interactive race track surroundings with enhanced game physics and the innovative approach to changing daytime and weather conditions, both influencing the car handling, are other hallmarks of Xpand Rally that distinguish it from other racing games.For the first time among rally games Xpand Rally includes a complete set of easy-to-use editing tools enabling to create new tracks, cars or even game mods.",0,0,542,True,False,False,82,https://www.metacritic.com/game/pc/xpand-rally?ftag=MCD-06-10aaa1f,,,English,,Techland,Techland,"2, 1, 62","Single-player, Multi-player, Family Sharing",9,Racing
3020,Call of Juarez,https://shared.akamai.steamstatic.com/store_item_assets/steam/apps/3020/header.jpg?t=1729249870,https://techland.net,2007-11-08,False,9.99,EUR,"Please note as of October 2024, the online features for this game will no longer be supported.Call of Juarez is an epic adventure western themed FPS game. The player alternately assumes the roles of two distinct, antagonistic characters: a sneaking fugitive Billy and his hunter the reverend Ray. Apart from the highly interesting, emotional and psychological aspect of the link between the two characters, the player will experience a variety of gameplay with many differences whilst playing a particular character. The game features fast paced revolver duels using historically accurate firearms, horseback riding, mounted combat and stealth actions in memorable locations set after Western movies. Emergent gameplay based on accurate simulation of not only rigid bodies and rag-dolls but also liquids, gases, fire and smoke makes the gameplay innovative and non-linear.Very serious approach to the Wild West theme and detailed reconstruction of the character and visuals of that timesThe use of physics and innovative simulation of fire, liquids, dust, smokes and gases to construct emergent gameplayState of the art graphics making use of the top technology graphics cards features on todays cardsPlaying 2 distinct characters with different abilities and different gameplayHorseback riding and saddle shooting, gunfighter duelsUsing the whip to fight, move objects and move the player's character Legendary weapons form the Gold Fever era and full akimbo mode for the hands on approachExhilarating storyline with full of twists and turns in this exciting Western Genre.","Call of Juarez is an epic adventure western themed FPS game. The player alternately assumes the roles of two distinct, antagonistic characters: a sneaking fugitive Billy and his hunter the reverend Ray.","Please note as of October 2024, the online features for this game will no longer be supported.Call of Juarez is an epic adventure western themed FPS game. The player alternately assumes the roles of two distinct, antagonistic characters: a sneaking fugitive Billy and his hunter the reverend Ray. Apart from the highly interesting, emotional and psychological aspect of the link between the two characters, the player will experience a variety of gameplay with many differences whilst playing a particular character. The game features fast paced revolver duels using historically accurate firearms, horseback riding, mounted combat and stealth actions in memorable locations set after Western movies. Emergent gameplay based on accurate simulation of not only rigid bodies and rag-dolls but also liquids, gases, fire and smoke makes the gameplay innovative and non-linear.Very serious approach to the Wild West theme and detailed reconstruction of the character and visuals of that timesThe use of physics and innovative simulation of fire, liquids, dust, smokes and gases to construct emergent gameplayState of the art graphics making use of the top technology graphics cards features on todays cardsPlaying 2 distinct characters with different abilities and different gameplayHorseback riding and saddle shooting, gunfighter duelsUsing the whip to fight, move objects and move the player's character Legendary weapons form the Gold Fever era and full akimbo mode for the hands on approachExhilarating storyline with full of twists and turns in this exciting Western Genre.",0,0,3714,True,False,False,72,https://www.metacritic.com/game/pc/call-of-juarez?ftag=MCD-06-10aaa1f,http://support.techland.pl,,"English, French, German, Spanish - Spain, Russian",,Techland,Techland Publishing,"2, 1, 29, 62","Single-player, Multi-player, Steam Trading Cards, Family Sharing",1,Action
3050,Xpand Rally Xtreme,https://shared.akamai.steamstatic.com/store_item_assets/steam/apps/3050/header.jpg?t=1729249907,,2008-10-08,False,4.99,EUR,"Xpand Rally Xtreme shows the true climate and conditions of rally racing. Dangerous, technical tracks, based on the world's hardest special stages full of moguls,jumps,grooves and tight hairpins. By winning races amass funds for faster cars and repairs. The player also has the ability to mechanically tune their cars by increasing parameters such as turbocharger efficiency,fitting sports breaks and suspension kits and more. Features: Extreme driving in the toughest possible conditions: Innumerable moguls, bumps, ditches, potholes, grooves and jumps-the ultimate test of the driver's skills and his car's suspension. Learn to respect a real rally car: Extreme realism of driving a rally car, thanks to the highly-detailed driving physics simulation. Go head-to-head with AI opponents in two exciting new racing modes:Off-Road Series featuring 4x4 xtreme cars and Touring Challenge with 1000BHP GT and DTM supercars Optical and mechanical car tuning and individual parts preference settings. Single race, online play and championship modes","Xpand Rally Xtreme shows the true climate and conditions of rally racing. Dangerous, technical tracks, based on the world's hardest special stages full of moguls,jumps,grooves and tight hairpins. By winning races amass funds for faster cars and repairs.","Xpand Rally Xtreme shows the true climate and conditions of rally racing. Dangerous, technical tracks, based on the world's hardest special stages full of moguls,jumps,grooves and tight hairpins. By winning races amass funds for faster cars and repairs. The player also has the ability to mechanically tune their cars by increasing parameters such as turbocharger efficiency,fitting sports breaks and suspension kits and more. Features: Extreme driving in the toughest possible conditions: Innumerable moguls, bumps, ditches, potholes, grooves and jumps-the ultimate test of the driver's skills and his car's suspension. Learn to respect a real rally car: Extreme realism of driving a rally car, thanks to the highly-detailed driving physics simulation. Go head-to-head with AI opponents in two exciting new racing modes:Off-Road Series featuring 4x4 xtreme cars and Touring Challenge with 1000BHP GT and DTM supercars Optical and mechanical car tuning and individual parts preference settings. Single race, online play and championship modes",0,0,377,True,False,False,,,,,English,,Techland,Techland,"2, 1, 62","Single-player, Multi-player, Family Sharing",9,Racing
3130,Men of War: Red Tide,https://shared.akamai.steamstatic.com/store_item_assets/steam/apps/3130/7aeddc19b81225d2cd22fda69a9f97bc378d2ce1/header.jpg?t=1773656494,http://www.menofwargame.com,2009-11-01,False,4.99,EUR,"Experience the war where land meets sea.Men of War: Red Tide combines the tactical depth of real-time strategy with the raw intensity of direct third-person combat. Developed in collaboration with a writer and concept author Alexander Zorich, this standalone expansion tells the story of the Black Coats – Soviet Naval Infantry, an elite force renowned for their ruthless precision during the Black Sea campaigns of World War II.Lead your troops through 23 missions that recreate the fiercest battles along the Eastern Front – from Odessa and Sevastopol to Nikolaev and Constanta. Coordinate amphibious assaults, capture enemy fortifications, and command armored trains, naval fleets, and aircraft as the chaos of war unfolds around you.Men of War: Red Tide delivers an authentic atmosphere, challenging missions, and the perfect blend of large-scale tactics and personal control. Its campaign offers both variety and historical depth, creating a mix of sweeping operations and tense, close-quarters heroism that defines the Men of War experience.Key Features:Extensive single-player story-driven campaign – over 20 handcrafted missions covering six major historical operations between 1941 and 1945.Four playable factions – command Soviet, German, Romanian, and Italian forces across diverse battlefields.Over 100 authentic military units – including tanks, artillery, self-propelled guns, armored cars, warships, and aircraft.Direct-control system – take command of any soldier or vehicle at any time, switching seamlessly between strategic view and on-the-ground combat.Naval and air support – deploy cruisers, destroyers, torpedo boats, bombers, and hydroplanes to change the course of battle.Cinematic battlefield immersion – dynamic weather, destructible environments, and realistic damage modeling bring every encounter to life.","Red Tide blends deep RTS tactics with the raw intensity of third-person combat. Created in collaboration with author Alexander Zorich, this standalone expansion tells the story of the Black Coats – Soviet Naval Infantry famed for their ruthless precision in the Black Sea campaigns.","Men of War II Available NowAbout the GameExperience the war where land meets sea.Men of War: Red Tide combines the tactical depth of real-time strategy with the raw intensity of direct third-person combat. Developed in collaboration with a writer and concept author Alexander Zorich, this standalone expansion tells the story of the Black Coats – Soviet Naval Infantry, an elite force renowned for their ruthless precision during the Black Sea campaigns of World War II.Lead your troops through 23 missions that recreate the fiercest battles along the Eastern Front – from Odessa and Sevastopol to Nikolaev and Constanta. Coordinate amphibious assaults, capture enemy fortifications, and command armored trains, naval fleets, and aircraft as the chaos of war unfolds around you.Men of War: Red Tide delivers an authentic atmosphere, challenging missions, and the perfect blend of large-scale tactics and personal control. Its campaign offers both variety and historical depth, creating a mix of sweeping operations and tense, close-quarters heroism that defines the Men of War experience.Key Features:Extensive single-player story-driven campaign – over 20 handcrafted missions covering six major historical operations between 1941 and 1945.Four playable factions – command Soviet, German, Romanian, and Italian forces across diverse battlefields.Over 100 authentic military units – including tanks, artillery, self-propelled guns, armored cars, warships, and aircraft.Direct-control system – take command of any soldier or vehicle at any time, switching seamlessly between strategic view and on-the-ground combat.Naval and air support – deploy cruisers, destroyers, torpedo boats, bombers, and hydroplanes to change the course of battle.Cinematic battlefield immersion – dynamic weather, destructible environments, and realistic damage modeling bring every encounter to life.",0,0,762,True,False,False,77,https://www.metacritic.com/game/pc/men-of-war-red-tide?ftag=MCD-06-10aaa1f,http://www.fulqrumpublishing.com/support,support@fulqrumpublishing.com,"English, Russian, German, French","English, Russian, French",Fulqrum Publishing,Fulqrum Publishing,"2, 1, 49, 47, 9, 48, 29, 23, 62","Single-player, Multi-player, PvP, LAN PvP, Co-op, LAN Co-op, Steam Trading Cards, Steam Cloud, Family Sharing",2,Strategy
3170,King's Bounty: Armored Princess,https://shared.akamai.steamstatic.com/store_item_assets/steam/apps/3170/62f947b3451b3f5dfb0fd5410408a4fee5036dff/header.jpg?t=1786626361,http://www.kingsbountygame.com/,2009-11-19,False,9.99,EUR,"King’s Bounty: Armored Princess builds on the foundation of The Legend, expanding the classic formula with deeper turn-based tactics, a huge hand-crafted world, and new mechanics that change how you approach battles and progression.As Princess Amelie, you travel across the lands of Teana in search of the legendary knight Bill Gilbert. Each new region raises the stakes with tougher battles, stronger enemies, and greater rewards, forcing you to explore further, build stronger armies, and constantly adapt your strategy.The world of Teana is filled with new dangers and challenges. You will face powerful monstrous bosses, deadly creatures, and an entirely new enemy race — the bloodthirsty Lizards. As the threats grow, so do your options. Princess Amelie gains new skills and abilities, including the power of flight, opening up new ways to explore the world and approach encounters.Princess Amelie is not alone on her journey. She is accompanied by a pet dragon that grows and evolves alongside her — starting as a small and amusing companion and gradually becoming a devastating ally. Over time, the dragon unlocks powerful abilities, from treasure hunting and direct attacks to battle rage and even summoning volcanic eruptions on the battlefield.Armored Princess further expands the strategic layer with companions, new unit combinations, and more flexible army building. Combined with three hero classes — Warrior, Paladin, or Mage — this creates a wide range of viable playstyles and strong replay value.With its larger scope, new threats, and expanded mechanics, King’s Bounty: Armored Princess offers a deeper and more demanding experience that rewards curiosity, planning, and tactical thinking over dozens of hours.Real-time exploration meets deep turn-based tactical battlesExplore the world in real time, then switch to carefully paced, turn-based combat where positioning, morale, unit abilities, and preparation decide the outcome..A huge hand-crafted world with dozens of locations and battlefieldsTravel across towns, wild landscapes, remote islands, and dangerous dungeons, fighting battles both on the surface and deep underground.New enemies, powerful bosses, and a new raceFace huge monstrous bosses, deadly creatures, and an entirely new enemy faction — the bloodthirsty Lizards — each bringing new tactical challenges.Princess Amelie — New protagonist with new abilitiesUnlock new skills and characteristics that change how you explore the world and approach encounters, including the ability to fly and reach otherwise inaccessible areas.A pet dragon that grows into a devastating allyStart with a small, amusing companion and watch it evolve into a powerful force, unlocking abilities such as treasure hunting, direct attacks, battle rage, and even summoning volcanic eruptions.Expanded strategic systems and army buildingRecruit companions, experiment with new unit combinations, and build armies around morale bonuses, abilities, and tactical synergies.Three hero classes with different playstylesChoose between Warrior, Paladin, or Mage, each offering distinct strengths and approaches to combat and progression.A dynamic world that raises the stakes as you progressStronger enemies, greater risks, and better rewards push you to adapt your strategy and plan every step carefully.","King’s Bounty: Armored Princess builds on the foundation of The Legend, expanding the classic formula with deeper turn-based tactics, a huge hand-crafted world, and new mechanics that change how you approach battles and progression.","King’s Bounty: Armored Princess builds on the foundation of The Legend, expanding the classic formula with deeper turn-based tactics, a huge hand-crafted world, and new mechanics that change how you approach battles and progression.As Princess Amelie, you travel across the lands of Teana in search of the legendary knight Bill Gilbert. Each new region raises the stakes with tougher battles, stronger enemies, and greater rewards, forcing you to explore further, build stronger armies, and constantly adapt your strategy.The world of Teana is filled with new dangers and challenges. You will face powerful monstrous bosses, deadly creatures, and an entirely new enemy race — the bloodthirsty Lizards. As the threats grow, so do your options. Princess Amelie gains new skills and abilities, including the power of flight, opening up new ways to explore the world and approach encounters.Princess Amelie is not alone on her journey. She is accompanied by a pet dragon that grows and evolves alongside her — starting as a small and amusing companion and gradually becoming a devastating ally. Over time, the dragon unlocks powerful abilities, from treasure hunting and direct attacks to battle rage and even summoning volcanic eruptions on the battlefield.Armored Princess further expands the strategic layer with companions, new unit combinations, and more flexible army building. Combined with three hero classes — Warrior, Paladin, or Mage — this creates a wide range of viable playstyles and strong replay value.With its larger scope, new threats, and expanded mechanics, King’s Bounty: Armored Princess offers a deeper and more demanding experience that rewards curiosity, planning, and tactical thinking over dozens of hours.Real-time exploration meets deep turn-based tactical battlesExplore the world in real time, then switch to carefully paced, turn-based combat where positioning, morale, unit abilities, and preparation decide the outcome..A huge hand-crafted world with dozens of locations and battlefieldsTravel across towns, wild landscapes, remote islands, and dangerous dungeons, fighting battles both on the surface and deep underground.New enemies, powerful bosses, and a new raceFace huge monstrous bosses, deadly creatures, and an entirely new enemy faction — the bloodthirsty Lizards — each bringing new tactical challenges.Princess Amelie — New protagonist with new abilitiesUnlock new skills and characteristics that change how you explore the world and approach encounters, including the ability to fly and reach otherwise inaccessible areas.A pet dragon that grows into a devastating allyStart with a small, amusing companion and watch it evolve into a powerful force, unlocking abilities such as treasure hunting, direct attacks, battle rage, and even summoning volcanic eruptions.Expanded strategic systems and army buildingRecruit companions, experiment with new unit combinations, and build armies around morale bonuses, abilities, and tactical synergies.Three hero classes with different playstylesChoose between Warrior, Paladin, or Mage, each offering distinct strengths and approaches to combat and progression.A dynamic world that raises the stakes as you progressStronger enemies, greater risks, and better rewards push you to adapt your strategy and plan every step carefully.",0,74,1139,True,True,False,82,https://www.metacritic.com/game/pc/kings-bounty-armored-princess?ftag=MCD-06-10aaa1f,,support@fulqrumpublishing.com,"English, Russian, French, German, Spanish - Spain, Italian, Japanese, Simplified Chinese",,Katauri Interactive,Fulqrum Publishing,"2, 22, 30, 23, 62","Single-player, Steam Achievements, Steam Workshop, Steam Cloud, Family Sharing","3, 2","RPG, Strategy"
3230,Genesis Rising,https://shared.akamai.steamstatic.com/store_item_assets/steam/apps/3230/header.jpg?t=1727863478,http://www.GenesisRisingGame.com,2007-08-06,False,4.99,EUR,"Three thousand years in the future, mankind has carved a bloody path towards domination of the known universe. Self-proclaimed as a divine race and beyond reproach as a species, they view all alien races as inferior. With fleets of organic starships genetically engineered for war, humanity sets out to conquer the last remaining independent galaxy - The Universal Heart. As Captain Iconah, you are commissioned to uncover the location and purpose of the Heart. Take command of a living fleet, altering your starship's DNA in real-time as you grant them new and powerful abilities. The Universal Crusade has just begun! Unique space real-time strategy gameplay that immerses you in an epic crusade with a rich back story. Non linear single player campaign comprised of over 30 branching missions. Scalable RTS gameplay: Resource gathering, technology upgrades and combat are scalable for even the most novice RTS players. Co-op mode allows two players to work together and control one fleet! Customize all 20+ gene based organic ships with over 50 different weapons and abilities, giving you thousands of possible combinations to choose from when constructing a fleet. Ship models morph in real time as genes are inserted, reflecting the choices that you make! Make alliances with the many other non-player character alien races to secure their support and technology--or purge their resources! Expand your genetic capabilities by invading enemy vessels, stealing unsuspecting technologies, and maximizing your gene bank's diversity. Gamespy Multiplayer featuring 12-player support and many multiplayer maps on which to flex your dominance!","Three thousand years in the future, mankind has carved a bloody path towards domination of the known universe. Self-proclaimed as a divine race and beyond reproach as a species, they view all alien races as inferior.","Three thousand years in the future, mankind has carved a bloody path towards domination of the known universe. Self-proclaimed as a divine race and beyond reproach as a species, they view all alien races as inferior. With fleets of organic starships genetically engineered for war, humanity sets out to conquer the last remaining independent galaxy - The Universal Heart. As Captain Iconah, you are commissioned to uncover the location and purpose of the Heart. Take command of a living fleet, altering your starship's DNA in real-time as you grant them new and powerful abilities. The Universal Crusade has just begun! Unique space real-time strategy gameplay that immerses you in an epic crusade with a rich back story. Non linear single player campaign comprised of over 30 branching missions. Scalable RTS gameplay: Resource gathering, technology upgrades and combat are scalable for even the most novice RTS players. Co-op mode allows two players to work together and control one fleet! Customize all 20+ gene based organic ships with over 50 different weapons and abilities, giving you thousands of possible combinations to choose from when constructing a fleet. Ship models morph in real time as genes are inserted, reflecting the choices that you make! Make alliances with the many other non-player character alien races to secure their support and technology--or purge their resources! Expand your genetic capabilities by invading enemy vessels, stealing unsuspecting technologies, and maximizing your gene bank's diversity. Gamespy Multiplayer featuring 12-player support and many multiplayer maps on which to flex your dominance!",0,0,132,True,False,False,57,https://www.metacritic.com/game/pc/genesis-rising-the-universal-crusade?ftag=MCD-06-10aaa1f,,,English,,Metamorf,THQ Nordic,"2, 1, 62","Single-player, Multi-player, Family Sharing",2,Strategy
3260,Safecracker: The Ultimate Puzzle Adventure,https://shared.akamai.steamstatic.com/store_item_assets/steam/apps/3260/header.jpg?t=1786442445,,2007-08-29,False,4.99,EUR,"As an expert safecracker, you are hired by the wealthy family of a recently deceased to search his mansion for his last will and testament. Duncan W. Adams was an avid safe collector and an 'eccentric,' to say the least. Adams has hidden the deed to his vast fortunes in one of 35 safes. You must crack them all using hints scattered throughout his extravagant mansion. The stakes are high. Use your expertise, wits, and puzzle solving skills to earn your paycheck! A challenging puzzle adventure game with 35 unique safes to crack. Many creative, clever, and truly unique puzzles. Decipher unexpected clues inside each safe that will help you open the others, ultimately leading you to the master safe. Multiple difficulty levels to challenge all types of puzzle enthusiasts. Explore a magnificent mansion with 30 lavish, intriguing, and precisely-detailed rooms.","Duncan W. Adams was an avid safe collector and an 'eccentric,' to say the least. Adams has hidden the deed to his vast fortunes in one of 35 safes. You must crack them all using hints scattered throughout his extravagant mansion.","As an expert safecracker, you are hired by the wealthy family of a recently deceased to search his mansion for his last will and testament. Duncan W. Adams was an avid safe collector and an 'eccentric,' to say the least. Adams has hidden the deed to his vast fortunes in one of 35 safes. You must crack them all using hints scattered throughout his extravagant mansion. The stakes are high. Use your expertise, wits, and puzzle solving skills to earn your paycheck! A challenging puzzle adventure game with 35 unique safes to crack. Many creative, clever, and truly unique puzzles. Decipher unexpected clues inside each safe that will help you open the others, ultimately leading you to the master safe. Multiple difficulty levels to challenge all types of puzzle enthusiasts. Explore a magnificent mansion with 30 lavish, intriguing, and precisely-detailed rooms.",0,0,441,True,False,False,69,https://www.metacritic.com/game/pc/safecracker-the-ultimate-puzzle-adventure?ftag=MCD-06-10aaa1f,https://thqnordicmobile.com/contact/,support@thqnordicmobile.com,"English, German, Italian, Spanish - Spain",,Kheops Studio,"HandyGames, THQ Nordic Mobile","2, 62","Single-player, Family Sharing","25, 4","Adventure, Casual"
3270,Painkiller Overdose,https://shared.akamai.steamstatic.com/store_item_assets/steam/apps/3270/header.jpg?t=1640259811,http://www.painkilleroverdose.com,2007-10-30,False,4.99,EUR,"The critically-acclaimed and award-winning FPS franchise is back! Packed with tons of fast-paced, adrenaline-fueled single player and multiplayer action, Painkiller Overdose brings with it 6 innovative new demonic weapons, mind-bending physics, lightning-player maps, over 40 demented and sickly-twisted monsters from Hell and gigantic end bosses that will blow your mind! A prequel to the eventual sequel that bridges the storyline and ties up wandering ends. Overdose introduces a new character and storyline that examines the repercussions of Daniel defeating Lucifer in the original Painkiller! 16 NEW levels of fast-paced pain-killing action! Six NEW demonic weapons grant the powers of a demi-god to souls awaiting damnation everywhere! Crafted and designed completely by Mindware Studios; long-time advocates and fans of the game. A reshuffled Tarot deck infuses Belial with new powers and devastating combinations. Over 40 demented and sickly-twisted monsters from Hell. New End Bosses of colossal statures standing guard over Hell's crumbling domain and the entrances to the other realms! A revitalized commitment to multiplayer introduces a series of stats tracking features and game server options intended to revamp the multiplayer experience. Multiplayer compatibility with original Painkiller multiplayer maps and game modes!","The critically-acclaimed and award-winning FPS franchise is back! Packed with tons of fast-paced, adrenaline-fueled single player and multiplayer action, Painkiller Overdose brings with it 6 innovative new demonic weapons, mind-bending physics, lightning-player maps, over 40 demented and sickly-twisted monsters from Hell and gigantic end...","The critically-acclaimed and award-winning FPS franchise is back! Packed with tons of fast-paced, adrenaline-fueled single player and multiplayer action, Painkiller Overdose brings with it 6 innovative new demonic weapons, mind-bending physics, lightning-player maps, over 40 demented and sickly-twisted monsters from Hell and gigantic end bosses that will blow your mind! A prequel to the eventual sequel that bridges the storyline and ties up wandering ends. Overdose introduces a new character and storyline that examines the repercussions of Daniel defeating Lucifer in the original Painkiller! 16 NEW levels of fast-paced pain-killing action! Six NEW demonic weapons grant the powers of a demi-god to souls awaiting damnation everywhere! Crafted and designed completely by Mindware Studios; long-time advocates and fans of the game. A reshuffled Tarot deck infuses Belial with new powers and devastating combinations. Over 40 demented and sickly-twisted monsters from Hell. New End Bosses of colossal statures standing guard over Hell's crumbling domain and the entrances to the other realms! A revitalized commitment to multiplayer introduces a series of stats tracking features and game server options intended to revamp the multiplayer experience. Multiplayer compatibility with original Painkiller multiplayer maps and game modes!",0,0,947,True,False,False,65,https://www.metacritic.com/game/pc/painkiller-overdose?ftag=MCD-06-10aaa1f,https://helpcenter.kochmedia.com,,"English, German",,Mindware Studios,Prime Matter,"2, 1, 62","Single-player, Multi-player, Family Sharing",1,Action
3300,Bejeweled 2 Deluxe,https://shared.akamai.steamstatic.com/store_item_assets/steam/apps/3300/header.jpg?t=1722544274,,2006-08-30,False,4.99,EUR,"Bejeweled 2 features four unique ways to play. Solve handcrafted brain teasers in puzzle mode while up against the clock or kick back, relax and enjoy endless mode. With awe-inspiring planetary backdrops, explosive new gems and dazzling special effects, Bejeweled 2 is more wildly addictive than ever before.","With awe-inspiring planetary backdrops, explosive new gems and dazzling special effects, Bejeweled 2 is more wildly addictive than ever before.","Bejeweled 2 features four unique ways to play. Solve handcrafted brain teasers in puzzle mode while up against the clock or kick back, relax and enjoy endless mode. With awe-inspiring planetary backdrops, explosive new gems and dazzling special effects, Bejeweled 2 is more wildly addictive than ever before.",0,0,713,True,True,False,,,,,"English, French, German, Italian, Spanish - Spain",,"PopCap Games, Inc.","PopCap Games, Inc., Electronic Arts","2, 41, 42, 62","Single-player, Remote Play on Phone, Remote Play on Tablet, Family Sharing",4,Casual
3310,Chuzzle Deluxe,https://shared.akamai.steamstatic.com/store_item_assets/steam/apps/3310/header.jpg?t=1729270121,,2006-08-30,False,4.99,EUR,"Drag the rows of fuzzy Chuzzles up and down, left and right, to match colors, and they'll pop and return to their test-tube home. Choose from four play modes and two difficulty levels.","Drag the rows of fuzzy Chuzzles up and down, left and right, to match colors, and they'll pop and return to their test-tube home. Choose from four play modes and two difficulty levels.","Drag the rows of fuzzy Chuzzles up and down, left and right, to match colors, and they'll pop and return to their test-tube home. Choose from four play modes and two difficulty levels.",0,0,1464,True,True,False,,,,,"English, French, German, Italian, Spanish - Spain",,"PopCap Games, Inc.","PopCap Games, Inc., Electronic Arts","2, 62","Single-player, Family Sharing",4,Casual
3320,Insaniquarium Deluxe,https://shared.akamai.steamstatic.com/store_item_assets/steam/apps/3320/header.jpg?t=1615205929,,2006-08-30,False,4.99,EUR,"Insaniquarium Deluxe is the craziest aquarium game ever - tend to your fish and keep them happy and they'll reward you with precious coins and jewels. Use the money you earn to buy upgrades for your tank or egg parts which hatch lots of different in-tank pets with special powers. These pets can help you feed your fish, collect coins, or even protect against the aliens that will invade your tank and wreak havoc.","The craziest aquarium game ever! Tend to your fish, keep them happy and they'll reward you with coins and jewels. Buy tank upgrades or egg parts which hatch different in-tank pets. These pets can help you feed your fish, collect coins, or even protect against the aliens that will invade your tank.","Insaniquarium Deluxe is the craziest aquarium game ever - tend to your fish and keep them happy and they'll reward you with precious coins and jewels. Use the money you earn to buy upgrades for your tank or egg parts which hatch lots of different in-tank pets with special powers. These pets can help you feed your fish, collect coins, or even protect against the aliens that will invade your tank and wreak havoc.",0,0,6382,True,False,False,,,,,English,,"PopCap Games, Inc.","PopCap Games, Inc., Electronic Arts","2, 62","Single-player, Family Sharing",4,Casual
3330,Zuma Deluxe,https://shared.akamai.steamstatic.com/store_item_assets/steam/apps/3330/header.jpg?t=1627918693,,2006-08-30,False,4.99,EUR,"Survive the ancient temples of Zuma, the critically acclaimed action-puzzler from PopCap! Deep in the jungle lie hidden temples bursting with traps and trickery, and it's up to you to uncover their treasures. Fire magical balls from your stone frog idol to make matches of three or more and clear the deadly chain before it reaches the golden skull. Explore all the temples — if you're good, you’ll rack up huge combos and special bonuses that'll help you on your way. But think fast and aim smart, or you'll be history in this action-packed puzzle challenge! Key Features 3D accelerated graphics and effects. Stunning sounds and tribal tunes. Explore the Adventure mode and test your skills in Gauntlet mode. Over 20 temples to explore!","Deep in the jungle lie hidden temples bursting with traps and trickery, and it's up to you to uncover their treasures. Fire magical balls from your stone frog idol to make matches of three or more and clear the deadly chain before it reaches the golden skull.","Survive the ancient temples of Zuma, the critically acclaimed action-puzzler from PopCap! Deep in the jungle lie hidden temples bursting with traps and trickery, and it's up to you to uncover their treasures. Fire magical balls from your stone frog idol to make matches of three or more and clear the deadly chain before it reaches the golden skull. Explore all the temples — if you're good, you’ll rack up huge combos and special bonuses that'll help you on your way. But think fast and aim smart, or you'll be history in this action-packed puzzle challenge! Key Features 3D accelerated graphics and effects. Stunning sounds and tribal tunes. Explore the Adventure mode and test your skills in Gauntlet mode. Over 20 temples to explore!",0,0,6460,True,True,False,,,,,"English, French, German, Italian, Spanish - Spain",,"PopCap Games, Inc.","PopCap Games, Inc., Electronic Arts","2, 62","Single-player, Family Sharing",4,Casual
3340,AstroPop Deluxe,https://shared.akamai.steamstatic.com/store_item_assets/steam/apps/3340/header.jpg?t=1776958556,,2006-08-30,False,4.99,EUR,"In a world where most puzzle games are the same, head into outer space to find something new and exciting! Before the descending bricks crush your dreams (and your space ship), use your powerful magnet to move and match same-colored bricks.","In a world where most puzzle games are the same, head into outer space to find something new and exciting! Before the descending bricks crush your dreams (and your space ship), use your powerful magnet to move and match same-colored bricks.","In a world where most puzzle games are the same, head into outer space to find something new and exciting! Before the descending bricks crush your dreams (and your space ship), use your powerful magnet to move and match same-colored bricks.",0,0,132,True,False,False,,,,,English,,"PopCap Games, Inc.",Electronic Arts,"2, 62","Single-player, Family Sharing",4,Casual
3350,Bejeweled Deluxe,https://shared.akamai.steamstatic.com/store_item_assets/steam/apps/3350/header.jpg?t=1628006310,,2006-08-30,False,4.99,EUR,"In the game, you must swap two adjacent gems to line up three or more of the same jewel type horizontally or vertically to eliminate them. Keep playing until there are no moves left or you've conquered the board. Bejeweled's gameplay can be fun for both kids and adults.","In the game, you must swap two adjacent gems to line up three or more of the same jewel type horizontally or vertically to eliminate them. Keep playing until there are no moves left or you've conquered the board. Bejeweled's gameplay can be fun for both kids and adults.","In the game, you must swap two adjacent gems to line up three or more of the same jewel type horizontally or vertically to eliminate them. Keep playing until there are no moves left or you've conquered the board. Bejeweled's gameplay can be fun for both kids and adults.",0,0,319,True,False,False,,,,,English,,"PopCap Games, Inc.","PopCap Games, Inc., Electronic Arts","2, 41, 42, 62","Single-player, Remote Play on Phone, Remote Play on Tablet, Family Sharing",4,Casual
3360,Big Money! Deluxe,https://shared.akamai.steamstatic.com/store_item_assets/steam/apps/3360/header.jpg?t=1776959856,,2006-08-30,False,4.99,EUR,"Here's your chance to strike it rich! Grab as much loot as you can before your pile of coins reaches the top of the window. If you move fast enough to fill the money meter, you'll score a moneybag. Collect enough bags, and you'll join the ranks of the rich and famous.","Here's your chance to strike it rich! Grab as much loot as you can before your pile of coins reaches the top of the window. If you move fast enough to fill the money meter, you'll score a moneybag. Collect enough bags, and you'll join the ranks of the rich and famous.","Here's your chance to strike it rich! Grab as much loot as you can before your pile of coins reaches the top of the window. If you move fast enough to fill the money meter, you'll score a moneybag. Collect enough bags, and you'll join the ranks of the rich and famous.",0,0,255,True,False,False,,,,,English,,"PopCap Games, Inc.",Electronic Arts,"2, 62","Single-player, Family Sharing",4,Casual
3380,Dynomite Deluxe,https://shared.akamai.steamstatic.com/store_item_assets/steam/apps/3380/header.jpg?t=1776959941,,2006-08-30,False,4.99,EUR,It's prehistoric egg-blasting fun! Use your slingshot to match three or more dino eggs of the same color... and watch them explode! Can you blast all the eggs before Mama Brontosaurus tramples your game?,It's prehistoric egg-blasting fun! Use your slingshot to match three or more dino eggs of the same color... and watch them explode! Can you blast all the eggs before Mama Brontosaurus tramples your game?,It's prehistoric egg-blasting fun! Use your slingshot to match three or more dino eggs of the same color... and watch them explode! Can you blast all the eggs before Mama Brontosaurus tramples your game?,0,0,396,True,False,False,,,,,English,,"PopCap Games, Inc.",Electronic Arts,"2, 62","Single-player, Family Sharing",4,Casual
3390,Feeding Frenzy 2 Deluxe,https://shared.akamai.steamstatic.com/store_item_assets/steam/apps/3390/header.jpg?t=1615206261,https://www.ea.com/games/feeding-frenzy/feeding-frenzy-2,2006-08-30,False,4.99,EUR,"The feeding frenzy begins again! Swim and swerve through underwater worlds, chow down on smaller fish, and chomp your way to ocean supremacy. But watch out: boatloads of pesky predators are looking to make lunch out of you.","The feeding frenzy begins again! Swim and swerve through underwater worlds, chow down on smaller fish, and chomp your way to ocean supremacy. But watch out: boatloads of pesky predators are looking to make lunch out of you.","The feeding frenzy begins again! Swim and swerve through underwater worlds, chow down on smaller fish, and chomp your way to ocean supremacy. But watch out: boatloads of pesky predators are looking to make lunch out of you.",0,0,2483,True,False,False,,,,,English,,"PopCap Games, Inc.","PopCap Games, Inc., Electronic Arts","2, 62","Single-player, Family Sharing",4,Casual
3400,Hammer Heads Deluxe,https://shared.akamai.steamstatic.com/store_item_assets/steam/apps/3400/header.jpg?t=1584807568,,2006-08-30,False,0.0,,"Pesky yard gnomes are invading your lawn! The only way to stop them is with a swift hammer blow to the head. Bash gnomes as quickly as you can while keeping an eye out for special gnomes, prizes and power-ups! Earn gold coins and shop the shiny store for upgrades.","Pesky yard gnomes are invading your lawn! The only way to stop them is with a swift hammer blow to the head. Bash gnomes as quickly as you can while keeping an eye out for special gnomes, prizes and power-ups! Earn gold coins and shop the shiny store for upgrades.","Pesky yard gnomes are invading your lawn! The only way to stop them is with a swift hammer blow to the head. Bash gnomes as quickly as you can while keeping an eye out for special gnomes, prizes and power-ups! Earn gold coins and shop the shiny store for upgrades.",0,0,0,True,False,False,,,,,English,,"PopCap Games, Inc.","PopCap Games, Inc.","2, 62","Single-player, Family Sharing",4,Casual
3410,Heavy Weapon Deluxe,https://shared.akamai.steamstatic.com/store_item_assets/steam/apps/3410/header.jpg?t=1737677403,,2006-08-30,False,4.99,EUR,"It's shoot-'em-up arcade action at its best! Use an incredible assortment of heavy artillery to blast away enemy tanks and planes, and fight your way to victory. What are you waiting for? Pull yourself up by your bootstraps and get into the action! Blast your way through 19 missions packed with peril. Two action-packed game modes: Mission and Survival. Enhanced sound effects and an original soundtrack!","It's shoot-'em-up arcade action at its best! Use an incredible assortment of heavy artillery to blast away enemy tanks and planes, and fight your way to victory. What are you waiting for? Pull yourself up by your bootstraps and get into the action!","It's shoot-'em-up arcade action at its best! Use an incredible assortment of heavy artillery to blast away enemy tanks and planes, and fight your way to victory. What are you waiting for? Pull yourself up by your bootstraps and get into the action! Blast your way through 19 missions packed with peril. Two action-packed game modes: Mission and Survival. Enhanced sound effects and an original soundtrack!",0,0,425,True,False,False,,,,,English,,"PopCap Games, Inc.","PopCap Games, Inc.","2, 62","Single-player, Family Sharing",4,Casual
3420,Iggle Pop Deluxe,https://shared.akamai.steamstatic.com/store_item_assets/steam/apps/3420/header.jpg?t=1776961169,,2006-08-30,False,4.99,EUR,Journey to the Land of Fuzz to collect colorful Iggles and deliver them to their color-coded destinations. But look out for the nasty Zoogs - they're dying to get their grubby hands on those adorable Iggles.,Journey to the Land of Fuzz to collect colorful Iggles and deliver them to their color-coded destinations. But look out for the nasty Zoogs - they're dying to get their grubby hands on those adorable Iggles.,Journey to the Land of Fuzz to collect colorful Iggles and deliver them to their color-coded destinations. But look out for the nasty Zoogs - they're dying to get their grubby hands on those adorable Iggles.,0,0,102,True,False,False,,,,,English,,"PopCap Games, Inc.",Electronic Arts,"2, 62","Single-player, Family Sharing",4,Casual
3430,Pizza Frenzy Deluxe,https://shared.akamai.steamstatic.com/store_item_assets/steam/apps/3430/header.jpg?t=1776961593,,2006-08-30,False,4.99,EUR,"Pizza Frenzy is a wacky action puzzler that puts you in charge of your own pizza delivery empire! Reflexes and quick thinking are required to juggle all the orders. This fast-paced game will keep your mouse clicking with rewarding action and pattern matching. Take advantage of your bird's eye view of the city to keep a lookout for hungry customers. Match incoming orders with your pizza kitchens to deliver your pies fresh and on time. Work fast to avoid missing orders! If you miss too many, your customer satisfaction will plummet. If it gets too low, Game Over!",Pizza Frenzy is a wacky action puzzler that puts you in charge of your own pizza delivery empire! Reflexes and quick thinking are required to juggle all the orders. This fast-paced game will keep your mouse clicking with rewarding action and pattern matching.,"Pizza Frenzy is a wacky action puzzler that puts you in charge of your own pizza delivery empire! Reflexes and quick thinking are required to juggle all the orders. This fast-paced game will keep your mouse clicking with rewarding action and pattern matching. Take advantage of your bird's eye view of the city to keep a lookout for hungry customers. Match incoming orders with your pizza kitchens to deliver your pies fresh and on time. Work fast to avoid missing orders! If you miss too many, your customer satisfaction will plummet. If it gets too low, Game Over!",0,0,249,True,False,False,,,,,English,,"PopCap Games, Inc.",Electronic Arts,"2, 62","Single-player, Family Sharing",4,Casual
3450,Typer Shark! Deluxe,https://shared.akamai.steamstatic.com/store_item_assets/steam/apps/3450/header.jpg?t=1584807149,,2006-08-30,False,4.99,EUR,"Sink your teeth into an action-packed educational adventure. Hungry sharks and piranhas are on the hunt for food as you SCUBA dive into the deep blue unknown. But if you can type words fast enough, they'll be zapped before they can turn you into lunch.","Sink your teeth into an action-packed educational adventure. Hungry sharks and piranhas are on the hunt for food as you SCUBA dive into the deep blue unknown. But if you can type words fast enough, they'll be zapped before they can turn you into lunch.","Sink your teeth into an action-packed educational adventure. Hungry sharks and piranhas are on the hunt for food as you SCUBA dive into the deep blue unknown. But if you can type words fast enough, they'll be zapped before they can turn you into lunch.",0,0,438,True,False,False,,,,,English,,"PopCap Games, Inc.","PopCap Games, Inc.","2, 62","Single-player, Family Sharing",4,Casual
3460,Talismania Deluxe,https://shared.akamai.steamstatic.com/store_item_assets/steam/apps/3460/header.jpg?t=1776961670,,2006-08-30,False,4.99,EUR,"King Midas accidentally turned his own daughter into gold! And the only hope he has to change her back is to use his special powers to perform acts of goodness instead of greed. That's where you come in. Help Midas connect magical talismans to release gold coins and help the poor. If you help enough people, the god Zeus will change Midas' daughter back to her old self.","King Midas accidentally turned his own daughter into gold! Use his special powers to perform acts of goodness instead of greed. Help Midas connect magical talismans to release gold coins and help the poor. If you help enough people, Zeus will change Midas' daughter back to her old self.","King Midas accidentally turned his own daughter into gold! And the only hope he has to change her back is to use his special powers to perform acts of goodness instead of greed. That's where you come in. Help Midas connect magical talismans to release gold coins and help the poor. If you help enough people, the god Zeus will change Midas' daughter back to her old self.",0,0,0,True,False,False,,,,,English,,"PopCap Games, Inc.",Electronic Arts,"2, 62","Single-player, Family Sharing",4,Casual
3480,Peggle Deluxe,https://shared.akamai.steamstatic.com/store_item_assets/steam/apps/3480/header.jpg?t=1777394376,https://www.ea.com/games/peggle/peggle,2007-03-06,False,4.99,EUR,"Take your best shot with energizing arcade fun! Aim, shoot, clear the orange pegs, then sit back and cheer as 10 whimsical teachers guide you to Peggle greatness. Conquer 55 fanciful levels with 10 mystical Magic Powers, racking up bonus points and shots you'll smile about for weeks. Face off against your friends in Duel Mode, or tackle 75 extra-tricky challenges. It's luck and skill and joyous thrills, and amidst all this fevered action only one question remains: Can you become a Peggle Master? Wield 10 miraculous Magic Powers! Master 55 levels of bouncy delight! Conquer 75 Master challenges! Play friends or the computer in Duel Mode! Revel in breathtaking artwork and music! Replay and save your best shots!","Take your best shot with energizing arcade fun! Aim, shoot, clear the orange pegs, then sit back and cheer as 10 whimsical teachers guide you to Peggle greatness.","Take your best shot with energizing arcade fun! Aim, shoot, clear the orange pegs, then sit back and cheer as 10 whimsical teachers guide you to Peggle greatness. Conquer 55 fanciful levels with 10 mystical Magic Powers, racking up bonus points and shots you'll smile about for weeks. Face off against your friends in Duel Mode, or tackle 75 extra-tricky challenges. It's luck and skill and joyous thrills, and amidst all this fevered action only one question remains: Can you become a Peggle Master? Wield 10 miraculous Magic Powers! Master 55 levels of bouncy delight! Conquer 75 Master challenges! Play friends or the computer in Duel Mode! Revel in breathtaking artwork and music! Replay and save your best shots!",0,0,12550,True,True,False,,,,,"English, French, Italian, German, Spanish - Spain",,"PopCap Games, Inc.","PopCap Games, Inc., Electronic Arts","2, 41, 42, 62","Single-player, Remote Play on Phone, Remote Play on Tablet, Family Sharing",4,Casual
3483,Peggle Extreme,https://shared.akamai.steamstatic.com/store_item_assets/steam/apps/3483/header.jpg?t=1702414944,,2007-09-11,True,0.0,,"Mayday! The Peggle Institute has been invaded by a host of other-worldly creatures. It's up to you, Peggle Master, to report to duty and shoot and bounce the critters to oblivion. Take your best shot with energizing arcade fun, now exclusively themed with art and sounds from The Orange Box! Peggle Extreme delivers fast-paced puzzle action that combines elements of pinball and pachinko to create a truly unique game experience. As with the original Peggle, Peggle Extreme requires players to fire a metallic silver ball from the top of the screen, relying on gravity to propel the ball downwards while ricocheting off orange and blue ""pegs"". The goal is to clear all the orange pegs from the screen before running out of balls. A moving ""bucket"" at the bottom of the screen offers free balls, while green power-up and purple ""bonus multiplier"" pegs provide additional twists. Peggle Extreme features one power-up in the form of Bjorn the Unicorn, whose special takes the form of a ""super-guide"" sighting capability which enables players to see where there next shot will go beyond one or two initial bounces. Master 10 levels of ""Extreme"" challenges Conquer 5 Master challenges Play against a friend or the computer in Duel Mode Revel in breathtaking artwork and sounds from Half-Life: Episode 2, Portal, and Team Fortress 2 Replay and save your best shots","Peggle Extreme delivers fast-paced puzzle action that combines elements of pinball and pachinko to create a truly unique game experience. Take your best shot with energizing arcade fun, now exclusively themed with art and sounds from Half-Life: Episode 2, Portal, and Team Fortress 2.","Mayday! The Peggle Institute has been invaded by a host of other-worldly creatures. It's up to you, Peggle Master, to report to duty and shoot and bounce the critters to oblivion. Take your best shot with energizing arcade fun, now exclusively themed with art and sounds from The Orange Box! Peggle Extreme delivers fast-paced puzzle action that combines elements of pinball and pachinko to create a truly unique game experience. As with the original Peggle, Peggle Extreme requires players to fire a metallic silver ball from the top of the screen, relying on gravity to propel the ball downwards while ricocheting off orange and blue ""pegs"". The goal is to clear all the orange pegs from the screen before running out of balls. A moving ""bucket"" at the bottom of the screen offers free balls, while green power-up and purple ""bonus multiplier"" pegs provide additional twists. Peggle Extreme features one power-up in the form of Bjorn the Unicorn, whose special takes the form of a ""super-guide"" sighting capability which enables players to see where there next shot will go beyond one or two initial bounces. Master 10 levels of ""Extreme"" challenges Conquer 5 Master challenges Play against a friend or the computer in Duel Mode Revel in breathtaking artwork and sounds from Half-Life: Episode 2, Portal, and Team Fortress 2 Replay and save your best shots",0,0,0,True,False,False,,,,,English,,"PopCap Games, Inc.",Electronic Arts,"2, 41, 42, 62","Single-player, Remote Play on Phone, Remote Play on Tablet, Family Sharing","4, 37","Casual, Free To Play"
3490,Venice Deluxe,https://shared.akamai.steamstatic.com/store_item_assets/steam/apps/3490/header.jpg?t=1614183181,,2007-06-25,False,0.0,,"Venice is sinking and only you can save it! From the floating fortress of your golden gondola, you'll restore the city by returning its lost treasures. Sling costly coins, launch lovely lyres and ricochet ruby rings into the corresponding spaces overhead. Use your arsenal of special shots to create cascading combos and earn bonus points along the way. But beware  shelves, chutes, swirlies and other traps will make things tricky, so you'll need power-ups like Wild Shot and Wings to help you sail through the levels. So grab your gondola and get ready  with a majestic soundtrack, gloriously ornate artwork and four enduring game modes, Venice is a classic test of wits, will and skill!Dive into 4 game modes: Journey, Flood, Survival and Trick ShotsSave 72 buildings over 8 neighborhoodsWield astonishing power-ups like Wild Shot and WingsOvercome obstacles like tricky chutes, sinister swirlies and moreRevel in ornate art, mellifluous music and spectacular effectsEarn bonus points and power-ups with terrific tumbles and cascading combosSave your high scores for pride and posterity!","Venice is sinking and only you can save it! From the floating fortress of your golden gondola, you'll restore the city by returning its lost treasures. Sling costly coins, launch lovely lyres and ricochet ruby rings into the corresponding spaces overhead.","Venice is sinking and only you can save it! From the floating fortress of your golden gondola, you'll restore the city by returning its lost treasures. Sling costly coins, launch lovely lyres and ricochet ruby rings into the corresponding spaces overhead. Use your arsenal of special shots to create cascading combos and earn bonus points along the way. But beware  shelves, chutes, swirlies and other traps will make things tricky, so you'll need power-ups like Wild Shot and Wings to help you sail through the levels. So grab your gondola and get ready  with a majestic soundtrack, gloriously ornate artwork and four enduring game modes, Venice is a classic test of wits, will and skill!Dive into 4 game modes: Journey, Flood, Survival and Trick ShotsSave 72 buildings over 8 neighborhoodsWield astonishing power-ups like Wild Shot and WingsOvercome obstacles like tricky chutes, sinister swirlies and moreRevel in ornate art, mellifluous music and spectacular effectsEarn bonus points and power-ups with terrific tumbles and cascading combosSave your high scores for pride and posterity!",0,0,0,True,False,False,,,,,English,,"Retro64, Inc.","PopCap Games, Inc.","2, 62","Single-player, Family Sharing",4,Casual
3500,Mystery P.I.™ - The Lottery Ticket,https://shared.akamai.steamstatic.com/store_item_assets/steam/apps/3500/header.jpg?t=1776961352,,2007-10-16,False,4.99,EUR,"You are the world-famous Mystery P.I. and you've been hired by Grandma Rose to find her $488 million dollar winning lottery ticket that has gone missing! Retrace Grandma's steps to collect clues by finding hidden objects and solving puzzles. Search the city for the clues and piece them together to solve the case. Grandma Rose has agreed to pay you $20 million if you find the ticket before the deadline. Hurry, you only have 12 hours to find the ticket! Investigate 20 unique locations to find over 2100 cleverly hidden objects! As your investigation skills improve your P.I. rank increases -- strive for a ""Perfect Investigation"" to get big bonus points! Two fun ways to play: In Find the Ticket mode you must locate the missing ticket before the deadline. Unlock Unlimited Seek & Find game mode to search for all the hidden objects with no time limits -- every scene, every item! Collect all 20 KEYS while finding the Ticket to unlock a fun bonus location hidden in the city.",You are the world-famous Mystery P.I. and you've been hired by Grandma Rose to find her $488 million dollar winning lottery ticket that has gone missing! Retrace Grandma's steps to collect clues by finding hidden objects and solving puzzles. Search the city for the clues and piece them together to solve the case.,"You are the world-famous Mystery P.I. and you've been hired by Grandma Rose to find her $488 million dollar winning lottery ticket that has gone missing! Retrace Grandma's steps to collect clues by finding hidden objects and solving puzzles. Search the city for the clues and piece them together to solve the case. Grandma Rose has agreed to pay you $20 million if you find the ticket before the deadline. Hurry, you only have 12 hours to find the ticket! Investigate 20 unique locations to find over 2100 cleverly hidden objects! As your investigation skills improve your P.I. rank increases -- strive for a ""Perfect Investigation"" to get big bonus points! Two fun ways to play: In Find the Ticket mode you must locate the missing ticket before the deadline. Unlock Unlimited Seek & Find game mode to search for all the hidden objects with no time limits -- every scene, every item! Collect all 20 KEYS while finding the Ticket to unlock a fun bonus location hidden in the city.",0,0,0,True,False,False,,,,,English,,SpinTop Games,Electronic Arts,"2, 62","Single-player, Family Sharing",4,Casual
3510,Amazing Adventures The Lost Tomb™,https://shared.akamai.steamstatic.com/store_item_assets/steam/apps/3510/header.jpg?t=1737677400,http://amazingadventuresgame.com/,2007-12-13,False,4.99,EUR,"You are an adventure seeker who travels the world in search of forgotten & lost treasures. Search for hidden objects and circumvent unique puzzle traps to recover the most sought after treasures the world has ever known. A newly-discovered fragment of an ancient map is believed to reveal the location of the Lost Tomb of Egypt. Under the direction of the Museum, you must immediately begin your adventure to locate the Lost Tomb and the treasures locked within! Complete over 100 levels by finding hidden objects and circumventing unique puzzle traps. Good luck on your adventure! Find over 2000 hidden objects in over 100 levels. Explore 22 unique Egyptian locations. Circumvent 7 unique mini-game puzzle traps to continue your missions. Two game modes: ""Find the Lost Tomb"" and ""Secret Game"" mode. Find the hidden Scarabs to unlock Secret Game mode and a bonus Egyptian location. Strive for the Perfect Search Bonus by not using the 'Hint' button. Play against the clock or in Relaxed Mode with no time limits. Unlock interesting facts about Egypt in your journal.",You are an adventure seeker who travels the world in search of forgotten & lost treasures. Search for hidden objects and circumvent unique puzzle traps to recover the most sought after treasures the world has ever known. A newly-discovered fragment of an ancient map is believed to reveal the location of the Lost Tomb of Egypt.,"You are an adventure seeker who travels the world in search of forgotten & lost treasures. Search for hidden objects and circumvent unique puzzle traps to recover the most sought after treasures the world has ever known. A newly-discovered fragment of an ancient map is believed to reveal the location of the Lost Tomb of Egypt. Under the direction of the Museum, you must immediately begin your adventure to locate the Lost Tomb and the treasures locked within! Complete over 100 levels by finding hidden objects and circumventing unique puzzle traps. Good luck on your adventure! Find over 2000 hidden objects in over 100 levels. Explore 22 unique Egyptian locations. Circumvent 7 unique mini-game puzzle traps to continue your missions. Two game modes: ""Find the Lost Tomb"" and ""Secret Game"" mode. Find the hidden Scarabs to unlock Secret Game mode and a bonus Egyptian location. Strive for the Perfect Search Bonus by not using the 'Hint' button. Play against the clock or in Relaxed Mode with no time limits. Unlock interesting facts about Egypt in your journal.",0,0,0,True,False,False,,,,,English,,SpinTop Games,"PopCap Games, Inc.","2, 62","Single-player, Family Sharing",4,Casual
3520,Mystery P.I.™ - The Vegas Heist,https://shared.akamai.steamstatic.com/store_item_assets/steam/apps/3520/header.jpg?t=1776961507,,2008-06-05,False,4.99,EUR,"The heist of the century has just happened! You've been hired by the casino to find & return the stolen money before its grand opening in 16 hours. Search for over 2300 cleverly hidden objects in 25 intriguing locations to solve the Vegas Heist. Two addictive ways to play: Vegas Heist mode and Unlimited Seek & Find mode. Collect all the hidden Keys and Poker Chips to unlock the bonus mode. Find the clues, solve the Vegas Heist! Find over 2300 cleverly hidden objects Investigate 25 intriguing Vegas locations to locate the stolen money Two fun game modes: 'Solve the Vegas Heist' and 'Unlimited Seek & Find' Play 5 unique mini-games: Word Search, Tile Rotation, Tile Swap, Jigsaw and a unique crime solving puzzle",The heist of the century has just happened! You've been hired by the casino to find & return the stolen money before its grand opening in 16 hours. Search for over 2300 cleverly hidden objects in 25 intriguing locations to solve the Vegas Heist. Two addictive ways to play: Vegas Heist mode and Unlimited Seek & Find mode.,"The heist of the century has just happened! You've been hired by the casino to find & return the stolen money before its grand opening in 16 hours. Search for over 2300 cleverly hidden objects in 25 intriguing locations to solve the Vegas Heist. Two addictive ways to play: Vegas Heist mode and Unlimited Seek & Find mode. Collect all the hidden Keys and Poker Chips to unlock the bonus mode. Find the clues, solve the Vegas Heist! Find over 2300 cleverly hidden objects Investigate 25 intriguing Vegas locations to locate the stolen money Two fun game modes: 'Solve the Vegas Heist' and 'Unlimited Seek & Find' Play 5 unique mini-games: Word Search, Tile Rotation, Tile Swap, Jigsaw and a unique crime solving puzzle",0,0,0,True,False,False,,,,,English,,SpinTop Games,Electronic Arts,"2, 62","Single-player, Family Sharing",4,Casual
3530,Amazing Adventures Around the World,https://shared.akamai.steamstatic.com/store_item_assets/steam/apps/3530/header.jpg?t=1776958468,,2009-04-15,False,4.99,EUR,"Pieces of an ancient stone tablet have started turning up around the globe and the Museum needs your help to locate the pieces and find the most expensive gem ever known...the World Diamond. Under the direction of the Museum, you must immediately begin your global seek & find adventure. Complete over 100 levels by finding hidden objects and circumventing unique puzzle traps. Travel to 25 unique & exotic locations around the world finding over 2100 hidden objects in 3 different game modes: Find the World Diamond story mode, plus two Unlimited Play game modes which are unlocked after you have found the World Diamond or have found all of the hidden Gems in each location. Take on 8 different types of mini-game puzzles including place-the-differences and spot-the-differences. Good luck on your around the world adventure! Find over 2100 Hidden Objects in over 100 levels. Explore 25 exotic & worldly locations. Play 8 unique mini-game puzzle traps including Spot-the-Differences, Place-the-differences, and many more. Three game modes: Find the World Diamond, Unlimited Seek & Find, and Unlimited Spot the Differences. Find the hidden Gems to unlock the Unlimited game modes. Strive for a Perfect Search bonus by not using Hint. Play against the clock or in Relaxed Mode with no time limits. Unlock interesting facts in your journal as you travel the globe.","Pieces of an ancient stone tablet have started turning up around the globe and the Museum needs your help to locate the pieces and find the most expensive gem ever known...the World Diamond. Under the direction of the Museum, you must immediately begin your global seek & find adventure.","Pieces of an ancient stone tablet have started turning up around the globe and the Museum needs your help to locate the pieces and find the most expensive gem ever known...the World Diamond. Under the direction of the Museum, you must immediately begin your global seek & find adventure. Complete over 100 levels by finding hidden objects and circumventing unique puzzle traps. Travel to 25 unique & exotic locations around the world finding over 2100 hidden objects in 3 different game modes: Find the World Diamond story mode, plus two Unlimited Play game modes which are unlocked after you have found the World Diamond or have found all of the hidden Gems in each location. Take on 8 different types of mini-game puzzles including place-the-differences and spot-the-differences. Good luck on your around the world adventure! Find over 2100 Hidden Objects in over 100 levels. Explore 25 exotic & worldly locations. Play 8 unique mini-game puzzle traps including Spot-the-Differences, Place-the-differences, and many more. Three game modes: Find the World Diamond, Unlimited Seek & Find, and Unlimited Spot the Differences. Find the hidden Gems to unlock the Unlimited game modes. Strive for a Perfect Search bonus by not using Hint. Play against the clock or in Relaxed Mode with no time limits. Unlock interesting facts in your journal as you travel the globe.",0,0,121,True,False,False,,,,,English,,SpinTop Games,Electronic Arts,"2, 62","Single-player, Family Sharing",4,Casual
3540,Peggle™ Nights,https://shared.akamai.steamstatic.com/store_item_assets/steam/apps/3540/header.jpg?t=1777484454,,2008-10-15,False,4.99,EUR,"The sun has set at the Peggle Institute, but the bouncy delight has just begun! Join the Peggle Masters on a dreamtime adventure of alter egos and peg-tastic action. Stay up late to aim, shoot and clear orange pegs, and bask in Extreme Fever glory under the silver moon. Then, put your Peggle skills to the ultimate test in Challenge mode. If you can master all that fevered action, play to your heart's content with Duel mode and Quick Play. Plus, you can stock your Trophy Room and revel in clickable replays for even more rebounding joy! Explore all 60 levels in Adventure mode Meet a new Peggle Master and learn a new Magic Power Test your skills in 60 challenges Unlock Duel mode to compete against friends and the computer Celebrate your Peggle prowess with clickable replays and a Trophy Room!","Join the Peggle Masters on a dreamtime adventure of alter egos and peg-tastic action. Stay up late to aim, shoot and clear orange pegs, and bask in Extreme Fever glory under the silver moon.","The sun has set at the Peggle Institute, but the bouncy delight has just begun! Join the Peggle Masters on a dreamtime adventure of alter egos and peg-tastic action. Stay up late to aim, shoot and clear orange pegs, and bask in Extreme Fever glory under the silver moon. Then, put your Peggle skills to the ultimate test in Challenge mode. If you can master all that fevered action, play to your heart's content with Duel mode and Quick Play. Plus, you can stock your Trophy Room and revel in clickable replays for even more rebounding joy! Explore all 60 levels in Adventure mode Meet a new Peggle Master and learn a new Magic Power Test your skills in 60 challenges Unlock Duel mode to compete against friends and the computer Celebrate your Peggle prowess with clickable replays and a Trophy Room!",0,0,3010,True,True,False,76,https://www.metacritic.com/game/pc/peggle-nights?ftag=MCD-06-10aaa1f,,,English,,"PopCap Games, Inc.","PopCap Games, Inc., Electronic Arts","2, 41, 42, 62","Single-player, Remote Play on Phone, Remote Play on Tablet, Family Sharing",4,Casual
3560,Bejeweled Twist,https://shared.akamai.steamstatic.com/store_item_assets/steam/apps/3560/header.jpg?t=1628006452,,2008-11-18,False,4.99,EUR,"Spin, match, explode... WOW! It's a brilliant new way to play Bejeweled! Get set for a vivid sensory rush as you spin and match explosive gems for shockwaves of fun. Rotate jewels freely to set up electrifying combos, outwit surprising obstacles like Locks and Bombs, and create high-voltage Flame and Lightning gems. When you need to dial up the intensity or fine-tune your skills, turn to Challenge mode or five-minute Blitz. And if relaxing is more your style, kick up your feet with stress-free Zen. No matter the mode, you'll discover new strategies, improve your moves, and find endless ways to win! Use the revolutionary Gem Rotator to move gems around and make matches anywhere on the board Relax, rev up, refocus or recharge in four game modes  Classic, Zen, Challenge and Blitz Clear away Locks and Bombs for magnificent bonuses Create Flame and Lightning power gems, then blast them to smithereens just because you can Relive your best moves with Instant Replay and see where you rank on the high-score list Start playing quickly and easily with in-game tips Enjoy eye-popping graphics and special effects... you've never seen Bejeweled like this before!","Get set for a vivid sensory rush as you spin and match explosive gems for shockwaves of fun. Rotate jewels freely to set up electrifying combos, outwit surprising obstacles like Locks and Bombs, and create high-voltage Flame and Lightning gems.","Spin, match, explode... WOW! It's a brilliant new way to play Bejeweled! Get set for a vivid sensory rush as you spin and match explosive gems for shockwaves of fun. Rotate jewels freely to set up electrifying combos, outwit surprising obstacles like Locks and Bombs, and create high-voltage Flame and Lightning gems. When you need to dial up the intensity or fine-tune your skills, turn to Challenge mode or five-minute Blitz. And if relaxing is more your style, kick up your feet with stress-free Zen. No matter the mode, you'll discover new strategies, improve your moves, and find endless ways to win! Use the revolutionary Gem Rotator to move gems around and make matches anywhere on the board Relax, rev up, refocus or recharge in four game modes  Classic, Zen, Challenge and Blitz Clear away Locks and Bombs for magnificent bonuses Create Flame and Lightning power gems, then blast them to smithereens just because you can Relive your best moves with Instant Replay and see where you rank on the high-score list Start playing quickly and easily with in-game tips Enjoy eye-popping graphics and special effects... you've never seen Bejeweled like this before!",0,0,596,True,False,False,78,https://www.metacritic.com/game/pc/bejeweled-twist?ftag=MCD-06-10aaa1f,,,English,,"PopCap Games, Inc.","PopCap Games, Inc., Electronic Arts","2, 62","Single-player, Family Sharing","4, 2","Casual, Strategy"
3570,Mystery P.I.™ - The New York Fortune,https://shared.akamai.steamstatic.com/store_item_assets/steam/apps/3570/header.jpg?t=1776961428,,2009-01-28,False,4.99,EUR,"A fun loving & eccentric New York billionaire has hidden the will to his vast fortune somewhere in New York City! His family only has 17 hours to locate the will or their Grandpa's entire estate will be given to his cat & dog. You are the world famous Mystery P.I. and the family has hired you to track down the clues hidden all over NYC. Seek & Find over 2100 hidden objects in 25 amazing NY locations like Times Square, Central Park, Coney Island, the Brooklyn Bridge and many more. If you succeed you will be awarded $25 Million dollars. Three addictive ways to play: In NY Fortune mode you must find the clues to locate the will. Collect all the Keys & Apples to unlock two Unlimited game modes: Unlock Unlimited Seek & Find and Spot the Differences to find every hidden item in every scene. Find over 2100 cleverly hidden objects. Investigate 25 amazing New York locations to find the clues. Three fun game modes: 'Find the NY Fortune' and two Unlimited game modes Play 5 unique mini-games: Match-3, Word Search, Circle Rotation, Tile Swap, Jigsaw plus a unique final puzzle. Locate the secret Keys and Apples to unlock two Unlimited game modes. Go for a Perfect Investigation & speed bonuses to become a Master PI.",A fun loving & eccentric New York billionaire has hidden the will to his vast fortune somewhere in New York City! His family only has 17 hours to locate the will or their Grandpa's entire estate will be given to his cat & dog. You are the world famous Mystery P.I.,"A fun loving & eccentric New York billionaire has hidden the will to his vast fortune somewhere in New York City! His family only has 17 hours to locate the will or their Grandpa's entire estate will be given to his cat & dog. You are the world famous Mystery P.I. and the family has hired you to track down the clues hidden all over NYC. Seek & Find over 2100 hidden objects in 25 amazing NY locations like Times Square, Central Park, Coney Island, the Brooklyn Bridge and many more. If you succeed you will be awarded $25 Million dollars. Three addictive ways to play: In NY Fortune mode you must find the clues to locate the will. Collect all the Keys & Apples to unlock two Unlimited game modes: Unlock Unlimited Seek & Find and Spot the Differences to find every hidden item in every scene. Find over 2100 cleverly hidden objects. Investigate 25 amazing New York locations to find the clues. Three fun game modes: 'Find the NY Fortune' and two Unlimited game modes Play 5 unique mini-games: Match-3, Word Search, Circle Rotation, Tile Swap, Jigsaw plus a unique final puzzle. Locate the secret Keys and Apples to unlock two Unlimited game modes. Go for a Perfect Investigation & speed bonuses to become a Master PI.",0,0,0,True,False,False,,,,,English,,SpinTop Games,Electronic Arts,"2, 62","Single-player, Family Sharing",4,Casual
3580,The Wizard's Pen™,https://shared.akamai.steamstatic.com/store_item_assets/steam/apps/3580/header.jpg?t=1776961968,http://www.popcap.com/games/wizardspen,2009-02-18,False,4.99,EUR,"The Wizard has vanished, and only you can find him in this spellbinding hidden-object adventure! The clues to the Wizard's whereabouts are in his workbook, but all the pages are blank. You'll need his magic pen to uncover and guess the image on each page. The better your guesses, the better your score — and every image you uncover brings you closer to finding the Wizard. Plus, you can play mystical mini-games, unlock special challenges, score bonus points and earn potent potions. It's a unique new twist on the seek-and-find genre that you've gotta try! Discover over 400 pages of hidden objects Power up with 10 magic potions Unlock 16 unique hidden-object mini-games! Open seven sketchbooks with special challenges","The Wizard has vanished! The clues to his whereabouts are in his workbook, but all the pages are blank. You'll need the Wizard's magic pen - and your powers of perception - to guess the image on each page. The better your guess, the higher your score, and the closer you are to finding the Wizard.","The Wizard has vanished, and only you can find him in this spellbinding hidden-object adventure! The clues to the Wizard's whereabouts are in his workbook, but all the pages are blank. You'll need his magic pen to uncover and guess the image on each page. The better your guesses, the better your score — and every image you uncover brings you closer to finding the Wizard. Plus, you can play mystical mini-games, unlock special challenges, score bonus points and earn potent potions. It's a unique new twist on the seek-and-find genre that you've gotta try! Discover over 400 pages of hidden objects Power up with 10 magic potions Unlock 16 unique hidden-object mini-games! Open seven sketchbooks with special challenges",0,0,0,True,False,False,,,,,English,,"PopCap Games, Inc.",Electronic Arts,"2, 62","Single-player, Family Sharing",4,Casual
3590,Plants vs. Zombies GOTY Edition,https://shared.akamai.steamstatic.com/store_item_assets/steam/apps/3590/header.jpg?t=1777394124,,2009-05-05,False,4.99,EUR,"Zombies are invading your home, and the only defense is your arsenal of plants! Armed with an alien nursery-worth of zombie-zapping plants like peashooters and cherry bombs, you'll need to think fast and plant faster to stop dozens of types of zombies dead in their tracks. Obstacles like a setting sun, creeping fog and a swimming pool add to the challenge, and with five game modes to dig into, the fun never dies!Features Play five game modes: Adventure, Mini-Games, Puzzle, Survival, plus the stress-free Zen Garden Conquer all 50 levels of Adventure mode  through day, night, and fog, in a swimming pool and on the rooftop Battle 26 types of zombies including pole-vaulters, snorkelers and Zomboni drivers Earn 49 powerful perennials and collect coins to buy a pet snail, power-ups and more! Open the Almanac to see all the plants and zombies, plus amusing facts and quotes Browse Crazy Daves shop for special plants and tools to stem any zombie assault Amazing graphics and soundtrack, plus a bonus music video Infinite replayability: the game is never the same experience twice! Unlock all the Steam Achievements","Zombies are invading your home, and the only defense is your arsenal of plants! Armed with an alien nursery-worth of zombie-zapping plants like peashooters and cherry bombs, you'll need to think fast and plant faster to stop dozens of types of zombies dead in their tracks.","Zombies are invading your home, and the only defense is your arsenal of plants! Armed with an alien nursery-worth of zombie-zapping plants like peashooters and cherry bombs, you'll need to think fast and plant faster to stop dozens of types of zombies dead in their tracks. Obstacles like a setting sun, creeping fog and a swimming pool add to the challenge, and with five game modes to dig into, the fun never dies!Features Play five game modes: Adventure, Mini-Games, Puzzle, Survival, plus the stress-free Zen Garden Conquer all 50 levels of Adventure mode  through day, night, and fog, in a swimming pool and on the rooftop Battle 26 types of zombies including pole-vaulters, snorkelers and Zomboni drivers Earn 49 powerful perennials and collect coins to buy a pet snail, power-ups and more! Open the Almanac to see all the plants and zombies, plus amusing facts and quotes Browse Crazy Daves shop for special plants and tools to stem any zombie assault Amazing graphics and soundtrack, plus a bonus music video Infinite replayability: the game is never the same experience twice! Unlock all the Steam Achievements",0,21,143138,True,True,False,87,https://www.metacritic.com/game/pc/plants-vs-zombies?ftag=MCD-06-10aaa1f,http://support.popcap.com/,,English,,"PopCap Games, Inc.","PopCap Games, Inc., Electronic Arts","2, 22, 41, 42, 62","Single-player, Steam Achievements, Remote Play on Phone, Remote Play on Tablet, Family Sharing",2,Strategy
3600,Escape Rosecliff Island,https://shared.akamai.steamstatic.com/store_item_assets/steam/apps/3600/header.jpg?t=1776961032,,2009-04-15,False,4.99,EUR,"An unexpected storm has left you shipwrecked on a mysterious and remote private island. Seek & find cleverly hidden objects and solve puzzles to find a way off the island! Find over 2100 hidden objects in 25 intriguing and mysterious locations to find items that will help you escape! Play 5 different types of mini-game puzzles to collect inventory items from each location that will be needed to help you escape the remote Rosecliff Island. Play 3 different game modes: Escape the Island, Unlimited Seek & Find, and a Mystery Bonus Game. Find over 2100 cleverly hidden objects. Explore 25 mysterious island locations to find a way off. Three fun game modes: Escape Mode, Unlimited Seek & Find, & a Mystery Bonus Game. Play 5 unique mini-games: Match 3, Word Search, Puzzle Rotation, Memory Match, Jigsaw plus a unique final puzzle. Locate all the hidden locks to reveal two bonus games. Go for a Perfect Search & back-to-back speed bonuses to beat your high score.",An unexpected storm has left you shipwrecked on a mysterious and remote private island. Seek & find cleverly hidden objects and solve puzzles to find a way off the island! Find over 2100 hidden objects in 25 intriguing and mysterious locations to find items that will help you escape!,"An unexpected storm has left you shipwrecked on a mysterious and remote private island. Seek & find cleverly hidden objects and solve puzzles to find a way off the island! Find over 2100 hidden objects in 25 intriguing and mysterious locations to find items that will help you escape! Play 5 different types of mini-game puzzles to collect inventory items from each location that will be needed to help you escape the remote Rosecliff Island. Play 3 different game modes: Escape the Island, Unlimited Seek & Find, and a Mystery Bonus Game. Find over 2100 cleverly hidden objects. Explore 25 mysterious island locations to find a way off. Three fun game modes: Escape Mode, Unlimited Seek & Find, & a Mystery Bonus Game. Play 5 unique mini-games: Match 3, Word Search, Puzzle Rotation, Memory Match, Jigsaw plus a unique final puzzle. Locate all the hidden locks to reveal two bonus games. Go for a Perfect Search & back-to-back speed bonuses to beat your high score.",0,0,195,True,True,False,,,,,English,,SpinTop Games,Electronic Arts,"2, 62","Single-player, Family Sharing",4,Casual
3610,Mystery P.I. - Lost in Los Angeles,https://shared.akamai.steamstatic.com/store_item_assets/steam/apps/3610/header.jpg?t=1776961294,,2009-07-27,False,4.99,EUR,"Seek & Find the Hollywood Blockbuster! The only copy of this year's biggest blockbuster movie has gone missing the day before the VIP Hollywood premiere. You are the world famous Mystery P.I. and have been hired to track down and return the lost movie. Seek & Find over 2100 hidden objects in 25 stunning L.A. locations like Malibu Beach, Rodeo Drive, Movie Sets, Hollywood hot spots and many more. Hurry you only have 17 hours to locate the movie or the Hollywood Studio will be ruined. If you succeed you will be awarded $15 Million dollars. Three addictive ways to play: Solve the L.A. Mystery to track down the lost blockbuster movie. Collect all the special Keys & Film Reels to unlock two Unlimited game modes: Unlimited Seek & Find and a Match 3 Puzzle Game. Find over 2100 cleverly hidden objects. Investigate 25 amazing L.A. locations to find the clues. Three fun game modes: 'Solve the L.A. Mystery' and 2 Unlimited Bonus modes. Play 8 different mini-games: Match-3, Word Search, Circle Rotation, Memory Match, Tile Swap, Jigsaw and more. Locate the hidden Keys and Film Reels to unlock the Unlimited bonus games. Go for a Perfect Investigation & speed bonuses to become a Master PI.",Seek & Find the Hollywood Blockbuster! The only copy of this year's biggest blockbuster movie has gone missing the day before the VIP Hollywood premiere. You are the world famous Mystery P.I. and have been hired to track down and return the lost movie. Seek & Find over 2100 hidden objects in 25 stunning L.A.,"Seek & Find the Hollywood Blockbuster! The only copy of this year's biggest blockbuster movie has gone missing the day before the VIP Hollywood premiere. You are the world famous Mystery P.I. and have been hired to track down and return the lost movie. Seek & Find over 2100 hidden objects in 25 stunning L.A. locations like Malibu Beach, Rodeo Drive, Movie Sets, Hollywood hot spots and many more. Hurry you only have 17 hours to locate the movie or the Hollywood Studio will be ruined. If you succeed you will be awarded $15 Million dollars. Three addictive ways to play: Solve the L.A. Mystery to track down the lost blockbuster movie. Collect all the special Keys & Film Reels to unlock two Unlimited game modes: Unlimited Seek & Find and a Match 3 Puzzle Game. Find over 2100 cleverly hidden objects. Investigate 25 amazing L.A. locations to find the clues. Three fun game modes: 'Solve the L.A. Mystery' and 2 Unlimited Bonus modes. Play 8 different mini-games: Match-3, Word Search, Circle Rotation, Memory Match, Tile Swap, Jigsaw and more. Locate the hidden Keys and Film Reels to unlock the Unlimited bonus games. Go for a Perfect Investigation & speed bonuses to become a Master PI.",0,0,0,True,False,False,,,,,English,,SpinTop Games,Electronic Arts,"2, 62","Single-player, Family Sharing",4,Casual
3620,Zuma's Revenge!,https://shared.akamai.steamstatic.com/store_item_assets/steam/apps/3620/header.jpg?t=1628007882,,2009-09-15,False,4.99,EUR,"An irresistible force has taken our fearless frog to an island where the ribbeting puzzle-action of Zuma has evolved in amazing ways… but evil spirits and tenacious tiki bosses rule the land! Survive the ire of the island by firing stone spheres to destroy the deadly stream of balls. Conquer over 60 levels by staying sharp and avoiding hidden traps. Slide and hop for smarter shots; hit targets for exotic bonuses; detonate new power-up balls; battle six imposing tiki bosses and guide your agile amphibian to victory in four all new game modes! Will you succumb to the perilous pitfalls, or can you tame the jungle in this PopCap ball-blasting challenge? Conquer over 60 levels and defeat six mini-game Boss Battles Score explosive power-ups including three new shots Explore new gameplay like lily-pad hopping, slide-aiming, and more Take a shot at 70 all-new Challenges in the Jungle of Mystery, Quiet Village, Lost City and Mosquito Coast. Run the Iron Frog gauntlet — beat 10 levels in a row! Turn up the heat in Heroic Frog mode Enjoy amazing graphics and effects that bring Zuma into the modern world of gaming",An irresistible force has taken our fearless frog to an island where the puzzle-action of Zuma has evolved in amazing ways… but evil spirits and tenacious tiki bosses rule the land! Survive by firing stone spheres to destroy the deadly stream of balls. Conquer over 60 levels!,"An irresistible force has taken our fearless frog to an island where the ribbeting puzzle-action of Zuma has evolved in amazing ways… but evil spirits and tenacious tiki bosses rule the land! Survive the ire of the island by firing stone spheres to destroy the deadly stream of balls. Conquer over 60 levels by staying sharp and avoiding hidden traps. Slide and hop for smarter shots; hit targets for exotic bonuses; detonate new power-up balls; battle six imposing tiki bosses and guide your agile amphibian to victory in four all new game modes! Will you succumb to the perilous pitfalls, or can you tame the jungle in this PopCap ball-blasting challenge? Conquer over 60 levels and defeat six mini-game Boss Battles Score explosive power-ups including three new shots Explore new gameplay like lily-pad hopping, slide-aiming, and more Take a shot at 70 all-new Challenges in the Jungle of Mystery, Quiet Village, Lost City and Mosquito Coast. Run the Iron Frog gauntlet — beat 10 levels in a row! Turn up the heat in Heroic Frog mode Enjoy amazing graphics and effects that bring Zuma into the modern world of gaming",0,14,3138,True,False,False,78,https://www.metacritic.com/game/pc/zumas-revenge!?ftag=MCD-06-10aaa1f,,,English,,"PopCap Games, Inc.","PopCap Games, Inc., Electronic Arts","2, 22, 15, 62","Single-player, Steam Achievements, Stats, Family Sharing","1, 4","Action, Casual"
3700,Sniper Elite,https://shared.akamai.steamstatic.com/store_item_assets/steam/apps/3700/header.jpg?t=1579791723,,2009-07-16,False,7.99,EUR,"As World War II draws to a close, the first covert battles of the Cold War begin. Caught in the life and death struggle between Soviets and Germans in war-torn Berlin, you control the fate of a lone American OSS Sniper. Disguised as a German and working deep behind enemy lines you must stop Stalin's forces from gaining control of Germany's nuclear secrets. Prepare to alter the course of history.Authentic World War II sniper simulation featuring realistic weapons, bullet ballistics and sniping skillsMassive single player game with 28 heart-pounding missionsIntense 8-player LAN sniper battles including Deathmatch, Team Deathmatch and Assassination game modes3rd person view for close quarter action and movement - 1st view person for snipingOptions to take account of gravity, wind, posture, heart-rate and breathing to execute the perfect shotMulti-angle 'Bullet Cam' for kill confirmationNon linear game play provides unique action each time a mission is played","As World War II draws to a close, the first covert battles of the Cold War begin. Caught in the life and death struggle between Soviets and Germans in war-torn Berlin, you control the fate of a lone American OSS Sniper.","As World War II draws to a close, the first covert battles of the Cold War begin. Caught in the life and death struggle between Soviets and Germans in war-torn Berlin, you control the fate of a lone American OSS Sniper. Disguised as a German and working deep behind enemy lines you must stop Stalin's forces from gaining control of Germany's nuclear secrets. Prepare to alter the course of history.Authentic World War II sniper simulation featuring realistic weapons, bullet ballistics and sniping skillsMassive single player game with 28 heart-pounding missionsIntense 8-player LAN sniper battles including Deathmatch, Team Deathmatch and Assassination game modes3rd person view for close quarter action and movement - 1st view person for snipingOptions to take account of gravity, wind, posture, heart-rate and breathing to execute the perfect shotMulti-angle 'Bullet Cam' for kill confirmationNon linear game play provides unique action each time a mission is played",0,0,3556,True,False,False,76,https://www.metacritic.com/game/pc/sniper-elite?ftag=MCD-06-10aaa1f,https://rebellion.com/support/,,"English, French, German, Italian, Spanish - Spain",,Rebellion,Rebellion,"2, 29, 62","Single-player, Steam Trading Cards, Family Sharing",1,Action
3710,Judge Dredd: Dredd vs. Death,https://shared.akamai.steamstatic.com/store_item_assets/steam/apps/3710/header.jpg?t=1579791442,http://www.rebellion.co.uk/,2009-03-26,False,7.99,EUR,"Welcome to Mega-City One, a city of over 400 million people - every one of them a potential criminal. It is the third decade of the 22nd Century, unemployment is widespread, boredom is universal and only the Judges can prevent total anarchy. Empowered to dispense instant justice, they are Judge, Jury and Executioner all in one. The most feared and respected of all the Judges is you, Judge Dredd.Patrol the streets and mete out instant justice wherever it is needed. The Psi-Judges are predicting a terrible plague  is this the sudden outbreak of Vampires on the city, and are they the work of the malevolent Dark Judges?JUDGE, JURY and EXECUTIONER it's your choice to shoot to kill, or disarm and arrestTwo-player co-operative LAN play throughout the entirety of the immersive storylineIntense LAN action for up to 32 playersCustomizable multiplayer games with enemy botsChoose from over 60 characters for insane mayhem!","Welcome to Mega-City One, a city of over 400 million people - every one of them a potential criminal. It is the third decade of the 22nd Century, unemployment is widespread, boredom is universal and only the Judges can prevent total anarchy. Empowered to dispense instant justice, they are Judge, Jury and Executioner all in one.","Welcome to Mega-City One, a city of over 400 million people - every one of them a potential criminal. It is the third decade of the 22nd Century, unemployment is widespread, boredom is universal and only the Judges can prevent total anarchy. Empowered to dispense instant justice, they are Judge, Jury and Executioner all in one. The most feared and respected of all the Judges is you, Judge Dredd.Patrol the streets and mete out instant justice wherever it is needed. The Psi-Judges are predicting a terrible plague  is this the sudden outbreak of Vampires on the city, and are they the work of the malevolent Dark Judges?JUDGE, JURY and EXECUTIONER it's your choice to shoot to kill, or disarm and arrestTwo-player co-operative LAN play throughout the entirety of the immersive storylineIntense LAN action for up to 32 playersCustomizable multiplayer games with enemy botsChoose from over 60 characters for insane mayhem!",0,0,1128,True,False,False,55,https://www.metacritic.com/game/pc/judge-dredd-dredd-vs-death?ftag=MCD-06-10aaa1f,https://rebellion.com/support/,,English,,Rebellion,Rebellion,"2, 1, 9, 62","Single-player, Multi-player, Co-op, Family Sharing",1,Action
3720,Evil Genius,https://shared.akamai.steamstatic.com/store_item_assets/steam/apps/3720/header.jpg?t=1721932669,http://www.rebellion.co.uk/games/evil-genius,2009-06-22,False,0.99,EUR,"Everybody wants to rule the world! Achieve global power with EVIL GENIUS, the one and only complete world domination simulator. All the everyday tasks of the deliciously wicked mastermind are available to experience and master from building your ultra-secret base to developing spectacular super-weapons to carry out your nefarious master plan. How evil are you? Choose from 3 notorious Evil Genius characters to serve as your icon and represent you in your quest for power. Create the ultimate doomsday device and use it to achieve total global domination. Create your lair with over 300 items including kung fu academies, rocket caverns, and laboratories. Use ingenious traps and wicked 'interrogation' devices to toy with and dispatch obnoxious overdressed government agents. Manage your minions as you train them in treacherous trades such as experimental research programs, heavy weapons usage, and international sabotage. Recruit dastardly henchmen to patrol your base, take out your enemies, and undertake outrageous missions to increase your power and notoriety.","Everybody wants to rule the world! Achieve global power with EVIL GENIUS, the one and only complete world domination simulator. All the everyday tasks of the deliciously wicked mastermind are available to experience and master from building your ultra-secret base to developing spectacular super-weapons to carry out your nefarious master...","Everybody wants to rule the world! Achieve global power with EVIL GENIUS, the one and only complete world domination simulator. All the everyday tasks of the deliciously wicked mastermind are available to experience and master from building your ultra-secret base to developing spectacular super-weapons to carry out your nefarious master plan. How evil are you? Choose from 3 notorious Evil Genius characters to serve as your icon and represent you in your quest for power. Create the ultimate doomsday device and use it to achieve total global domination. Create your lair with over 300 items including kung fu academies, rocket caverns, and laboratories. Use ingenious traps and wicked 'interrogation' devices to toy with and dispatch obnoxious overdressed government agents. Manage your minions as you train them in treacherous trades such as experimental research programs, heavy weapons usage, and international sabotage. Recruit dastardly henchmen to patrol your base, take out your enemies, and undertake outrageous missions to increase your power and notoriety.",0,0,3052,True,False,False,75,https://www.metacritic.com/game/pc/evil-genius?ftag=MCD-06-10aaa1f,https://rebellion.com/support/,,"English, French, German, Spanish - Spain",,Elixir Studios,Rebellion,"2, 62","Single-player, Family Sharing",2,Strategy
3730,Aliens versus Predator Classic 2000,https://shared.akamai.steamstatic.com/store_item_assets/steam/apps/3730/header.jpg?t=1579791217,http://www.rebellion.co.uk/,2010-01-15,False,0.79,EUR,"Aliens Versus Predator Classic 2000 features the Colonial Marine, Alien and Predator Campaigns and the frenetic single-player Skirmish mode from the original title: Alien Versus Predator Gold Edition, which was released to massive acclaim in 2000. Alien Versus Predator Classic 2000 has been updated to run on modern PCs and laptops using DirectX 9.0c and includes support for Xbox 360 Controller for Windows. The three most ferocious species in the universe in a bloodthirsty battle for the ultimate prize: survival. Take your pick: be a Colonial Marine, a Predator or an Alien. Fight through suspense-filled environments: from starships and space stations to colonial bases and eerie planetscapes. One wrong move turns you from hunter to prey. Three campaigns: Colonial Marine, Alien and Predator Includes all the levels from the original AvP Gold Edition plus the Millennium Expansion Pack Skirmish mode against infinite Alien hordes Bonus Episodes Unique abilities, weapons and equipment for each species Scale walls and elevator shafts as an ALIEN with frightening speed as you attack and devour your victims Stalk your prey as the deadly PREDATOR using wrist blades, shoulder cannons and stealth mode Lock and load as a COLONIAL MARINE using motion trackers, grenade launchers and flame-throwers to exterminate your foes Supports Xbox 360 Controller for Windows Music from the original soundtrack CD Multiplayer Features Integrated with Steam Overlay Uses Steam name Host/Join games via bare-bones in-game lobby browser Can invite and join friends and others via the Steam overlay Game attempts host migration Dedicated servers are not supported or planned","Aliens Versus Predator Classic 2000 features the Colonial Marine, Alien and Predator Campaigns and the frenetic single-player Skirmish mode from the original title: Alien Versus Predator Gold Edition, which was released to massive acclaim in 2000.","Aliens Versus Predator Classic 2000 features the Colonial Marine, Alien and Predator Campaigns and the frenetic single-player Skirmish mode from the original title: Alien Versus Predator Gold Edition, which was released to massive acclaim in 2000. Alien Versus Predator Classic 2000 has been updated to run on modern PCs and laptops using DirectX 9.0c and includes support for Xbox 360 Controller for Windows. The three most ferocious species in the universe in a bloodthirsty battle for the ultimate prize: survival. Take your pick: be a Colonial Marine, a Predator or an Alien. Fight through suspense-filled environments: from starships and space stations to colonial bases and eerie planetscapes. One wrong move turns you from hunter to prey. Three campaigns: Colonial Marine, Alien and Predator Includes all the levels from the original AvP Gold Edition plus the Millennium Expansion Pack Skirmish mode against infinite Alien hordes Bonus Episodes Unique abilities, weapons and equipment for each species Scale walls and elevator shafts as an ALIEN with frightening speed as you attack and devour your victims Stalk your prey as the deadly PREDATOR using wrist blades, shoulder cannons and stealth mode Lock and load as a COLONIAL MARINE using motion trackers, grenade launchers and flame-throwers to exterminate your foes Supports Xbox 360 Controller for Windows Music from the original soundtrack CD Multiplayer Features Integrated with Steam Overlay Uses Steam name Host/Join games via bare-bones in-game lobby browser Can invite and join friends and others via the Steam overlay Game attempts host migration Dedicated servers are not supported or planned",0,0,2501,True,False,False,,,https://rebellion.com/support/,,"Dutch, English, French, German, Spanish - Spain",,Rebellion,Rebellion,"2, 1, 62","Single-player, Multi-player, Family Sharing",1,Action
3800,Advent Rising,https://shared.akamai.steamstatic.com/store_item_assets/steam/apps/3800/header.jpg?t=1614819828,https://www.majescoent.com,2006-09-14,False,9.99,EUR,"A common legend pervades the galaxy-that of a powerful, highly intelligent ancient race that will one day deliver the universe. They are known as Humans. Some claim they are the messiah. Others believe they exist only in the imaginations of the young. The Seekers, however, know Humans exist and believe they are an enemy that must be destroyed. Under the guise of benevolent explorers, Seekers comb the universe and eradicate any Human colonies they find. Until now. Working with award-winning science fiction author Orson Scott Card, GlyphX Games has created a gripping storyline that will thrust gamers into an incredible intergalactic saga. The Advent of Humanity Begins...","A common legend pervades the galaxy-that of a powerful, highly intelligent ancient race that will one day deliver the universe. They are known as Humans. The Advent of Humanity Begins...","A common legend pervades the galaxy-that of a powerful, highly intelligent ancient race that will one day deliver the universe. They are known as Humans. Some claim they are the messiah. Others believe they exist only in the imaginations of the young. The Seekers, however, know Humans exist and believe they are an enemy that must be destroyed. Under the guise of benevolent explorers, Seekers comb the universe and eradicate any Human colonies they find. Until now. Working with award-winning science fiction author Orson Scott Card, GlyphX Games has created a gripping storyline that will thrust gamers into an incredible intergalactic saga. The Advent of Humanity Begins...",2,0,430,True,False,False,70,https://www.metacritic.com/game/pc/advent-rising?ftag=MCD-06-10aaa1f,https://www.ziggurat.games/,support@ziggurat.games,English,,"GlyphX Games, Cavetap",Ziggurat,"2, 29, 62","Single-player, Steam Trading Cards, Family Sharing",1,Action
3810,BloodRayne (Legacy),https://shared.akamai.steamstatic.com/store_item_assets/steam/apps/3810/header.jpg?t=1605897948,http://www.bloodrayne.com,2006-09-14,False,0.0,,"In the years between the World Wars, Agent BloodRayne works as a killing machine for The Brimstone Society--a top secret fraternity that hunts down and destroys supernatural threats. Two missions, five years apart, turn out to be connected by one man. For years, this man has been searching the world for powerful occult relics to bring Germany into a new age of domination. Rayne must face his elite Nazi army and prevent them from releasing horrific creatures in their quest for the artifacts. Starring the super-sexy, super-lethal, supernatural heroine BloodRayne, this original action horror game unleashed the red headed dhampir on the world.","In the years between the World Wars, Agent BloodRayne works as a killing machine for The Brimstone Society--a top secret fraternity that hunts down and destroys supernatural threats. Starring heroine Rayne, this original action horror game unleashed the red headed dhampir on the world.","In the years between the World Wars, Agent BloodRayne works as a killing machine for The Brimstone Society--a top secret fraternity that hunts down and destroys supernatural threats. Two missions, five years apart, turn out to be connected by one man. For years, this man has been searching the world for powerful occult relics to bring Germany into a new age of domination. Rayne must face his elite Nazi army and prevent them from releasing horrific creatures in their quest for the artifacts. Starring the super-sexy, super-lethal, supernatural heroine BloodRayne, this original action horror game unleashed the red headed dhampir on the world.",0,0,465,True,False,False,65,https://www.metacritic.com/game/pc/bloodrayne?ftag=MCD-06-10aaa1f,https://www.ziggurat.games/,support@ziggurat.games,English,,Terminal Reality,Ziggurat,"2, 29, 62","Single-player, Steam Trading Cards, Family Sharing",1,Action
3820,BloodRayne 2 (Legacy),https://shared.akamai.steamstatic.com/store_item_assets/steam/apps/3820/header.jpg?t=1605898008,http://www.bloodrayne2.com/,2006-09-14,False,0.0,,"BloodRayne is a dhampir, born from the unnatural union of vampire and human. Blessed with the powers of a vampire but cursed with the thirst for blood and a weakness to sunlight, Rayne is challenged with her most personal battle yet as she hunts down her siblings. They have banded together and pledged to carry on their father's legacy of creating a new era of vampire supremacy where humans are mere cattle. Rayne's siblings have created 'The Shroud,' a mysterious substance that will render the sun's lethal rays harmless to vampires. Now only BloodRayne stands between an unsuspecting humanity and a horrifying vampire dawn.","BloodRayne is a dhampir, born from the unnatural union of vampire and human. Blessed with the powers of a vampire but cursed with the thirst for blood and a weakness to sunlight, Rayne is challenged with her most personal battle yet as she hunts down her siblings.","BloodRayne is a dhampir, born from the unnatural union of vampire and human. Blessed with the powers of a vampire but cursed with the thirst for blood and a weakness to sunlight, Rayne is challenged with her most personal battle yet as she hunts down her siblings. They have banded together and pledged to carry on their father's legacy of creating a new era of vampire supremacy where humans are mere cattle. Rayne's siblings have created 'The Shroud,' a mysterious substance that will render the sun's lethal rays harmless to vampires. Now only BloodRayne stands between an unsuspecting humanity and a horrifying vampire dawn.",0,0,359,True,False,False,67,https://www.metacritic.com/game/pc/bloodrayne-2?ftag=MCD-06-10aaa1f,https://www.ziggurat.games/,support@ziggurat.games,English,,Terminal Reality,Ziggurat,"2, 29, 62","Single-player, Steam Trading Cards, Family Sharing",1,Action
3830,Psychonauts,https://shared.akamai.steamstatic.com/store_item_assets/steam/apps/3830/header.jpg?t=1787713000,https://www.doublefine.com/games/psychonauts,2006-10-11,False,9.99,EUR,"A Psychic Odyssey Through the Minds of Misfits, Monsters, and Madmen.This classic action/adventure platformer from acclaimed developers Double Fine Productions follows the story of a young psychic named Razputin. In his quest to join the Psychonauts--an elite group of international psychic secret agents--he breaks into their secret training facility: Whispering Rock Psychic Summer Camp. But this is no average psychic summer camp! A mysterious villain has kidnapped Raz’s fellow campers and stolen their brains. Now he must use his psychic powers of Telekinesis, Levitation, and most of all his ability to project himself into the minds of others--to find the loose noodles and keep them from falling into the wrong hands. Fight mental demons! Uncover hidden memories! Sort emotional baggage! Explore the fantastic realm of the inner mind! Join the Psychonauts!","A Psychic Odyssey Through the Minds of Misfits, Monsters, and Madmen. This classic action/adventure platformer from acclaimed developers Double Fine Productions follows the story of a young psychic named Razputin.","A Psychic Odyssey Through the Minds of Misfits, Monsters, and Madmen.This classic action/adventure platformer from acclaimed developers Double Fine Productions follows the story of a young psychic named Razputin. In his quest to join the Psychonauts--an elite group of international psychic secret agents--he breaks into their secret training facility: Whispering Rock Psychic Summer Camp. But this is no average psychic summer camp! A mysterious villain has kidnapped Raz’s fellow campers and stolen their brains. Now he must use his psychic powers of Telekinesis, Levitation, and most of all his ability to project himself into the minds of others--to find the loose noodles and keep them from falling into the wrong hands. Fight mental demons! Uncover hidden memories! Sort emotional baggage! Explore the fantastic realm of the inner mind! Join the Psychonauts!",2,37,12295,True,True,True,87,https://www.metacritic.com/game/pc/psychonauts?ftag=MCD-06-10aaa1f,https://www.doublefine.com/games/support,support@doublefine.com,"English, French, German",,Double Fine Productions,Double Fine Productions,"2, 22, 29, 18, 23, 41, 42, 62","Single-player, Steam Achievements, Steam Trading Cards, Partial Controller Support, Steam Cloud, Remote Play on Phone, Remote Play on Tablet, Family Sharing",1,Action
3900,Sid Meier's Civilization® IV,https://shared.akamai.steamstatic.com/store_item_assets/steam/apps/3900/header.jpg?t=1724341287,http://www.2kgames.com/civ4/home.htm,2006-10-25,False,19.99,EUR,"With over 6 million units sold and unprecedented critical acclaim from fans and press around the world, Sid Meier's Civilization is recognized as one of the greatest PC game franchises of all-time. Now, Sid Meier and Firaxis Games will take this incredibly fun and addictive game to new heights by adding new ways to play and win, new tools to manage and expand your civilization, all-new easy to use mod capabilities and intense multiplayer modes and options*. Civilization IV will come to life like never before in a beautifully detailed, living 3D world that will elevate the gameplay experience to a whole new level. Civilization IV has already been heralded as one of the top ten games of 2005, and a must-have for gamers around the globe!*Mac version's Online Multiplayer is no longer supported.","With over 6 million units sold and unprecedented critical acclaim from fans and press around the world, Sid Meier's Civilization is recognized as one of the greatest PC game franchises of all-time. Now, Sid Meier and Firaxis Games will take this incredibly fun and addictive game to new heights by adding new ways to play and win, new...","With over 6 million units sold and unprecedented critical acclaim from fans and press around the world, Sid Meier's Civilization is recognized as one of the greatest PC game franchises of all-time. Now, Sid Meier and Firaxis Games will take this incredibly fun and addictive game to new heights by adding new ways to play and win, new tools to manage and expand your civilization, all-new easy to use mod capabilities and intense multiplayer modes and options*. Civilization IV will come to life like never before in a beautifully detailed, living 3D world that will elevate the gameplay experience to a whole new level. Civilization IV has already been heralded as one of the top ten games of 2005, and a must-have for gamers around the globe!*Mac version's Online Multiplayer is no longer supported.",0,0,2776,True,True,False,94,https://www.metacritic.com/game/pc/sid-meiers-civilization-iv?ftag=MCD-06-10aaa1f,http://support.2kgames.com/,,"English, French, German, Italian, Spanish - Spain",,Firaxis Games,2K,"2, 1, 17, 62","Single-player, Multi-player, Includes level editor, Family Sharing",2,Strategy
3910,Sid Meier's Civilization® III Complete,https://shared.akamai.steamstatic.com/store_item_assets/steam/apps/3910/header.jpg?t=1569013660,http://www.civ3.com/,2006-10-25,False,4.99,EUR,"Sid Meier's Civilization III: Complete, the latest offering in the Sid Meier's Civilization III franchise, provides gaming fans with Sid Meier's Civilization III, the highly-addictive journey of discovery, combined with the updated and enhanced multiplayer expansion pack Sid Meier's Civilization III: Play the World*, as well as all of the great new civilizations, scenarios, and features from Sid Meier's Civilization III: Conquests! Sid Meier's Civilization III: Complete provides more ways to explore, more strategies to employ, more modes of play, and more ways to win, all in one box! *Online Multiplayer to be suspended as of May 31st 2014, LAN mode still supported","Sid Meier's Civilization III: Complete, the latest offering in the Sid Meier's Civilization III franchise, provides gaming fans with Sid Meier's Civilization III, the highly-addictive journey of discovery.","Sid Meier's Civilization III: Complete, the latest offering in the Sid Meier's Civilization III franchise, provides gaming fans with Sid Meier's Civilization III, the highly-addictive journey of discovery, combined with the updated and enhanced multiplayer expansion pack Sid Meier's Civilization III: Play the World*, as well as all of the great new civilizations, scenarios, and features from Sid Meier's Civilization III: Conquests! Sid Meier's Civilization III: Complete provides more ways to explore, more strategies to employ, more modes of play, and more ways to win, all in one box! *Online Multiplayer to be suspended as of May 31st 2014, LAN mode still supported",0,0,5703,True,False,False,90,https://www.metacritic.com/game/pc/sid-meiers-civilization-iii?ftag=MCD-06-10aaa1f,http://support.2kgames.com/,,English,,Firaxis Games,2K,"2, 1, 17, 62","Single-player, Multi-player, Includes level editor, Family Sharing",2,Strategy
3920,Sid Meier's Pirates!,https://shared.akamai.steamstatic.com/store_item_assets/steam/apps/3920/header.jpg?t=1777585034,http://www.2kgames.com/pirates/pirates/home.php,2005-07-11,False,9.99,EUR,"Sail the Caribbean, marauding all on the high seas or ally your ship and crew as a privateer in search of riches - the life you choose is up to you. Face dogged enemies, raid unsuspecting villages, woo fair maidens, avoid capture or dig for buried treasure. Discover what it takes to become one of the most famous pirates in history!","Sail the Caribbean, marauding all on the high seas or ally your ship and crew as a privateer in search of riches - the life you choose is up to you. Face dogged enemies, raid unsuspecting villages, woo fair maidens, avoid capture or dig for buried treasure. Discover what it takes to become one of the most famous pirates in history!","Sail the Caribbean, marauding all on the high seas or ally your ship and crew as a privateer in search of riches - the life you choose is up to you. Face dogged enemies, raid unsuspecting villages, woo fair maidens, avoid capture or dig for buried treasure. Discover what it takes to become one of the most famous pirates in history!",0,0,6183,True,False,False,88,https://www.metacritic.com/game/pc/sid-meiers-pirates!?ftag=MCD-06-10aaa1f,,,English,,Firaxis Games,2K,"2, 62","Single-player, Family Sharing",3,RPG
3960,Shattered Union,https://shared.akamai.steamstatic.com/store_item_assets/steam/apps/3960/header.jpg?t=1569015701,http://www.2kgames.com/shatteredunion/,2006-10-25,False,4.99,EUR,"Following a great increase in terrorism, internal strife and ultimately, the nuclear destruction of Washington, D.C., the United States shatters into a half-dozen nation-states that descend into war. Take the helm of one of these newfound sovereignties (or the 'peacekeeping' European Expeditionary Force) and struggle to reunify America... by any means necessary! Modern 3D tactical war game viewed from a ""bird's-eye"" overhead camera. Non-linear mission progression with changes based on player-made decisions. Real-time resolution of turned-based moves. Take your time while you decide your move, but once you have selected your action, see the results all play out in full animation models, exploding vehicles, and burning cities and forests! Fully destructible terrain/environment. As the battle proceeds, everything from explosions and destroyed buildings permanently mark the terrain. Moving tanks will leave tread marks that stay for the duration of the mission. At the end, very little will look the same. Fight your way across the United States! Had enough of the windy city? Then go ahead and bomb Chicago! Invade across the Rockies into California, capture the tank factories in Ohio, and lay siege to New York City! You decide - the fate of the nation is in your hands! Call up National Guard forces equipped with M1 Abrams battle tanks, Apache helicopters and stealth bombers. Or make a deal with the Russians and equip your boys with MiG fighters and T-95 Heavy Tanks.","Following a great increase in terrorism, internal strife and ultimately, the nuclear destruction of Washington, D.C., the United States shatters into a half-dozen nation-states that descend into war. Take the helm of one of these newfound sovereignties (or the 'peacekeeping' European Expeditionary Force) and struggle to reunify America...","Following a great increase in terrorism, internal strife and ultimately, the nuclear destruction of Washington, D.C., the United States shatters into a half-dozen nation-states that descend into war. Take the helm of one of these newfound sovereignties (or the 'peacekeeping' European Expeditionary Force) and struggle to reunify America... by any means necessary! Modern 3D tactical war game viewed from a ""bird's-eye"" overhead camera. Non-linear mission progression with changes based on player-made decisions. Real-time resolution of turned-based moves. Take your time while you decide your move, but once you have selected your action, see the results all play out in full animation models, exploding vehicles, and burning cities and forests! Fully destructible terrain/environment. As the battle proceeds, everything from explosions and destroyed buildings permanently mark the terrain. Moving tanks will leave tread marks that stay for the duration of the mission. At the end, very little will look the same. Fight your way across the United States! Had enough of the windy city? Then go ahead and bomb Chicago! Invade across the Rockies into California, capture the tank factories in Ohio, and lay siege to New York City! You decide - the fate of the nation is in your hands! Call up National Guard forces equipped with M1 Abrams battle tanks, Apache helicopters and stealth bombers. Or make a deal with the Russians and equip your boys with MiG fighters and T-95 Heavy Tanks.",0,0,152,True,False,False,67,https://www.metacritic.com/game/pc/shattered-union?ftag=MCD-06-10aaa1f,support.2k.com,,English,English,PopTop,2K,"2, 1, 62","Single-player, Multi-player, Family Sharing",2,Strategy
3980,CivCity: Rome,https://shared.akamai.steamstatic.com/store_item_assets/steam/apps/3980/header.jpg?t=1569015577,http://www.2kgames.com/civcityrome/civcity.html,2007-04-06,False,9.99,EUR,"CivCity: Rome, an innovative city builder inspired by the world of Sid Meiers Civilization, and created by a collaboration between Firefly Studios and Firaxis Games, invites players to shift focus from building a multi-city empire and zoom-in on the great cities of the Roman Empire, culminating in Rome itself! Through dozens of missions, each offering an array of interesting decisions, players will be charged with building, nurturing and managing one of these great cities as they endeavour to lead the Roman Empire from its humble beginnings to its mighty apogee. Features players have enjoyed in the Civilization series, like research, city happiness, production and culture, can now be managed actively in the wonderfully immersive world of CivCity: Rome. Look inside the buildings - For the first time in a city builder you can look inside the Villas, the forums, and even the Roman baths! Discover, in much greater detail, how Romans went about their daily lives. Civilize your city - More than 70 technologies can be developed over time to give your city a strategic advantage. Use the rich research tree to improve many aspects of your city and its relation to the wider empire. Follow the life of a Roman family - Do they thrive and prosper from humble hut to noble palace as they move through the generations or not? Well, thats your call! Ease of play - Driven purely by building placement and strong visual feedback, the game lets you create your own living community simply by choosing and placing the wide variety of buildings. Real Romans - An intriguing array of characters will interact with you","CivCity: Rome, an innovative city builder inspired by the world of Sid Meiers Civilization, and created by a collaboration between Firefly Studios and Firaxis Games, invites players to shift focus from building a multi-city empire and zoom-in on the great cities of the Roman Empire, culminating in Rome itself!","CivCity: Rome, an innovative city builder inspired by the world of Sid Meiers Civilization, and created by a collaboration between Firefly Studios and Firaxis Games, invites players to shift focus from building a multi-city empire and zoom-in on the great cities of the Roman Empire, culminating in Rome itself! Through dozens of missions, each offering an array of interesting decisions, players will be charged with building, nurturing and managing one of these great cities as they endeavour to lead the Roman Empire from its humble beginnings to its mighty apogee. Features players have enjoyed in the Civilization series, like research, city happiness, production and culture, can now be managed actively in the wonderfully immersive world of CivCity: Rome. Look inside the buildings - For the first time in a city builder you can look inside the Villas, the forums, and even the Roman baths! Discover, in much greater detail, how Romans went about their daily lives. Civilize your city - More than 70 technologies can be developed over time to give your city a strategic advantage. Use the rich research tree to improve many aspects of your city and its relation to the wider empire. Follow the life of a Roman family - Do they thrive and prosper from humble hut to noble palace as they move through the generations or not? Well, thats your call! Ease of play - Driven purely by building placement and strong visual feedback, the game lets you create your own living community simply by choosing and placing the wide variety of buildings. Real Romans - An intriguing array of characters will interact with you",0,0,813,True,False,False,67,https://www.metacritic.com/game/pc/civcity-rome?ftag=MCD-06-10aaa1f,http://support.2k.com/forums/382570-CivCity-Rome,,"English, French, Spanish - Spain",,"FireFly Studios, Firaxis Games",2K,"2, 62","Single-player, Family Sharing",2,Strategy
3990,Civilization IV®: Warlords,https://shared.akamai.steamstatic.com/store_item_assets/steam/apps/3990/header.jpg?t=1573064463,http://www.2kgames.com/civ4/warlords/warlords.html,2007-04-06,False,4.99,EUR,"Sid Meier's Civilization IV: Warlords is the first expansion pack for the award-winning game that has become an instant world-wide hit. Paying homage to some of history's greatest military leaders, the expansion delivers six unique and interesting scenarios, giving players the chance to change the course of history with the help of their new powerful ""warlord"" unit. Civ IV: Warlords includes new civilizations, leaders, units, and wonders that offer even more fun and exciting ways for players to expand their civilization's military power as they strive for world domination. Warlords: a new great person type called the Warlord. Vassal states: conquer an enemy and subjugate them to your rule. Game scenarios: the expansion delivers eight scenarios. New civilizations: the pack provides six new civilizations and associated unique units. Civilization leaders: 10 new leaders, including leaders for the new civilizations as well as additional leaders for existing civilizations. Leader traits: two new leader traits. New wonders: three new wonders. Unique buildings: each civilization has a new unique building as well as their unique unit. New units, resources, and improvements: many new items are presented throughout the scenarios. Core game tweaks and additions: expanded features and gameplay tweaks made to the core game. Post-release patches and game upgrades: the pack contains all of the patches and game additions (pit boss, etc.) yet released for Sid Meier's Civilization IV.","Sid Meier's Civilization IV: Warlords is the first expansion pack for the award-winning game that has become an instant world-wide hit. Paying homage to some of history's greatest military leaders, the expansion delivers six unique and interesting scenarios, giving players the chance to change the course of history with the help of their...","Sid Meier's Civilization IV: Warlords is the first expansion pack for the award-winning game that has become an instant world-wide hit. Paying homage to some of history's greatest military leaders, the expansion delivers six unique and interesting scenarios, giving players the chance to change the course of history with the help of their new powerful ""warlord"" unit. Civ IV: Warlords includes new civilizations, leaders, units, and wonders that offer even more fun and exciting ways for players to expand their civilization's military power as they strive for world domination. Warlords: a new great person type called the Warlord. Vassal states: conquer an enemy and subjugate them to your rule. Game scenarios: the expansion delivers eight scenarios. New civilizations: the pack provides six new civilizations and associated unique units. Civilization leaders: 10 new leaders, including leaders for the new civilizations as well as additional leaders for existing civilizations. Leader traits: two new leader traits. New wonders: three new wonders. Unique buildings: each civilization has a new unique building as well as their unique unit. New units, resources, and improvements: many new items are presented throughout the scenarios. Core game tweaks and additions: expanded features and gameplay tweaks made to the core game. Post-release patches and game upgrades: the pack contains all of the patches and game additions (pit boss, etc.) yet released for Sid Meier's Civilization IV.",0,0,403,True,True,False,84,https://www.metacritic.com/game/pc/sid-meiers-civilization-iv-warlords?ftag=MCD-06-10aaa1f,,,"English, French, German, Italian, Spanish - Spain",,Firaxis Games,2K,"2, 62","Single-player, Family Sharing",2,Strategy
4000,Garry's Mod,https://shared.akamai.steamstatic.com/store_item_assets/steam/apps/4000/header.jpg?t=1776868682,https://gmod.facepunch.com,2006-11-29,False,9.99,EUR,"Garry's Mod is a physics sandbox. There aren't any predefined aims or goals. We give you the tools and leave you to play. You spawn objects and weld them together to create your own contraptions - whether that's a car, a rocket, a catapult or something that doesn't have a name yet - that's up to you. You can do it offline, or join the thousands of players who play online each day. If you're not too great at construction - don't worry! You can place a variety of characters in silly positions. But if you want to do more, we have the means. Beyond the SandboxThe Garry's Mod community is a tremendous source of content and has added hundreds of unique modes to the game. In Trouble In Terrorist Town, you can be a detective solving an online murder as criminals attempt to cover up their homicides. Be a ball, a plant, a chair, or anything else in Prop Hunt's elaborate, shape-shifting game of Hide & Seek. Elevator: Source is gaming's first elevator thrill ride, delivering players to airlocks and kitten dance parties.We have one of the most vibrant Steam Community Workshops, with over 300'000 models, maps, and contraptions to download. It has everything from new tools to improve your builds, to guns that fire rainbow-tinged nuclear blasts from space. Take as much or as little as you need: it’s all free. Please note: Some multiplayer servers and game-modes might require you to own other games - such as Counter-Strike: Source and Team Fortress 2.",Garry's Mod is a physics sandbox. There aren't any predefined aims or goals. We give you the tools and leave you to play.,"Steam WorkshopAbout the GameGarry's Mod is a physics sandbox. There aren't any predefined aims or goals. We give you the tools and leave you to play. You spawn objects and weld them together to create your own contraptions - whether that's a car, a rocket, a catapult or something that doesn't have a name yet - that's up to you. You can do it offline, or join the thousands of players who play online each day. If you're not too great at construction - don't worry! You can place a variety of characters in silly positions. But if you want to do more, we have the means. Beyond the SandboxThe Garry's Mod community is a tremendous source of content and has added hundreds of unique modes to the game. In Trouble In Terrorist Town, you can be a detective solving an online murder as criminals attempt to cover up their homicides. Be a ball, a plant, a chair, or anything else in Prop Hunt's elaborate, shape-shifting game of Hide & Seek. Elevator: Source is gaming's first elevator thrill ride, delivering players to airlocks and kitten dance parties.We have one of the most vibrant Steam Community Workshops, with over 300'000 models, maps, and contraptions to download. It has everything from new tools to improve your builds, to guns that fire rainbow-tinged nuclear blasts from space. Take as much or as little as you need: it’s all free. Please note: Some multiplayer servers and game-modes might require you to own other games - such as Counter-Strike: Source and Team Fortress 2.",0,29,1090514,True,True,True,,,https://support.facepunchstudios.com/,,"English, French, Italian, German, Spanish - Spain, Bulgarian, Czech, Danish, Dutch, Finnish, Greek, Hungarian, Japanese, Korean, Norwegian, Polish, Portuguese - Portugal, Portuguese - Brazil, Russian, Simplified Chinese, Swedish, Thai, Traditional Chinese, Turkish, Ukrainian, Vietnamese, Croatian, Estonian, Hebrew, Lithuanian, Slovak","English, Slovak",Facepunch Studios,Valve,"2, 1, 49, 36, 47, 9, 38, 48, 27, 22, 29, 13, 30, 66, 68, 78, 74, 79, 69, 23, 8, 17, 16, 42, 62","Single-player, Multi-player, PvP, Online PvP, LAN PvP, Co-op, Online Co-op, LAN Co-op, Cross-Platform Multiplayer, Steam Achievements, Steam Trading Cards, Captions available, Steam Workshop, Color Alternatives, Custom Volume Controls, Adjustable Difficulty, Playable without Timed Input, Save Anytime, Stereo Sound, Steam Cloud, Valve Anti-Cheat enabled, Includes level editor, Includes Source SDK, Remote Play on Tablet, Family Sharing","4, 23, 28","Casual, Indie, Simulation"
4100,Poker Superstars II,https://shared.akamai.steamstatic.com/store_item_assets/steam/apps/4100/header.jpg?t=1447350914,,2006-10-05,False,9.99,EUR,"You've been invited back for Season 2! Poker Superstars II raises the stakes with more superstars, a bigger tournament and a brand new poker AI. Import your own photo into the game and become a Poker Superstar. Then get ready to battle through an exciting new tournament structure against 15 of poker's top players powered by a 'first of its kind' artificial intelligence system that has learned to win by playing millions of simulated tournaments! The Superstars are ready to win, are you?It contains these great features: Tougher Challenge! First of its kind artificial intelligence system that has taught itself how to play, and how to win. Bigger Tournament! You get to play the dynamic and competitive tournament right from the TV show. More Superstars! This time, you are one of 16 Poker Superstars. Import Your Photo! Be the Poker Superstar you know you are and see yourself right in the game! Interactive Opponent Pictures! Now you get to see the Superstars smile devilishly when they beat you, as well as scowl when you beat them! Learn or Master! Game Tips will introduce you to the game while the Game Tip button can help you hone your game. Amateur or Superstars! Two different levels of challenge let you tune the game to the play level you want. Player Cards! The game will track all your winnings, flops seen %, pots won % and best hands. So you'll be able to see what kind of player you are. 3 Exciting Game Modes! Round lets you play a quick round. Season challenges you to win the full tournament. Limit lets you play the set bet amount game found frequently in casinos and online. Top Ten Lists! Track your top winnings, top pots and top hands.","You've been invited back for Season 2! Poker Superstars II raises the stakes with more superstars, a bigger tournament and a brand new poker AI. Import your own photo into the game and become a Poker Superstar.","You've been invited back for Season 2! Poker Superstars II raises the stakes with more superstars, a bigger tournament and a brand new poker AI. Import your own photo into the game and become a Poker Superstar. Then get ready to battle through an exciting new tournament structure against 15 of poker's top players powered by a 'first of its kind' artificial intelligence system that has learned to win by playing millions of simulated tournaments! The Superstars are ready to win, are you?It contains these great features: Tougher Challenge! First of its kind artificial intelligence system that has taught itself how to play, and how to win. Bigger Tournament! You get to play the dynamic and competitive tournament right from the TV show. More Superstars! This time, you are one of 16 Poker Superstars. Import Your Photo! Be the Poker Superstar you know you are and see yourself right in the game! Interactive Opponent Pictures! Now you get to see the Superstars smile devilishly when they beat you, as well as scowl when you beat them! Learn or Master! Game Tips will introduce you to the game while the Game Tip button can help you hone your game. Amateur or Superstars! Two different levels of challenge let you tune the game to the play level you want. Player Cards! The game will track all your winnings, flops seen %, pots won % and best hands. So you'll be able to see what kind of player you are. 3 Exciting Game Modes! Round lets you play a quick round. Season challenges you to win the full tournament. Limit lets you play the set bet amount game found frequently in casinos and online. Top Ten Lists! Track your top winnings, top pots and top hands.",0,0,0,True,False,False,,,,,English,,Funkitron,,"2, 62","Single-player, Family Sharing","4, 2, 23","Casual, Strategy, Indie"
4230,RACE - The WTCC Game,https://shared.akamai.steamstatic.com/store_item_assets/steam/apps/4230/header.jpg?t=1478078220,http://www.race-game.org/,2006-11-24,False,29.95,EUR,"The Official WTCC Game | RACE is the first ever game to be focused on the hard hitting, intense action of the exciting WTCC championship which is exploding in popularity all over the world. Based on WTCC, one of only three official FIA world championships next to Formula 1 and WRC, RACE features the complete WTCC championship season of 2006, all the cars, drivers and locations, including several official tracks and cars brand new to the racing game genre. The game recreates the championship as close to real life as possible and simulates the cars and the driving style in a ultra realistic fashion. RACE features various difficulty levels to attract everyone, from hardcore simulation gamers to beginners level still featuring the same elements and a highly realistic driving experience.","The Official WTCC Game | RACE is the first ever game to be focused on the hard hitting, intense action of the exciting WTCC championship which is exploding in popularity all over the world. Based on WTCC, one of only three official FIA world championships next to Formula 1 and WRC, RACE features the complete WTCC championship season of...","The Official WTCC Game | RACE is the first ever game to be focused on the hard hitting, intense action of the exciting WTCC championship which is exploding in popularity all over the world. Based on WTCC, one of only three official FIA world championships next to Formula 1 and WRC, RACE features the complete WTCC championship season of 2006, all the cars, drivers and locations, including several official tracks and cars brand new to the racing game genre. The game recreates the championship as close to real life as possible and simulates the cars and the driving style in a ultra realistic fashion. RACE features various difficulty levels to attract everyone, from hardcore simulation gamers to beginners level still featuring the same elements and a highly realistic driving experience.",0,0,0,True,False,False,,,,work@simbin.com,"English, French, German, Italian, Spanish - Spain",,SimBin,SimBin,"2, 1, 62","Single-player, Multi-player, Family Sharing",9,Racing
4290,RACE: Caterham Expansion,https://shared.akamai.steamstatic.com/store_item_assets/steam/apps/4290/header.jpg?t=1478078209,http://www.race-game.org/,2007-06-22,False,3.99,EUR,"Celebrating the 50-year anniversary of Caterham Cars Ltd, RACE fans can now expand the WTCC Experience with this exceptional series of classic sportscars. RACE: CATERHAM introduces a total of 60 individual new cars/car skins based on some of the most exciting models in the Caterham sports car range, including the Caterham CSR 200, CSR 260 and the CSR 320 Concept, a concept version with a grueling 320hp. Racers can run the cars on two exciting new tracks: the legendary Imola circuit and the former GP track Estoril. RACE: CATERHAM includes new features that improve the original RACE game experience: improved performance scalability, a performance monitor to help the player find the best possible graphical settings, and a new controller interface with more options for joy-pad or keyboard/mouse controls.","Celebrating the 50-year anniversary of Caterham Cars Ltd, RACE fans can now expand the WTCC Experience with this exceptional series of classic sportscars. RACE: CATERHAM introduces a total of 60 individual new cars/car skins based on some of the most exciting models in the Caterham sports car range, including the Caterham CSR 200, CSR...","Celebrating the 50-year anniversary of Caterham Cars Ltd, RACE fans can now expand the WTCC Experience with this exceptional series of classic sportscars. RACE: CATERHAM introduces a total of 60 individual new cars/car skins based on some of the most exciting models in the Caterham sports car range, including the Caterham CSR 200, CSR 260 and the CSR 320 Concept, a concept version with a grueling 320hp. Racers can run the cars on two exciting new tracks: the legendary Imola circuit and the former GP track Estoril. RACE: CATERHAM includes new features that improve the original RACE game experience: improved performance scalability, a performance monitor to help the player find the best possible graphical settings, and a new controller interface with more options for joy-pad or keyboard/mouse controls.",0,0,0,True,False,False,,,,,English,,SimBin,SimBin,"2, 1, 62","Single-player, Multi-player, Family Sharing",9,Racing
4300,RoboBlitz,https://shared.akamai.steamstatic.com/store_item_assets/steam/apps/4300/header.jpg?t=1447350932,http://www.roboblitz.com/,2006-11-07,False,9.99,EUR,"RoboBlitz™ is a humorous, physics-based action game full of inventive gizmos, weapons, characters, and environments. Players take on the role of Blitz, a multi-talented robot who must activate an aging Space Cannon to save his world from a band of maladjusted space pirates. 19 levels of puzzle-solving and high-intensity action, set in 7 unique environments Humorous characters and unique weapons Gameplay entirely driven by physics Advanced robot simulation and control theory Powered by Unreal® Engine 3","RoboBlitz™ is a humorous, physics-based action game full of inventive gizmos, weapons, characters, and environments. Players take on the role of Blitz, a multi-talented robot who must activate an aging Space Cannon to save his world from a band of maladjusted space pirates.","RoboBlitz™ is a humorous, physics-based action game full of inventive gizmos, weapons, characters, and environments. Players take on the role of Blitz, a multi-talented robot who must activate an aging Space Cannon to save his world from a band of maladjusted space pirates. 19 levels of puzzle-solving and high-intensity action, set in 7 unique environments Humorous characters and unique weapons Gameplay entirely driven by physics Advanced robot simulation and control theory Powered by Unreal® Engine 3",0,0,0,True,False,False,80,https://www.metacritic.com/game/pc/roboblitz?ftag=MCD-06-10aaa1f,,,"English, French, German, Italian, Japanese, Korean, Traditional Chinese, Simplified Chinese, Spanish - Spain",,Naked Sky Entertainment,,"2, 18, 17, 62","Single-player, Partial Controller Support, Includes level editor, Family Sharing","1, 23","Action, Indie"
4420,Silverfall,https://shared.akamai.steamstatic.com/store_item_assets/steam/apps/4420/header.jpg?t=1650987758,,2007-03-20,False,4.99,EUR,"Silverfall, a once glorious city, lies in the fantastical Kingdom of Nelwë, where the forces of Technology and Nature are strongly opposed. Symptoms of this terrible conflict have begun to manifest physically as melded cyberbiologic organics and living steam-driven automatons. Drag your hero from the pits of this world and craft him into a mighty champion that can oppose the planet-choking Order of Nothingness. Freedom to evolve in either the technological or spiritual paths is in your hands and you must choose your comrades wisely to provide a balance and benefit to your efforts - but be cautious, any bias in your choices will either corrupt or upgrade the growing world around you. Create & customize your hero (face, sex, skin, hair...) from the 4 Nelwë races (human, elf, goblin & troll). Your hero advances without class limits and with more than 130 skills & magic spells at his disposal. Freely explore a stunning and immense fantasy world! From the floating city of Cloudworks, to the volcanic scenery of the city of Blazis. Revolutionary light and shadow effects combine with a realistic physics engine which gives never seen before detail to the environment & special effects. Playable with up to 8 players in multiplayer mode through either a LAN connection or on the Internet, with cooperative play or PvP.","Silverfall, a once glorious city, lies in the fantastical Kingdom of Nelwë, where the forces of Technology and Nature are strongly opposed. Symptoms of this terrible conflict have begun to manifest physically as melded cyberbiologic organics and living steam-driven automatons.","Silverfall, a once glorious city, lies in the fantastical Kingdom of Nelwë, where the forces of Technology and Nature are strongly opposed. Symptoms of this terrible conflict have begun to manifest physically as melded cyberbiologic organics and living steam-driven automatons. Drag your hero from the pits of this world and craft him into a mighty champion that can oppose the planet-choking Order of Nothingness. Freedom to evolve in either the technological or spiritual paths is in your hands and you must choose your comrades wisely to provide a balance and benefit to your efforts - but be cautious, any bias in your choices will either corrupt or upgrade the growing world around you. Create & customize your hero (face, sex, skin, hair...) from the 4 Nelwë races (human, elf, goblin & troll). Your hero advances without class limits and with more than 130 skills & magic spells at his disposal. Freely explore a stunning and immense fantasy world! From the floating city of Cloudworks, to the volcanic scenery of the city of Blazis. Revolutionary light and shadow effects combine with a realistic physics engine which gives never seen before detail to the environment & special effects. Playable with up to 8 players in multiplayer mode through either a LAN connection or on the Internet, with cooperative play or PvP.",0,0,149,True,False,False,62,https://www.metacritic.com/game/pc/silverfall?ftag=MCD-06-10aaa1f,,,"English, French, German, Italian, Spanish - Spain",,Monte Cristo,Focus Entertainment,"2, 62","Single-player, Family Sharing",3,RPG
4460,City Life 2008,https://shared.akamai.steamstatic.com/store_item_assets/steam/apps/4460/header.jpg?t=1712848950,,2008-09-29,False,9.99,EUR,"Construct the city of the 21st Century with City Life! City Life 2008 Edition is a next-generation City Builder. Its 3D game engine provides a level of detail and animation unprecedented in the City Builder genre, with total freedom of construction. From superb villas in residential neighbourhoods to imposing skyscrapers in the financial district, design, construct and develop the city of your dreams. Provide comfort and satisfaction for your citizens by offering them work, health care, entertainment facilities, and much more, and ensure that your city’s coffers are brimming. It’s up to you to manage your city efficiently, balancing booming development with the problems of pollution and traffic that this brings. Build a sense of community between the six unique subcultures, or pay the price if their relationships deteriorate into conflict or riots. You are the architect, mayor and business mogul!2008 Edition City Life 2008 Edition contains all the content of the previous versions, adding a further 23 new maps and over 60 new buildings, including landmarks such as London’s Royal Opera House and St. Paul’s Cathedral. Over 360 buildings are at your disposal in this latest version. You now have the possibility to import satellite maps, heightmaps, and other user-generated terrain into the game. Use your imagination to create ever more spectacular towns, or recreate the exceptional cities of the real world!Features Gigantic city building simulation with high performance 3D engine. Explore 50 maps in five different environments. 360° camera rotation and zooming allows you to dive into the heart of your city and observe its inhabitants. Six unique subcultures with specific expectations and needs. Play in Scenario or Free Mode. New import tool for satellite maps and heightmaps. A powerful building creation tool based on a modular system. No technical skills required, only your imagination.","Construct the city of the 21st Century with City Life! City Life 2008 Edition is a next-generation City Builder. Its 3D game engine provides a level of detail and animation unprecedented in the City Builder genre, with total freedom of construction.","Construct the city of the 21st Century with City Life! City Life 2008 Edition is a next-generation City Builder. Its 3D game engine provides a level of detail and animation unprecedented in the City Builder genre, with total freedom of construction. From superb villas in residential neighbourhoods to imposing skyscrapers in the financial district, design, construct and develop the city of your dreams. Provide comfort and satisfaction for your citizens by offering them work, health care, entertainment facilities, and much more, and ensure that your city’s coffers are brimming. It’s up to you to manage your city efficiently, balancing booming development with the problems of pollution and traffic that this brings. Build a sense of community between the six unique subcultures, or pay the price if their relationships deteriorate into conflict or riots. You are the architect, mayor and business mogul!2008 Edition City Life 2008 Edition contains all the content of the previous versions, adding a further 23 new maps and over 60 new buildings, including landmarks such as London’s Royal Opera House and St. Paul’s Cathedral. Over 360 buildings are at your disposal in this latest version. You now have the possibility to import satellite maps, heightmaps, and other user-generated terrain into the game. Use your imagination to create ever more spectacular towns, or recreate the exceptional cities of the real world!Features Gigantic city building simulation with high performance 3D engine. Explore 50 maps in five different environments. 360° camera rotation and zooming allows you to dive into the heart of your city and observe its inhabitants. Six unique subcultures with specific expectations and needs. Play in Scenario or Free Mode. New import tool for satellite maps and heightmaps. A powerful building creation tool based on a modular system. No technical skills required, only your imagination.",0,0,242,True,False,False,,,,,"English, French, German",,Monte Cristo,Focus Entertainment,"2, 62","Single-player, Family Sharing","28, 2","Simulation, Strategy"
4470,Silverfall: Earth Awakening,https://shared.akamai.steamstatic.com/store_item_assets/steam/apps/4470/header.jpg?t=1650987799,,2008-07-18,False,4.99,EUR,"Silverfall Earth Awakening is an action RPG with unique graphical feel offering a fantastic quest to explore the new territories of Nelwë. In this heroic fantasy world where nature and technology collide you will have to make important choices which will lead you to side with one or the other. Play any one of the available six races, of which 2 are new: the stocky and lucky 'Dwarves' and the agile and treacherous 'Lizardmen', and prepare yourself to confront an impressive array of creatures and formidable bosses to save the realm of Nelwë. Alongside the Elves, Goblins, Trolls and Humans, discover 2 new playable races with 5 specific skills each : The dwarves and the Lizardmen, and then customize your hero ( skin, gender , hair, etc .) Master over 156 skills and magic spells, including 8 new exclusive 'Ultimate' skills and 12 unique 'High Level' skills for an even more devastating result. Use different object crafting skills and make thousands of new and unique weapons, armour and spells. Discover a new, fully adaptable game interface with improved ergonomics in which you can now control your hero with the mouse or keyboard. Import your hero from Silverfall to Earth Awakening and keep your level, equipment and skills...or start the adventure from the beginning with a level 45 hero. Playable with up to 8 players in multiplayer mode via LAN and in cooperative or PVP mode via the Internet.",Silverfall Earth Awakening is an action RPG with unique graphical feel offering a fantastic quest to explore the new territories of Nelwë. In this heroic fantasy world where nature and technology collide you will have to make important choices which will lead you to side with one or the other.,"Silverfall Earth Awakening is an action RPG with unique graphical feel offering a fantastic quest to explore the new territories of Nelwë. In this heroic fantasy world where nature and technology collide you will have to make important choices which will lead you to side with one or the other. Play any one of the available six races, of which 2 are new: the stocky and lucky 'Dwarves' and the agile and treacherous 'Lizardmen', and prepare yourself to confront an impressive array of creatures and formidable bosses to save the realm of Nelwë. Alongside the Elves, Goblins, Trolls and Humans, discover 2 new playable races with 5 specific skills each : The dwarves and the Lizardmen, and then customize your hero ( skin, gender , hair, etc .) Master over 156 skills and magic spells, including 8 new exclusive 'Ultimate' skills and 12 unique 'High Level' skills for an even more devastating result. Use different object crafting skills and make thousands of new and unique weapons, armour and spells. Discover a new, fully adaptable game interface with improved ergonomics in which you can now control your hero with the mouse or keyboard. Import your hero from Silverfall to Earth Awakening and keep your level, equipment and skills...or start the adventure from the beginning with a level 45 hero. Playable with up to 8 players in multiplayer mode via LAN and in cooperative or PVP mode via the Internet.",0,0,0,True,False,False,,,,,"English, French, German",,Monte Cristo,Focus Entertainment,"2, 1, 62","Single-player, Multi-player, Family Sharing",3,RPG
4520,Full Spectrum Warrior,https://shared.akamai.steamstatic.com/store_item_assets/steam/apps/4520/header.jpg?t=1727863949,,2007-07-17,False,6.99,EUR,"The U.S. Army is the most powerful ground force in the entire world. The backbone of a ground invasion is the U.S. Army Infantry, and in the midst of combat, their skills, courage, and teamwork are put to the test. While readiness continues to be the U.S. Army's top priority, how it goes about its business is changing. Full Spectrum Warrior began as a training aid for the U.S. Army to reinforce Army doctrine and team effort within the troops. It is the most realistic portrayal of Infantry-level urban warfare via unique tactical action gameplay. Players become the Squad Leader, commanding Alpha and Bravo squads. There is potential for danger down every alley, behind every window. Watch those angles folks, we've got a job to do here. Hooah! Unique combination of tactical and action gameplay. Authentic implementation of U.S. Army Infantry doctrine. Simple control scheme lets you command eight soldiers in real time. Squad equipment reflects real weaponry and equipment currently in use by the U.S. Army. Immersive urban environments with danger around every corner. 2-player co-op, each player controls one fire team. Includes 2 exclusive bonus levels not available on Xbox.","The U.S. Army is the most powerful ground force in the entire world. The backbone of a ground invasion is the U.S. Army Infantry, and in the midst of combat, their skills, courage, and teamwork are put to the test. While readiness continues to be the U.S. Army's top priority, how it goes about its business is changing.","The U.S. Army is the most powerful ground force in the entire world. The backbone of a ground invasion is the U.S. Army Infantry, and in the midst of combat, their skills, courage, and teamwork are put to the test. While readiness continues to be the U.S. Army's top priority, how it goes about its business is changing. Full Spectrum Warrior began as a training aid for the U.S. Army to reinforce Army doctrine and team effort within the troops. It is the most realistic portrayal of Infantry-level urban warfare via unique tactical action gameplay. Players become the Squad Leader, commanding Alpha and Bravo squads. There is potential for danger down every alley, behind every window. Watch those angles folks, we've got a job to do here. Hooah! Unique combination of tactical and action gameplay. Authentic implementation of U.S. Army Infantry doctrine. Simple control scheme lets you command eight soldiers in real time. Squad equipment reflects real weaponry and equipment currently in use by the U.S. Army. Immersive urban environments with danger around every corner. 2-player co-op, each player controls one fire team. Includes 2 exclusive bonus levels not available on Xbox.",0,0,282,True,False,False,80,https://www.metacritic.com/game/pc/full-spectrum-warrior?ftag=MCD-06-10aaa1f,,support@quanticlab.com,"English, French, Italian, Spanish - Spain, Korean, German",,Pandemic Studios,THQ Nordic,"2, 1, 9, 62","Single-player, Multi-player, Co-op, Family Sharing","1, 2","Action, Strategy"
4530,Full Spectrum Warrior: Ten Hammers,https://shared.akamai.steamstatic.com/store_item_assets/steam/apps/4530/header.jpg?t=1727863760,,2007-07-17,False,9.99,EUR,"Sequel to the critically acclaimed, squad-based/real-time tactical combat game, Full Spectrum Warrior: Ten Hammers delivers the most authentic and realistic infantry combat experience ever. As Squad Leader, coordinate the actions of multiple infantry squads, leading them through over 12 levels of intense action. Utilize authentic combat tactics to command your squad as you battle enemies with an explosive arsenal of weapons, high-tech military equipment and new controllable mechanized units. New advanced squad controls give you more in-depth tactical command over your squad as you lead them through a variety of realistic combat missions. With all new multiplayer modes, go online and team up with a friend in two player co-op or go head-to-head with up to eight players through a variety of new adversarial and team-based objective missions. Innovative gaming experience - Combines intense squad based combat and real-time tactical action, delivering the most authentic and realistic infantry combat experience ever. New Squad Controls - Independently controllable scout & buddy teams, ability to give orders to one team while controlling another, and ability to enter buildings and position sniper teams. Advanced reactive enemy AI that reacts realistically to combat situations. Expansive, non-linear level design with multiple pathways to accomplish objectives. New Multiplayer Experience - Full Spectrum Warrior style gameplay with both Co-op and Adversarial (Coalition vs. Opfor) online multiplayer modes.","Sequel to the critically acclaimed, squad-based/real-time tactical combat game, Full Spectrum Warrior: Ten Hammers delivers the most authentic and realistic infantry combat experience ever. As Squad Leader, coordinate the actions of multiple infantry squads, leading them through over 12 levels of intense action.","Sequel to the critically acclaimed, squad-based/real-time tactical combat game, Full Spectrum Warrior: Ten Hammers delivers the most authentic and realistic infantry combat experience ever. As Squad Leader, coordinate the actions of multiple infantry squads, leading them through over 12 levels of intense action. Utilize authentic combat tactics to command your squad as you battle enemies with an explosive arsenal of weapons, high-tech military equipment and new controllable mechanized units. New advanced squad controls give you more in-depth tactical command over your squad as you lead them through a variety of realistic combat missions. With all new multiplayer modes, go online and team up with a friend in two player co-op or go head-to-head with up to eight players through a variety of new adversarial and team-based objective missions. Innovative gaming experience - Combines intense squad based combat and real-time tactical action, delivering the most authentic and realistic infantry combat experience ever. New Squad Controls - Independently controllable scout & buddy teams, ability to give orders to one team while controlling another, and ability to enter buildings and position sniper teams. Advanced reactive enemy AI that reacts realistically to combat situations. Expansive, non-linear level design with multiple pathways to accomplish objectives. New Multiplayer Experience - Full Spectrum Warrior style gameplay with both Co-op and Adversarial (Coalition vs. Opfor) online multiplayer modes.",0,0,211,True,False,False,70,https://www.metacritic.com/game/pc/full-spectrum-warrior-ten-hammers?ftag=MCD-06-10aaa1f,,support@quanticlab.com,"English, French, Italian, Spanish - Spain, German",,Pandemic Studios,THQ Nordic,"2, 1, 9, 62","Single-player, Multi-player, Co-op, Family Sharing","1, 2","Action, Strategy"
4560,Company of Heroes - Legacy Edition,https://shared.akamai.steamstatic.com/store_item_assets/steam/apps/4560/header.jpg?t=1573488196,http://www.companyofheroesgame.com/,2007-07-17,False,32.99,EUR,"DISCLAIMERThis legacy version of COH1 will also give you access to the latest updated version of COH1 - simply called ""Company of Heroes"" in your Steam library. PLEASE USE THE LATTER TO PLAY ONLINE, and visit the associated pages to join the COH1 Steam Community & Modding scene:COH1 Community HubCOH1 Steam WorkshopDESCRIPTIONDelivering a visceral WWII gaming experience, Company of Heroes redefines real time strategy gaming by bringing the sacrifice of heroic soldiers, war-ravaged environments, and dynamic battlefields to life. Beginning with the D-Day Invasion of Normandy, players lead squads of Allied soldiers into battle against the German war machine through some of the most pivotal battles of WWII. Through a rich single player campaign, players experience the cinematic intensity and bravery of ordinary soldiers thrust into extraordinary events. A Cinematic Single Player Experience that captures the turmoil of WWII as never before. Advanced squad AI brings your soldiers to life as they interact with the changing environment, take cover, and execute advanced squad tactics to eliminate all enemy opposition. Stunning Visuals - Relic's next generation cutting-edge engine provides graphic quality and a physics driven world that is unprecedented in an RTS. Environmental Strategy - Real-time physics and a completely destructible environment guarantee no two battles ever play out in the same way. Destroy anything and re-shape the battlefield! Use buildings and terrain to your advantage, or deny them to the enemy. 2-8 Player Multiplayer Competition via LAN or Internet - Go online with friends and join the ultimate battle of Axis versus Allies.","Delivering a visceral WWII gaming experience, Company of Heroes redefines RTS by bringing the sacrifice of heroic soldiers, war-ravaged environments, and dynamic battlefields to life. This legacy version also grants access to the latest version of COH, just called ""Company of Heroes"".","DISCLAIMERThis legacy version of COH1 will also give you access to the latest updated version of COH1 - simply called ""Company of Heroes"" in your Steam library. PLEASE USE THE LATTER TO PLAY ONLINE, and visit the associated pages to join the COH1 Steam Community & Modding scene:COH1 Community HubCOH1 Steam WorkshopDESCRIPTIONDelivering a visceral WWII gaming experience, Company of Heroes redefines real time strategy gaming by bringing the sacrifice of heroic soldiers, war-ravaged environments, and dynamic battlefields to life. Beginning with the D-Day Invasion of Normandy, players lead squads of Allied soldiers into battle against the German war machine through some of the most pivotal battles of WWII. Through a rich single player campaign, players experience the cinematic intensity and bravery of ordinary soldiers thrust into extraordinary events. A Cinematic Single Player Experience that captures the turmoil of WWII as never before. Advanced squad AI brings your soldiers to life as they interact with the changing environment, take cover, and execute advanced squad tactics to eliminate all enemy opposition. Stunning Visuals - Relic's next generation cutting-edge engine provides graphic quality and a physics driven world that is unprecedented in an RTS. Environmental Strategy - Real-time physics and a completely destructible environment guarantee no two battles ever play out in the same way. Destroy anything and re-shape the battlefield! Use buildings and terrain to your advantage, or deny them to the enemy. 2-8 Player Multiplayer Competition via LAN or Internet - Go online with friends and join the ultimate battle of Axis versus Allies.",0,0,4830,True,False,False,93,https://www.metacritic.com/game/pc/company-of-heroes?ftag=MCD-06-10aaa1f,http://www.sega.com/support,,"English, French, Spanish - Spain, Italian, German, Czech, Japanese, Korean, Polish, Russian, Traditional Chinese","English, French, German, Russian, Traditional Chinese",Relic Entertainment,SEGA,"2, 1, 29, 30, 23, 62","Single-player, Multi-player, Steam Trading Cards, Steam Workshop, Steam Cloud, Family Sharing","1, 2","Action, Strategy"
4570,"Warhammer 40,000: Dawn of War - Anniversary Edition (Classic)",https://shared.akamai.steamstatic.com/store_item_assets/steam/apps/4570/29c9530f1478894a50967fa7b83b0abb2b7f5b15/header.jpg?t=1777501508,http://www.dawnofwar.com,2007-08-07,False,13.99,EUR,"Warhammer ClassicsWarhammer Classics is a collection of the greatest titles from the annals of Warhammer video game history, spanning the last 30 years, brought back to life as a series to celebrate their iconic legacy.Because of their classic nature, some of the content may not accurately reflect current depictions, lore, or presentation within the current Warhammer universes and settings. Warhammer 40,000: Dawn of War - Anniversary Edition is the definitive Dawn of War experience, featuring the original Dawn of War game, and all of the game's expansions including Warhammer 40,000: Dawn of War - Dark Crusade, Warhammer 40,000: Dawn of War - Soulstorm, and Warhammer 40,000: Dawn of War - Winter Assault Warhammer 40,000: Dawn of War Prepare yourself for the grim, dark future of the 41st millennium, where alien races battle mankind for galactic domination in a universe of unending war. Personalize your armies with a revolutionary unit customization tool that gives you the ability to choose your armies insignias, banners, squad colors and names. Engaging story driven single player campaign. Command the elite chapter of the Blood Ravens in an original epic tale of treason and conspiracy as you serve the Emperor and protect humanity from the scourges of Warhammer 40,000 universe. Master four unique races Command your Space Marines, Orks, Chaos and Eldar in epic battles and master their distinct abilities, weapons, and tech trees to eradicate the enemy and rule the known universe. Unprecedented realism Appropriately scaled terrain, vehicle physics and dynamic lightning contribute to a level of realism never before displayed in a real-time strategy game. Visceral cinematic melee and ranged combat Realistic unit animations immerse you in intense brutal combat .Pioneering tactical gameplay. Innovations such as cover, squad-based combat, and morale add new strategic depth to real-time warfare. Dynamic multiplayer Test your true combat abilities in two-to-eight player battles providing endless re-playability This expansion adds all-new units and strategies to the exciting gameplay offered by Dawn of War. The Imperial Guard brings new weaponry, including heavy armor, new troop units as well as defensive and ranged tactics overwhelming numbers. Coupled with new abilities, this fighting force is as lethal as they come. Warhammer 40,000: Dawn of War - Winter AssaultSingle-Player Campaign Winter Assault offers two choices: the Order Campaign and the Disorder Campaign. The Order Campaign puts you in control of the Eldar and the Imperial Guard in their epic struggle to protect the Imperium of Man. In the Disorder Campaign, play as the Orks and Chaos Space Marines in their efforts to crush any resistance to their chaotic way. Revel in new and improved gameplay features A new tech tree, 100’s of new animations and endless new strategies will greatly intensify your Dawn of War experience. Direct your troops in an all-out war Command them across harsh new winter battlegrounds with enhanced urban terrain and additional interactive object and structures. Improved multiplayer 20 new maps and advanced online features including observer mode, arranged team play and improved auto match push Dawn of War multiplayer to the next level. Hone your multiplayer skills The new skirmish option allows you to practice combat techniques against computer-controlled opponents on a multiplayer map. Imperial Guard Since the beginning of the Imperium of Man, the Imperial Guard has stood as its pillars of protection. With billions of men from more than a million different worlds, they are the largest and most diverse fighting force in the galaxy. Warhammer 40,000: Dawn of War - Dark CrusadeDeep under the central desert of Kronus, a vast honeycomb of skull-lined tunnels and funeral chambers house the awakening Necron menace. Eons ago, these were the boulevards and squares of a great necropolis built to house the bones of the races who had fallen to the Necrons, and ultimately were where the Necrons themselves retire to spend eternity. Over millions of years, sand and rock had covered it all until ill-fated excavations awoke the deathless. New Races Take command of two new playable races: Tau and Necron to unleash massive carnage across the frontlines of battle. Expanded multiplayer Dominate opponents online across 12 new multiplayer maps - with up to 8 players battling it out for supremacy. Deep single-player campaign Conquer the planet of Kronus any way you choose - leading any one of seven races on an epic crusade through an all-new, non-linear single player campaign where you can experience unique storylines from each race's perspective. Customization Customize your hero's weapons, items and abilities as he grows in power and influence. Personalize your army with a variety of insignias, squad colors, banners and names. Warhammer 40,000: Dawn of War - SoulstormThe third and final expansion to the genre-defining and critically-acclaimed RTS, Dawn of War. In Soulstorm, two new armies are introduced – Sisters of Battle and Dark Eldar - raising the total number of playable armies to nine. The revolutionary meta-game that was first introduced in Dark Crusade is further expanded to an interplanetary scale, allowing players to battle across the star system.","All of Warhammer 40,000: Dawn of War in one glorious package. Play the genre-defining classic real time strategy game in all its blood-soaked glory, including four complete campaigns and nine full-fledged factions.","ReviewsAbout the GameWarhammer ClassicsWarhammer Classics is a collection of the greatest titles from the annals of Warhammer video game history, spanning the last 30 years, brought back to life as a series to celebrate their iconic legacy.Because of their classic nature, some of the content may not accurately reflect current depictions, lore, or presentation within the current Warhammer universes and settings. Warhammer 40,000: Dawn of War - Anniversary Edition is the definitive Dawn of War experience, featuring the original Dawn of War game, and all of the game's expansions including Warhammer 40,000: Dawn of War - Dark Crusade, Warhammer 40,000: Dawn of War - Soulstorm, and Warhammer 40,000: Dawn of War - Winter Assault Warhammer 40,000: Dawn of War Prepare yourself for the grim, dark future of the 41st millennium, where alien races battle mankind for galactic domination in a universe of unending war. Personalize your armies with a revolutionary unit customization tool that gives you the ability to choose your armies insignias, banners, squad colors and names. Engaging story driven single player campaign. Command the elite chapter of the Blood Ravens in an original epic tale of treason and conspiracy as you serve the Emperor and protect humanity from the scourges of Warhammer 40,000 universe. Master four unique races Command your Space Marines, Orks, Chaos and Eldar in epic battles and master their distinct abilities, weapons, and tech trees to eradicate the enemy and rule the known universe. Unprecedented realism Appropriately scaled terrain, vehicle physics and dynamic lightning contribute to a level of realism never before displayed in a real-time strategy game. Visceral cinematic melee and ranged combat Realistic unit animations immerse you in intense brutal combat .Pioneering tactical gameplay. Innovations such as cover, squad-based combat, and morale add new strategic depth to real-time warfare. Dynamic multiplayer Test your true combat abilities in two-to-eight player battles providing endless re-playability This expansion adds all-new units and strategies to the exciting gameplay offered by Dawn of War. The Imperial Guard brings new weaponry, including heavy armor, new troop units as well as defensive and ranged tactics overwhelming numbers. Coupled with new abilities, this fighting force is as lethal as they come. Warhammer 40,000: Dawn of War - Winter AssaultSingle-Player Campaign Winter Assault offers two choices: the Order Campaign and the Disorder Campaign. The Order Campaign puts you in control of the Eldar and the Imperial Guard in their epic struggle to protect the Imperium of Man. In the Disorder Campaign, play as the Orks and Chaos Space Marines in their efforts to crush any resistance to their chaotic way. Revel in new and improved gameplay features A new tech tree, 100’s of new animations and endless new strategies will greatly intensify your Dawn of War experience. Direct your troops in an all-out war Command them across harsh new winter battlegrounds with enhanced urban terrain and additional interactive object and structures. Improved multiplayer 20 new maps and advanced online features including observer mode, arranged team play and improved auto match push Dawn of War multiplayer to the next level. Hone your multiplayer skills The new skirmish option allows you to practice combat techniques against computer-controlled opponents on a multiplayer map. Imperial Guard Since the beginning of the Imperium of Man, the Imperial Guard has stood as its pillars of protection. With billions of men from more than a million different worlds, they are the largest and most diverse fighting force in the galaxy. Warhammer 40,000: Dawn of War - Dark CrusadeDeep under the central desert of Kronus, a vast honeycomb of skull-lined tunnels and funeral chambers house the awakening Necron menace. Eons ago, these were the boulevards and squares of a great necropolis built to house the bones of the races who had fallen to the Necrons, and ultimately were where the Necrons themselves retire to spend eternity. Over millions of years, sand and rock had covered it all until ill-fated excavations awoke the deathless. New Races Take command of two new playable races: Tau and Necron to unleash massive carnage across the frontlines of battle. Expanded multiplayer Dominate opponents online across 12 new multiplayer maps - with up to 8 players battling it out for supremacy. Deep single-player campaign Conquer the planet of Kronus any way you choose - leading any one of seven races on an epic crusade through an all-new, non-linear single player campaign where you can experience unique storylines from each race's perspective. Customization Customize your hero's weapons, items and abilities as he grows in power and influence. Personalize your army with a variety of insignias, squad colors, banners and names. Warhammer 40,000: Dawn of War - SoulstormThe third and final expansion to the genre-defining and critically-acclaimed RTS, Dawn of War. In Soulstorm, two new armies are introduced – Sisters of Battle and Dark Eldar - raising the total number of playable armies to nine. The revolutionary meta-game that was first introduced in Dark Crusade is further expanded to an interplanetary scale, allowing players to battle across the star system.",0,0,8804,True,False,False,86,https://www.metacritic.com/game/pc/warhammer-40000-dawn-of-war?ftag=MCD-06-10aaa1f,https://support.sega.co.uk,,"English, French, German, Italian, Spanish - Spain, Czech, Korean, Polish, Russian, Traditional Chinese","English, French, German, Traditional Chinese",Relic Entertainment,Relic Entertainment,"2, 1, 29, 23, 62","Single-player, Multi-player, Steam Trading Cards, Steam Cloud, Family Sharing",2,Strategy
4700,Total War: MEDIEVAL II – Definitive Edition,https://shared.akamai.steamstatic.com/store_item_assets/steam/apps/4700/header.jpg?t=1763643156,http://www.totalwar.com,2006-11-15,False,19.99,EUR,"Complete your Total War collection with this Definitive Edition of Total War: MEDIEVAL II, which includes all DLC and feature updates since the game’s release: Kingdoms is the most content-rich expansion ever produced for a Total War game, with four new entire campaigns centred on expanded maps of the British Isles, Teutonic Northern Europe, the Middle East, and the Americas.Total War: MEDIEVAL II Definitive Edition offers hundreds and hundreds of hours of absorbing gameplay and every bit of content made for the game. See below for full details. About Total War: MEDIEVAL IITake command of your army and expand your reign in Total War: MEDIEVAL II - the fourth instalment of the award-winning Total War series of strategy games. Direct massive battles featuring up to 10,000 bloodthirsty troops on epic 3D battlefields, while presiding over some of the greatest Medieval nations of the Western and Middle Eastern world. Spanning the most turbulent era in Western history, your quest for territory and power takes you through Europe, Africa, and the Middle East, and even onto the shores of the New World.You'll manage your empire with an iron fist, handling everything from building and improving cities to recruiting and training armies. Wield diplomacy to manipulate allies and enemies, outsmart the dreaded Inquisition, and influence the Pope. Lead the fight in the Crusades and bring victory to Islam or Christianity in the Holy War. Rewrite history and conquer the world. This is Total War!• Bigger and better real-time battles. Improved combat choreography, larger armies, quicker pace, and spectacular finishing moves make this the most visceral and exciting Total War ever.• New epic campaign. The ambitious single player campaign will span three continents and let players sail across to the Americas to confront the Aztecs on their home soil.• Greater accessibility. An enhanced user interface and optional shorter campaigns make the Total War experience faster and easier to enjoy than ever before.• Over 40 new features. An advanced terrain system, enhanced weather effects, and more will help you divide and conquer.• Intense Multiplayer Battles. Wage war against other players in 8-way multiplayer games.About KingdomsKingdoms presents players with all-new territories to explore, troops to command, and enemies to conquer.Kingdoms is the most content-rich expansion ever produced for a Total War game, with four new entire campaigns centred on expanded maps of the British Isles, Teutonic Northern Europe, the Middle East, and the Americas. In Total War: MEDIEVAL II, you were only given a tantalizing glimpse of South America, but in Kingdoms, vast tracts of land in both North and South America have been opened up for you to conquer. All-new factions from the New World are also now fully playable, including the Aztecs, Apaches, and Mayans.Along with the new maps in the Britannia, Teutonic, Crusades, and New World Campaigns, there are 13 new factions to play, over 110 units to control, and 50 building types, adding up to 80 hours of new gameplay. Kingdoms also offers new multiplayer maps and hotseat multiplayer, a first for the Total War series, allowing you to play one-versus-one campaign games on the same computer.• Four new campaigns - Britannia, Teutonic, Crusades, and New World• 10 new units• 13 new factions• 9 new agents• 50 new buildings• 60+ new territories across four new maps• 15 new multiplayer maps and scenarios• All-new 1v1 hotseat multiplayer campaign mode","Spanning the most turbulent era in Western history, your quest for territory and power takes you through Europe, Africa, the Middle East, and even onto the shores of the New World.","Complete your Total War collection with this Definitive Edition of Total War: MEDIEVAL II, which includes all DLC and feature updates since the game’s release: Kingdoms is the most content-rich expansion ever produced for a Total War game, with four new entire campaigns centred on expanded maps of the British Isles, Teutonic Northern Europe, the Middle East, and the Americas.Total War: MEDIEVAL II Definitive Edition offers hundreds and hundreds of hours of absorbing gameplay and every bit of content made for the game. See below for full details. About Total War: MEDIEVAL IITake command of your army and expand your reign in Total War: MEDIEVAL II - the fourth instalment of the award-winning Total War series of strategy games. Direct massive battles featuring up to 10,000 bloodthirsty troops on epic 3D battlefields, while presiding over some of the greatest Medieval nations of the Western and Middle Eastern world. Spanning the most turbulent era in Western history, your quest for territory and power takes you through Europe, Africa, and the Middle East, and even onto the shores of the New World.You'll manage your empire with an iron fist, handling everything from building and improving cities to recruiting and training armies. Wield diplomacy to manipulate allies and enemies, outsmart the dreaded Inquisition, and influence the Pope. Lead the fight in the Crusades and bring victory to Islam or Christianity in the Holy War. Rewrite history and conquer the world. This is Total War!• Bigger and better real-time battles. Improved combat choreography, larger armies, quicker pace, and spectacular finishing moves make this the most visceral and exciting Total War ever.• New epic campaign. The ambitious single player campaign will span three continents and let players sail across to the Americas to confront the Aztecs on their home soil.• Greater accessibility. An enhanced user interface and optional shorter campaigns make the Total War experience faster and easier to enjoy than ever before.• Over 40 new features. An advanced terrain system, enhanced weather effects, and more will help you divide and conquer.• Intense Multiplayer Battles. Wage war against other players in 8-way multiplayer games.About KingdomsKingdoms presents players with all-new territories to explore, troops to command, and enemies to conquer.Kingdoms is the most content-rich expansion ever produced for a Total War game, with four new entire campaigns centred on expanded maps of the British Isles, Teutonic Northern Europe, the Middle East, and the Americas. In Total War: MEDIEVAL II, you were only given a tantalizing glimpse of South America, but in Kingdoms, vast tracts of land in both North and South America have been opened up for you to conquer. All-new factions from the New World are also now fully playable, including the Aztecs, Apaches, and Mayans.Along with the new maps in the Britannia, Teutonic, Crusades, and New World Campaigns, there are 13 new factions to play, over 110 units to control, and 50 building types, adding up to 80 hours of new gameplay. Kingdoms also offers new multiplayer maps and hotseat multiplayer, a first for the Total War series, allowing you to play one-versus-one campaign games on the same computer.• Four new campaigns - Britannia, Teutonic, Crusades, and New World• 10 new units• 13 new factions• 9 new agents• 50 new buildings• 60+ new territories across four new maps• 15 new multiplayer maps and scenarios• All-new 1v1 hotseat multiplayer campaign mode",0,0,27239,True,True,True,,,https://support.sega.co.uk,,"English, French, Italian, German, Spanish - Spain, Czech, Hungarian, Polish, Russian","English, French, Italian, German, Spanish - Spain, Czech, Hungarian, Polish, Russian","CREATIVE ASSEMBLY, Feral Interactive (Mac), Feral Interactive (Linux)","SEGA, Feral Interactive (Mac), Feral Interactive (Linux)","2, 1, 29, 62","Single-player, Multi-player, Steam Trading Cards, Family Sharing",2,Strategy
4770,Rome: Total War™ - Alexander,https://shared.akamai.steamstatic.com/store_item_assets/steam/apps/4770/header.jpg?t=1711461029,http://www.totalwar.com,2007-08-28,False,0.0,,"Rome: Total War - Alexander is the second official expansion pack to Rome: Total War. An entirely new campaign map that stretches from Macedonia to Greece and into the heart of the ancient Persian Empire New campaign game that tasks players with matching the exploits of Alexander the Great as he swept across Central Asia and dominated the Persian Empire Four new factions including the Macedonians, Persians and Indians Over 25 new units, including Alexander's own renowned historical troops Historical Alexander the Great campaign with six new historical battles that unlock sequentially, telling the story of Alexander and providing a historical backdrop to each of the battles All-new movies to support the Alexander campaign, with professional voiceovers by actor Brian Blessed (Alexander, Star Wars Episode I: The Phantom Menace)",Rome: Total War - Alexander is the second official expansion pack to Rome: Total War. An entirely new campaign map that stretches from Macedonia to Greece and into the heart of the ancient Persian Empire New campaign game that tasks players with matching the exploits of Alexander the Great as he swept across Central Asia and dominated...,"Rome: Total War - Alexander is the second official expansion pack to Rome: Total War. An entirely new campaign map that stretches from Macedonia to Greece and into the heart of the ancient Persian Empire New campaign game that tasks players with matching the exploits of Alexander the Great as he swept across Central Asia and dominated the Persian Empire Four new factions including the Macedonians, Persians and Indians Over 25 new units, including Alexander's own renowned historical troops Historical Alexander the Great campaign with six new historical battles that unlock sequentially, telling the story of Alexander and providing a historical backdrop to each of the battles All-new movies to support the Alexander campaign, with professional voiceovers by actor Brian Blessed (Alexander, Star Wars Episode I: The Phantom Menace)",0,0,799,True,False,False,79,https://www.metacritic.com/game/pc/rome-total-war-alexander?ftag=MCD-06-10aaa1f,https://support.sega.co.uk,,English,,The Creative Assembly,SEGA,"2, 1, 62","Single-player, Multi-player, Family Sharing",2,Strategy
4800,Heroes of Annihilated Empires,https://shared.akamai.steamstatic.com/store_item_assets/steam/apps/4800/header.jpg?t=1685134248,http://www.heroesofae.com/,2006-11-22,False,7.99,EUR,"Heroes of Annihilated Empires - is a fantasy-based game from GSC Game World in the genre of RTS vs RPG for PC. A new proprietary 3D-engine is used to power the game. Episode one is set on Atlans island, the historical homeland of elves. The world of the game is living and huge, full of magic, mythical creatures, heroes and powerful forces involved in a large-scale conflict dating back to the past. The gameplay enables the player, controlling one of the heroes, as to lead thousands-strong armies into battle, so as combat with the hero alone, making use of the entire arsenal of possibilities and powerful magical spells. The possibility to upgrade your hero, improve his abilities, find artifacts and get random quests serves to hugely diversify the gameplay.Innovative opposing of two genres in one game - RTS vs RPGNew 3D engineDetailed game world, including support of 5 novels from Europe-renowned writer Ilya NovakMass-scale battles of thousands-strong armiesFour unique races, individual skills, spells and artifacts12 heroes, 12 neutral races, 100 units and 150 various buildingsExcellently developed character types and impressive unit animationOver 150 magic items and over 100 spellsOriginal and involving story of the campaignClassic multiplayer over LAN or the Internet, up to 7 players in a game. Mix of two genres in the game: RTS vs RPG with a possibility to blend or choose in between during the play.Original card system of magic spells, equally interesting to both hardcore gamers and newbies. Over 50 spell cardsInvolving process of character level-ups throughout the entire gameStunning intros and cut-scenes. Comics in-between missions to give a deeper story insight","Heroes of Annihilated Empires - is a fantasy-based game from GSC Game World in the genre of RTS vs RPG for PC. 4 unique races awaits for the heroes, who want to fight in an Epic scale battles!","Heroes of Annihilated Empires - is a fantasy-based game from GSC Game World in the genre of RTS vs RPG for PC. A new proprietary 3D-engine is used to power the game. Episode one is set on Atlans island, the historical homeland of elves. The world of the game is living and huge, full of magic, mythical creatures, heroes and powerful forces involved in a large-scale conflict dating back to the past. The gameplay enables the player, controlling one of the heroes, as to lead thousands-strong armies into battle, so as combat with the hero alone, making use of the entire arsenal of possibilities and powerful magical spells. The possibility to upgrade your hero, improve his abilities, find artifacts and get random quests serves to hugely diversify the gameplay.Innovative opposing of two genres in one game - RTS vs RPGNew 3D engineDetailed game world, including support of 5 novels from Europe-renowned writer Ilya NovakMass-scale battles of thousands-strong armiesFour unique races, individual skills, spells and artifacts12 heroes, 12 neutral races, 100 units and 150 various buildingsExcellently developed character types and impressive unit animationOver 150 magic items and over 100 spellsOriginal and involving story of the campaignClassic multiplayer over LAN or the Internet, up to 7 players in a game. Mix of two genres in the game: RTS vs RPG with a possibility to blend or choose in between during the play.Original card system of magic spells, equally interesting to both hardcore gamers and newbies. Over 50 spell cardsInvolving process of character level-ups throughout the entire gameStunning intros and cut-scenes. Comics in-between missions to give a deeper story insight",0,0,582,True,False,False,65,https://www.metacritic.com/game/pc/heroes-of-annihilated-empires?ftag=MCD-06-10aaa1f,,,"English, French, German, Russian",,GSC Game World,GSC Game World,"2, 1, 62","Single-player, Multi-player, Family Sharing",2,Strategy
4850,Cossacks: Back to War,https://shared.akamai.steamstatic.com/store_item_assets/steam/apps/4850/header.jpg?t=1685134248,http://www.gsc-game.com/,2010-09-02,False,4.99,EUR,"To stand alone in war is extremely unpleasant. Extremely pleasant, on the other hand, is the stand-alone version Cossacks: Back to War. Containing all of the gameplay features of Cossacks: European Wars and Cossacks: The Art of War, this is a complete care package for all current and future Cossacks fans. This add-on contains 100 captivating missions taking place between the 16th and 18th centuries. In addition, two new nations, Switzerland and Hungary, are included. These countries waged war in the late Middle Ages and essentially influenced the development of European military strategies. This addition causes the second add-on of Cossacks to pass the threshold of allowed gaming fun.Features:Thrilling real-time strategy game with historical background. Fascinating 3D landscapes. Play takes place in Europe between the 16th and 18th centuries. Stand-alone game, other Cossacks games not required to play. A total of 20 different European nations to command. 100 new single missions. 2 new nations: Switzerland and Hungary with a total of 8 new units. Spectacular real-time battles with up to 8,000 units. 4 different difficulty levels. 1 new camel riding unit for Algeria and Turkey: Bedouin. This version with low system requirements is adapted for comfortable play on any hardware from low-end computers, laptops and netbooks, to high-end PCs (with Windows Vista/7). Ad-Hoc multiplayer play (offline mode). Infinite AI skirmishes on randomly generated maps.","Cossacks: Back to War contains all of the gameplay features of Cossacks: European Wars and Cossacks: The Art of War, this is a complete care package for all current and future Cossacks fans. This add-on contains two new nations: Switzerland and Hungary.","To stand alone in war is extremely unpleasant. Extremely pleasant, on the other hand, is the stand-alone version Cossacks: Back to War. Containing all of the gameplay features of Cossacks: European Wars and Cossacks: The Art of War, this is a complete care package for all current and future Cossacks fans. This add-on contains 100 captivating missions taking place between the 16th and 18th centuries. In addition, two new nations, Switzerland and Hungary, are included. These countries waged war in the late Middle Ages and essentially influenced the development of European military strategies. This addition causes the second add-on of Cossacks to pass the threshold of allowed gaming fun.Features:Thrilling real-time strategy game with historical background. Fascinating 3D landscapes. Play takes place in Europe between the 16th and 18th centuries. Stand-alone game, other Cossacks games not required to play. A total of 20 different European nations to command. 100 new single missions. 2 new nations: Switzerland and Hungary with a total of 8 new units. Spectacular real-time battles with up to 8,000 units. 4 different difficulty levels. 1 new camel riding unit for Algeria and Turkey: Bedouin. This version with low system requirements is adapted for comfortable play on any hardware from low-end computers, laptops and netbooks, to high-end PCs (with Windows Vista/7). Ad-Hoc multiplayer play (offline mode). Infinite AI skirmishes on randomly generated maps.",1,0,2656,True,False,False,60,https://www.metacritic.com/game/pc/cossacks-back-to-war?ftag=MCD-06-10aaa1f,,,"English, French, German, Russian",,GSC Game World,GSC World Publishing,"2, 1, 62","Single-player, Multi-player, Family Sharing",2,Strategy
4870,Cossacks: Art of War,https://shared.akamai.steamstatic.com/store_item_assets/steam/apps/4870/header.jpg?t=1685134248,http://gsc-game.com/,2011-08-26,False,4.99,EUR,"Cossacks: The Art of War – continues the history of the great battles of XVII–XVIII centuries, and introduces five new campaigns, two nations, some new units and much more.",Cossacks: The Art of War continues the history of the great battles of XVII–XVIII centuries,"Cossacks: The Art of War – continues the history of the great battles of XVII–XVIII centuries, and introduces five new campaigns, two nations, some new units and much more.",0,0,330,True,False,False,,,,,English,,GSC Game World,GSC World Publishing,"2, 62","Single-player, Family Sharing",2,Strategy
4880,Cossacks: European Wars,https://shared.akamai.steamstatic.com/store_item_assets/steam/apps/4880/header.jpg?t=1685134248,http://gsc-game.com/,2011-08-26,False,4.99,EUR,"Cossacks: European Wars is a historical real-time strategy based on events of the 16th through the 18th centuries in Europe, when nations and states were created and demolished, and wars shed seas of blood. There are 16 nations or regions in Cossacks: Algeria, Austria, England, France, the Netherlands, Piemonte, Poland, Portugal, Prussia, Russia, Saxony, Spain, Sweden, Turkey, Ukraine, and Venice. Each has its own original graphics, economic and technical development peculiarities, military advantages and drawbacks, and unique units and technologies, providing vast choices of tactics and strategy in war against any enemy. Thus, England is the mightiest sea power, Austria has powerful light and heavy cavalry, and Cossacks are the pride of the Ukrainian army. Battles of up to 8,000 units may be conducted on single or network game maps. One can carry out lingering city sieges, wage guerilla wars, capture commanding heights and arrange ambushes, deploy landing forces on enemy shores, and conduct sea battles. The game system is arranged to reduce per-unit control and resource micromanagement, and to turn to global goals of powerful economy formation, science development, the capturing of new lands, and defending borders.",This game is devoted to the key events of the XVII–XVIII centuries.,"Cossacks: European Wars is a historical real-time strategy based on events of the 16th through the 18th centuries in Europe, when nations and states were created and demolished, and wars shed seas of blood. There are 16 nations or regions in Cossacks: Algeria, Austria, England, France, the Netherlands, Piemonte, Poland, Portugal, Prussia, Russia, Saxony, Spain, Sweden, Turkey, Ukraine, and Venice. Each has its own original graphics, economic and technical development peculiarities, military advantages and drawbacks, and unique units and technologies, providing vast choices of tactics and strategy in war against any enemy. Thus, England is the mightiest sea power, Austria has powerful light and heavy cavalry, and Cossacks are the pride of the Ukrainian army. Battles of up to 8,000 units may be conducted on single or network game maps. One can carry out lingering city sieges, wage guerilla wars, capture commanding heights and arrange ambushes, deploy landing forces on enemy shores, and conduct sea battles. The game system is arranged to reduce per-unit control and resource micromanagement, and to turn to global goals of powerful economy formation, science development, the capturing of new lands, and defending borders.",0,0,537,True,False,False,74,https://www.metacritic.com/game/pc/cossacks-european-wars?ftag=MCD-06-10aaa1f,,,English,,GSC Game World,GSC World Publishing,"2, 62","Single-player, Family Sharing",2,Strategy
4890,Cossacks II: Battle for Europe,https://shared.akamai.steamstatic.com/store_item_assets/steam/apps/4890/header.jpg?t=1685134248,http://gsc-game.com/,2011-08-26,False,4.99,EUR,"Let the battle begin! The Cossacks II: Battle for Europe add-on continues the renowned Cossacks II:Napoleonic Wars game. It depicts the rather short historic period of the Napoleonic wars. The Napoleon wars changed Europe forever, leading to the formation of empires and putting an end to almost one thousand years of constant strife between small states. The game provides mass-scale battles between thousands-strong armies of the nations involved in conflicts during this period. The theatres of operation introduce France, Britain, Austria, Russia, Prussia, Egypt, and three nations not represented in the original game – Spain, the Grand Duchy of Warsaw (Poland), and the Confederation of the Rhine. The Cossacks II: Battle for Europe reconstructs in detail the soldiers' uniforms weapons and architecture of each nation. Each nation's army has its unique units and possibilities. The game includes over 180 units 190 buildings and 1200 flora and fauna elements. When developing the combat system the peculiarities of early 19th century warring were taken into account as was the value of formations provisions and troop morale. Tactical tricks utilized by military commanders of the time are fully reflected in the game. An ""honest"" system of bullet and cannonball ballistics based on physics is an innovative addition to the Cossacks engine. Other engine features include 3-dimensional landscaping which creates realistic-looking scenery and towns and impacts combat tactics. For example the firing range of a subdivision of soldiers or a cannon positioned at the top of a hill is greater than the firing range of a unitstationed on flat terrain. Key features: Control the French, Russians, Austrians, Britons, Prussians, or Egyptians -- master new weapons and tactics during a time that redefined the meaning of modern warfare. Fight through historically inspired battles of the 19th century, with massive armies colliding in different types of terrain and weather. Battles on real historical scale with tens of thausands of units on one map. Realistic Troop Morale System - Well-fed troops live longer and grow in experience to become valuable battlefield assets, while fierce and overwhelming opponents, or marching long distances will cause morale to drop Enhanced diplomacy tools help you create treaties that give you the advantages","Cossacks II: Battle for Europe is a standalone add-on for ""Cossacks II: Napoleonic Wars"" presenting new nations with the possibility to wage multiplayer battles.","Let the battle begin! The Cossacks II: Battle for Europe add-on continues the renowned Cossacks II:Napoleonic Wars game. It depicts the rather short historic period of the Napoleonic wars. The Napoleon wars changed Europe forever, leading to the formation of empires and putting an end to almost one thousand years of constant strife between small states. The game provides mass-scale battles between thousands-strong armies of the nations involved in conflicts during this period. The theatres of operation introduce France, Britain, Austria, Russia, Prussia, Egypt, and three nations not represented in the original game – Spain, the Grand Duchy of Warsaw (Poland), and the Confederation of the Rhine. The Cossacks II: Battle for Europe reconstructs in detail the soldiers' uniforms weapons and architecture of each nation. Each nation's army has its unique units and possibilities. The game includes over 180 units 190 buildings and 1200 flora and fauna elements. When developing the combat system the peculiarities of early 19th century warring were taken into account as was the value of formations provisions and troop morale. Tactical tricks utilized by military commanders of the time are fully reflected in the game. An ""honest"" system of bullet and cannonball ballistics based on physics is an innovative addition to the Cossacks engine. Other engine features include 3-dimensional landscaping which creates realistic-looking scenery and towns and impacts combat tactics. For example the firing range of a subdivision of soldiers or a cannon positioned at the top of a hill is greater than the firing range of a unitstationed on flat terrain. Key features: Control the French, Russians, Austrians, Britons, Prussians, or Egyptians -- master new weapons and tactics during a time that redefined the meaning of modern warfare. Fight through historically inspired battles of the 19th century, with massive armies colliding in different types of terrain and weather. Battles on real historical scale with tens of thausands of units on one map. Realistic Troop Morale System - Well-fed troops live longer and grow in experience to become valuable battlefield assets, while fierce and overwhelming opponents, or marching long distances will cause morale to drop Enhanced diplomacy tools help you create treaties that give you the advantages",0,0,1055,True,False,False,69,https://www.metacritic.com/game/pc/cossacks-ii-battle-for-europe?ftag=MCD-06-10aaa1f,,support@gsc-game.com,"English, Russian","English, Russian",GSC Game World,GSC World Publishing,"2, 1, 49, 36, 37, 44, 62","Single-player, Multi-player, PvP, Online PvP, Shared/Split Screen PvP, Remote Play Together, Family Sharing",2,Strategy
4900,Zen of Sudoku,https://shared.akamai.steamstatic.com/store_item_assets/steam/apps/4900/header.jpg?t=1659427988,https://unknownworlds.com/games/,2006-12-14,True,0.0,,"From the creators of Natural Selection comes Zen of Sudoku, a relaxing, easy to play version of Sudoku for your PC.Relax with hand-painted Japanese-styled backgrounds, no timer and lush natural soundscapes.Stimulates your brain to keep it healthy and alert.Teaches you the basics of Sudoku through advanced strategies like ""naked pairs"", ""x-wing"" and ""locked candidates"".Play unlimited puzzles, print them to finish offline and enter custom puzzles from other sources.Unlock trophies, backgrounds and more.This product includes portions of the PopCap Games Framework.","From the creators of Natural Selection comes Zen of Sudoku, a relaxing, easy to play version of Sudoku for your PC.Relax with hand-painted Japanese-styled backgrounds, no timer and lush natural soundscapes.Stimulates your brain to keep it healthy and alert.","From the creators of Natural Selection comes Zen of Sudoku, a relaxing, easy to play version of Sudoku for your PC.Relax with hand-painted Japanese-styled backgrounds, no timer and lush natural soundscapes.Stimulates your brain to keep it healthy and alert.Teaches you the basics of Sudoku through advanced strategies like ""naked pairs"", ""x-wing"" and ""locked candidates"".Play unlimited puzzles, print them to finish offline and enter custom puzzles from other sources.Unlock trophies, backgrounds and more.This product includes portions of the PopCap Games Framework.",0,0,101,True,False,False,,,,,English,,Unknown Worlds Entertainment,Unknown Worlds Entertainment,"2, 62","Single-player, Family Sharing","4, 23","Casual, Indie"
4920,Natural Selection 2,https://shared.akamai.steamstatic.com/store_item_assets/steam/apps/4920/header.jpg?t=1747384807,http://www.naturalselection2.com,2012-10-30,False,4.99,EUR,"Natural Selection 2 pits alien against human in an action-packed struggle for survival. Wield devastating weaponry as a Frontiersman marine, or become the xenomorph as a deadly Kharaa lifeform. Strategy Meets ShooterNatural Selection 2 is a First Person Shooter and Real Time Stategy game rolled into one! Each team, alien and human, has a Commander. The Commander looks down on the battlefield and issues orders, places structures, collects resources, researches technology, and deploys abilities. Here are some gameplay examples: A human Commander could drop health packs and ammunition to a trapped marine squad, and deploy sentry guns to help them defend their position. Or an alien Commander could grow a new Hive to spread infestation throughout newly captured territory, allowing more alien eggs to spawn...Two Unique SidesAliens players choose to evolve into one of five lifeforms: The fast, fearsome Skulk can run on walls and deliver massive damage with its jaws. Lerks fly and deploy gasses to support their teammates in battle. Gorges heal other lifeforms and build tunnels, hydra turrets, walls, and other tactical structures. Fades blink in and out of battle, picking off marines with giant scythes. Finally, the giant Onos is so massive and so tough, that even entire marine squads can't take it down.Marines wield rifles, shotguns, grenade launchers, pistols, and other weapons. Cluster grenades can clear ventilation shafts of sneaky Skulks, flamethrowers make short work of alien structures and infestation, and boosts dropped by the Commander increase combat effectiveness. When attacking on foot doesn't cut it, marines can construct hulking Exosuits wielding miniguns and railguns, and equip jetpacks for high speed assaults on alien Hives.Long Term DevelopmentNatural Selection 2 receives constant updates. This year, 2019, Unknown Worlds continues to develop new features, content, and improvements.Mod Tools Come StandardNatural Selection 2 comes with all the tools we used to make the game. All game code is open source. That means you can create, and play, an endless variety of mods. Publish, share, and download mods from the Steam Workshop, and automatically download mods when you join modded games.Digital Deluxe EditionDigital Deluxe Edition includes:Official Soundtrack - 1 hour of tribal, industrial music composed by David John and Simon Chylinski Digital Art Book - 40+ pages of art by Cory Strader, including environments, creatures, weapons and moreExclusive in-game marine model - Exclusive in-game marine model - A new marine model with custom visor and armor platingExclusive Wallpapers and Avatars - Unique views of the NS2 universe by Amanda Diaz",A fast paced multiplayer shooter that pits aliens against humans in a strategic and action-packed struggle for survival!,"Natural Selection 2 pits alien against human in an action-packed struggle for survival. Wield devastating weaponry as a Frontiersman marine, or become the xenomorph as a deadly Kharaa lifeform. Strategy Meets ShooterNatural Selection 2 is a First Person Shooter and Real Time Stategy game rolled into one! Each team, alien and human, has a Commander. The Commander looks down on the battlefield and issues orders, places structures, collects resources, researches technology, and deploys abilities. Here are some gameplay examples: A human Commander could drop health packs and ammunition to a trapped marine squad, and deploy sentry guns to help them defend their position. Or an alien Commander could grow a new Hive to spread infestation throughout newly captured territory, allowing more alien eggs to spawn...Two Unique SidesAliens players choose to evolve into one of five lifeforms: The fast, fearsome Skulk can run on walls and deliver massive damage with its jaws. Lerks fly and deploy gasses to support their teammates in battle. Gorges heal other lifeforms and build tunnels, hydra turrets, walls, and other tactical structures. Fades blink in and out of battle, picking off marines with giant scythes. Finally, the giant Onos is so massive and so tough, that even entire marine squads can't take it down.Marines wield rifles, shotguns, grenade launchers, pistols, and other weapons. Cluster grenades can clear ventilation shafts of sneaky Skulks, flamethrowers make short work of alien structures and infestation, and boosts dropped by the Commander increase combat effectiveness. When attacking on foot doesn't cut it, marines can construct hulking Exosuits wielding miniguns and railguns, and equip jetpacks for high speed assaults on alien Hives.Long Term DevelopmentNatural Selection 2 receives constant updates. This year, 2019, Unknown Worlds continues to develop new features, content, and improvements.Mod Tools Come StandardNatural Selection 2 comes with all the tools we used to make the game. All game code is open source. That means you can create, and play, an endless variety of mods. Publish, share, and download mods from the Steam Workshop, and automatically download mods when you join modded games.Digital Deluxe EditionDigital Deluxe Edition includes:Official Soundtrack - 1 hour of tribal, industrial music composed by David John and Simon Chylinski Digital Art Book - 40+ pages of art by Cory Strader, including environments, creatures, weapons and moreExclusive in-game marine model - Exclusive in-game marine model - A new marine model with custom visor and armor platingExclusive Wallpapers and Avatars - Unique views of the NS2 universe by Amanda Diaz",10,137,8625,True,False,False,80,https://www.metacritic.com/game/pc/natural-selection-2?ftag=MCD-06-10aaa1f,https://support.krafton.com,,"English, French, German, Spanish - Spain, Polish, Russian, Finnish, Romanian, Swedish, Czech","English, Czech",Unknown Worlds Entertainment,"Unknown Worlds Entertainment, KRAFTON, Inc.","1, 49, 36, 22, 29, 30, 23, 8, 17, 62","Multi-player, PvP, Online PvP, Steam Achievements, Steam Trading Cards, Steam Workshop, Steam Cloud, Valve Anti-Cheat enabled, Includes level editor, Family Sharing","1, 23, 2","Action, Indie, Strategy"
6000,STAR WARS™ Republic Commando™,https://shared.akamai.steamstatic.com/store_item_assets/steam/apps/6000/header.jpg?t=1741729103,http://www.lucasarts.com/,2009-07-08,False,9.75,EUR,"Chaos has erupted throughout the galaxy. As leader of an elite squad of Republic Commandos, your mission is to infiltrate, dominate, and ultimately, annihilate the enemy. Your squad will follow your orders and your lead, working together as a team - instinctively, intelligently, instantly. You are their leader. They are your weapon. Innovative Squad Control System - With intuitive and smart squad commands, the simple touch of one button easily controls your squad to perform complex commands and strategic maneuvers. Multiple Gaming Mode - Choose the single-player option and command a squad of four that you can dispatch at will. Or, choose the multiplayer option and play with up to sixteen players online in different multi-player modes. Prelude to Episode III - Encounter new vehicles, locations and enemies from the upcoming film.","You are the leader of an elite squad of Republic Commandos, your mission is to infiltrate, dominate, and ultimately, annihilate the enemy. Your squad will follow your orders and your lead, working together as a team - instinctively, intelligently, instantly. You are their leader. They are your weapon.","Chaos has erupted throughout the galaxy. As leader of an elite squad of Republic Commandos, your mission is to infiltrate, dominate, and ultimately, annihilate the enemy. Your squad will follow your orders and your lead, working together as a team - instinctively, intelligently, instantly. You are their leader. They are your weapon. Innovative Squad Control System - With intuitive and smart squad commands, the simple touch of one button easily controls your squad to perform complex commands and strategic maneuvers. Multiple Gaming Mode - Choose the single-player option and command a squad of four that you can dispatch at will. Or, choose the multiplayer option and play with up to sixteen players online in different multi-player modes. Prelude to Episode III - Encounter new vehicles, locations and enemies from the upcoming film.",0,0,14624,True,False,False,78,http://www.metacritic.com/game/pc/star-wars-republic-commando,http://help.disney.com/en_US/Star-Wars/Steam,,"English, French, German, Spanish - Spain","English, French, German, Spanish - Spain",LucasArts,"LucasArts, Lucasfilm, Disney","2, 1, 49, 37, 23, 44, 62","Single-player, Multi-player, PvP, Shared/Split Screen PvP, Steam Cloud, Remote Play Together, Family Sharing",1,Action
6010,Indiana Jones® and the Fate of Atlantis™,https://shared.akamai.steamstatic.com/store_item_assets/steam/apps/6010/header.jpg?t=1571778027,http://www.lucasarts.com/,2009-07-08,False,5.89,EUR,"The Man With The Hat Is Back In His Greatest Adventure Yet! 1939 - The eve of World War II. Nazi agents are about to get their hands on a weapon more dangerous than the atom bomb. Only Indy can stop them before they unleash the deadly secret that sank Atlantis. Point 'n’ click your way through fistfights, puzzles, balloon rides, car chases and Indy one-liners. Explore over 200 spectacular locations. Hear LucasArts' exclusive iMUSE create a musical score that follows your every move. Play and replay - three unique challenging paths to vanquish the Reich.",The Man With The Hat Is Back In His Greatest Adventure Yet! 1939 - The eve of World War II. Nazi agents are about to get their hands on a weapon more dangerous than the atom bomb. Only Indy can stop them before they unleash the deadly secret that sank Atlantis.,"The Man With The Hat Is Back In His Greatest Adventure Yet! 1939 - The eve of World War II. Nazi agents are about to get their hands on a weapon more dangerous than the atom bomb. Only Indy can stop them before they unleash the deadly secret that sank Atlantis. Point 'n’ click your way through fistfights, puzzles, balloon rides, car chases and Indy one-liners. Explore over 200 spectacular locations. Hear LucasArts' exclusive iMUSE create a musical score that follows your every move. Play and replay - three unique challenging paths to vanquish the Reich.",0,0,1385,True,True,False,,,https://help.disney.com/en_US/Games/steam,,English,,LucasArts,"LucasArts, Lucasfilm, Disney","2, 23, 62","Single-player, Steam Cloud, Family Sharing",25,Adventure
6020,STAR WARS™ Jedi Knight - Jedi Academy™,https://shared.akamai.steamstatic.com/store_item_assets/steam/apps/6020/header.jpg?t=1741814908,http://www.lucasarts.com,2009-09-16,False,9.75,EUR,"Forge your weapon and follow the path of the JediJedi Knight: Jedi Academy is the latest installment of the highly acclaimed Jedi Knight series. Take on the role of a new student eager to learn the ways of the Force from Jedi Master Luke Skywalker. Interact with famous Star Wars characters in many classic Star Wars locations as you face the ultimate choice: fight for good and freedom on the light side or follow the path of power and evil to the dark side. Customize your character by defining both look and gender before entering the Academy to learn the power-and dangers- of the Force. Construct your own Lightsaber from handle to blade. As you progress, discover the power of wiedling two Lightsabers or the ultimate double-bladed Lightsaber made famous by Darth Maul. New vehicles, weapons, force powers and Star Wars locations. Unique level selection system allows you to choose your own missions and adventures. Six multiplayer modes including team based siege mode and two-on-one power duel. Fight in 23 multiplayer arenas!",Forge your weapon and follow the path of the Jedi Jedi Knight: Jedi Academy is the latest installment of the highly acclaimed Jedi Knight series. Take on the role of a new student eager to learn the ways of the Force from Jedi Master Luke Skywalker.,"Forge your weapon and follow the path of the JediJedi Knight: Jedi Academy is the latest installment of the highly acclaimed Jedi Knight series. Take on the role of a new student eager to learn the ways of the Force from Jedi Master Luke Skywalker. Interact with famous Star Wars characters in many classic Star Wars locations as you face the ultimate choice: fight for good and freedom on the light side or follow the path of power and evil to the dark side. Customize your character by defining both look and gender before entering the Academy to learn the power-and dangers- of the Force. Construct your own Lightsaber from handle to blade. As you progress, discover the power of wiedling two Lightsabers or the ultimate double-bladed Lightsaber made famous by Darth Maul. New vehicles, weapons, force powers and Star Wars locations. Unique level selection system allows you to choose your own missions and adventures. Six multiplayer modes including team based siege mode and two-on-one power duel. Fight in 23 multiplayer arenas!",0,0,11280,True,True,False,81,https://www.metacritic.com/game/pc/star-wars-jedi-knight-jedi-academy?ftag=MCD-06-10aaa1f,http://help.disney.com/en_US/Star-Wars/Steam,,"English, French, German, Spanish - Spain","English, French, German, Spanish - Spain",Raven Software,"LucasArts, Lucasfilm, Disney","2, 1, 49, 36, 37, 18, 23, 44, 62","Single-player, Multi-player, PvP, Online PvP, Shared/Split Screen PvP, Partial Controller Support, Steam Cloud, Remote Play Together, Family Sharing",1,Action
6030,STAR WARS™ Jedi Knight II - Jedi Outcast™,https://shared.akamai.steamstatic.com/store_item_assets/steam/apps/6030/header.jpg?t=1741814017,http://www.lucasarts.com,2009-09-16,False,9.75,EUR,"The Legacy of Star Wars Dark Forces™ and Star Wars® Jedi Knight lives on in the intense first-person action of Jedi Outcast. As Kyle Katarn, agent of the New Republic, use your Lightsaber and the full power of the Force to combat a new evil plaguing the galaxy. Wield over 8 Force abilities including the Jedi Mind Trick, Force Lightning and Force Grip. Choose wisely from an arsenal of 13 weapons including disruptor rifle, thermal detonators, trip mines and Wookiee bowcaster. Play on-line with 2-32 players or against a variety of AI Bots - and gain an additional 7 Force powers. Test your skills in 24 single-player missions and in 6 different types of multiplayer games including Jedi Master, Holocron, Capture the Ysalamiri, Duel, Deathmatch and Capture the Flag. Interact with legendary Star Wars characters such as Luke Skywalker and Lando Calrissian (featuring the voice of Billy Dee Williams as Lando.) Developed by critically acclaimed Raven Studios and powered by the Quake III Arena engine.",The Legacy of Star Wars Dark Forces™ and Star Wars® Jedi Knight lives on in the intense first-person action of Jedi Outcast.,"The Legacy of Star Wars Dark Forces™ and Star Wars® Jedi Knight lives on in the intense first-person action of Jedi Outcast. As Kyle Katarn, agent of the New Republic, use your Lightsaber and the full power of the Force to combat a new evil plaguing the galaxy. Wield over 8 Force abilities including the Jedi Mind Trick, Force Lightning and Force Grip. Choose wisely from an arsenal of 13 weapons including disruptor rifle, thermal detonators, trip mines and Wookiee bowcaster. Play on-line with 2-32 players or against a variety of AI Bots - and gain an additional 7 Force powers. Test your skills in 24 single-player missions and in 6 different types of multiplayer games including Jedi Master, Holocron, Capture the Ysalamiri, Duel, Deathmatch and Capture the Flag. Interact with legendary Star Wars characters such as Luke Skywalker and Lando Calrissian (featuring the voice of Billy Dee Williams as Lando.) Developed by critically acclaimed Raven Studios and powered by the Quake III Arena engine.",0,0,4040,True,True,False,89,https://www.metacritic.com/game/pc/star-wars-jedi-knight-ii-jedi-outcast?ftag=MCD-06-10aaa1f,http://www.lucasarts.com/support/,,"English, French, German, Spanish - Spain, Traditional Chinese","English, French, German, Traditional Chinese",Raven Software,"LucasArts, Lucasfilm, Disney","2, 1, 49, 36, 37, 18, 23, 44, 62","Single-player, Multi-player, PvP, Online PvP, Shared/Split Screen PvP, Partial Controller Support, Steam Cloud, Remote Play Together, Family Sharing",1,Action
6040,The Dig®,https://shared.akamai.steamstatic.com/store_item_assets/steam/apps/6040/header.jpg?t=1542756570,http://www.lucasarts.com/,2009-07-08,False,5.89,EUR,"A DEEP SPACE ADVENTURE BY SEAN CLARK IN COLLABORATION WITH FILMMAKER STEVEN SPIELBERG An asteroid the size of a small moon is on a crash course toward Earth, and only NASA veteran Boston Low has the expertise to stop it. Along for the ride are award-winning journalist Maggie Robbins and internationally renowned geologist Ludger Brink. Once the wayward asteroid is nuked into a safe orbit, the trio conducts a routine examination of the rocky surface. What they uncover is anything but routine. Low, Brink and Robbins unwittingly trigger a mechanism that transforms the asteroid into a crystal-like spacecraft. The team is hurtled across the galaxy to a planet so desolate, Brink is moved to name it Cocytus, after the 9th circle of Hell in Dante’s inferno. The bleak landscape was obviously once home to a highly evolved civilization, with remnants of sophisticated architecture, advanced technology and an intricate network of underground tunnels. But no Cocytans. Who were the original inhabitants of this once rich empire-turned-wasteland? What are those apparitions that mysteriously appear from time to time? Why have Low, Robbins, and Brink been brought to this place? And how can Low keep his team from unraveling in the face of such uncertainty? To return to Earth, they must dig for answers, both on the planet’s surface and deep within themselves. From the combined talents of LucasArts and legendary Steven Spielberg comes an epic adventure that plunges headlong into the very core of the unknown. And takes you with it. Nearly 200 locations and hundreds of puzzles Robert Patrick of T2 as the voice of Boston Low Special effects contributed by Industrial Light & Magic Dialogue contributed by award-winning sci-fi writer Orson Scott Card Alluring Wagnerian musical score sets the epic tone","An asteroid the size of a small moon is on a crash course toward Earth. Once the wayward asteroid is nuked into a safe orbit, a trio conducts a routine examination of the rocky surface. What they uncover is anything but routine.","A DEEP SPACE ADVENTURE BY SEAN CLARK IN COLLABORATION WITH FILMMAKER STEVEN SPIELBERG An asteroid the size of a small moon is on a crash course toward Earth, and only NASA veteran Boston Low has the expertise to stop it. Along for the ride are award-winning journalist Maggie Robbins and internationally renowned geologist Ludger Brink. Once the wayward asteroid is nuked into a safe orbit, the trio conducts a routine examination of the rocky surface. What they uncover is anything but routine. Low, Brink and Robbins unwittingly trigger a mechanism that transforms the asteroid into a crystal-like spacecraft. The team is hurtled across the galaxy to a planet so desolate, Brink is moved to name it Cocytus, after the 9th circle of Hell in Dante’s inferno. The bleak landscape was obviously once home to a highly evolved civilization, with remnants of sophisticated architecture, advanced technology and an intricate network of underground tunnels. But no Cocytans. Who were the original inhabitants of this once rich empire-turned-wasteland? What are those apparitions that mysteriously appear from time to time? Why have Low, Robbins, and Brink been brought to this place? And how can Low keep his team from unraveling in the face of such uncertainty? To return to Earth, they must dig for answers, both on the planet’s surface and deep within themselves. From the combined talents of LucasArts and legendary Steven Spielberg comes an epic adventure that plunges headlong into the very core of the unknown. And takes you with it. Nearly 200 locations and hundreds of puzzles Robert Patrick of T2 as the voice of Boston Low Special effects contributed by Industrial Light & Magic Dialogue contributed by award-winning sci-fi writer Orson Scott Card Alluring Wagnerian musical score sets the epic tone",0,0,1154,True,True,False,,,,,"English, French, Italian, German, Spanish - Spain","English, French, Italian, German, Spanish - Spain",LucasArts,LucasArts,"2, 23, 62","Single-player, Steam Cloud, Family Sharing",25,Adventure
6060,"STAR WARS™ Battlefront II (Classic, 2005)",https://shared.akamai.steamstatic.com/store_item_assets/steam/apps/6060/header.jpg?t=1707697325,http://www.swbattlefront2.com,2009-07-08,False,9.75,EUR,"With brand new space combat, playable Jedi characters, and over 16 all new battlefronts, Star Wars Battlefront II gives you more ways than ever before to play the classic Star Wars battles any way you want. Enhanced Single-Player Experience - Join the rise of Darth Vader’s elite 501st Legion of Stormtroopers as you fight through an all new story-based saga where every action you take impacts the battlefront and, ultimately, the fate of the Star Wars galaxy. All New Classic Trilogy Locations - Fight inside the corridors of the second Death Star, in the marshy swamps of Dagobah, and even aboard the Tantive IV, Princess Leia’s Blockade Runner, as seen at the beginning of Star Wars Episode IV: A New Hope. More Classes and Vehicles - Now choose from six distinct soldier classes, plus bonus hero characters for each of the four factions: Rebels, Imperials, CIS and the Republic. Then jump into more than 30 diverse ground and space vehicles, including the clone BARC speeder, AT-RT and new Jedi Starfighter and ARC 170. PLUS Improved Online Features - Engage in massive online battles with multiplayer action for up to 64 players. Play five different online game modes including Conquest, Assault, one-and two-flag Capture the Flag, and Hunt. Now for the first time, Star Wars Battlefront II lets you… Fight as a Jedi - Earn the ability to wield a lightsaber and use Force powers like Yoda, Darth Vader and many other heroes and villains. Battle in Space - Dogfight in X-wings, TIE fighters, Jedi starfighters and other classic starcraft, or land your ship on a star destroyer and fight it out on foot aboard enemy ships. Play 16 New Locations - Battle across Star Wars: Episode III environments such as Utapau, Mustafar and the epic space battle above Coruscant.","Join the rise of Darth Vader’s elite 501st Legion of Stormtroopers as you fight through an all new story-based saga where every action you take impacts the battlefront and, ultimately, the fate of the Star Wars galaxy.","With brand new space combat, playable Jedi characters, and over 16 all new battlefronts, Star Wars Battlefront II gives you more ways than ever before to play the classic Star Wars battles any way you want. Enhanced Single-Player Experience - Join the rise of Darth Vader’s elite 501st Legion of Stormtroopers as you fight through an all new story-based saga where every action you take impacts the battlefront and, ultimately, the fate of the Star Wars galaxy. All New Classic Trilogy Locations - Fight inside the corridors of the second Death Star, in the marshy swamps of Dagobah, and even aboard the Tantive IV, Princess Leia’s Blockade Runner, as seen at the beginning of Star Wars Episode IV: A New Hope. More Classes and Vehicles - Now choose from six distinct soldier classes, plus bonus hero characters for each of the four factions: Rebels, Imperials, CIS and the Republic. Then jump into more than 30 diverse ground and space vehicles, including the clone BARC speeder, AT-RT and new Jedi Starfighter and ARC 170. PLUS Improved Online Features - Engage in massive online battles with multiplayer action for up to 64 players. Play five different online game modes including Conquest, Assault, one-and two-flag Capture the Flag, and Hunt. Now for the first time, Star Wars Battlefront II lets you… Fight as a Jedi - Earn the ability to wield a lightsaber and use Force powers like Yoda, Darth Vader and many other heroes and villains. Battle in Space - Dogfight in X-wings, TIE fighters, Jedi starfighters and other classic starcraft, or land your ship on a star destroyer and fight it out on foot aboard enemy ships. Play 16 New Locations - Battle across Star Wars: Episode III environments such as Utapau, Mustafar and the epic space battle above Coruscant.",0,0,46367,True,False,False,78,https://www.metacritic.com/game/pc/star-wars-battlefront-ii?ftag=MCD-06-10aaa1f,http://help.starwars.com/,,English,English,Pandemic Studios,"Lucasfilm, LucasArts, Disney","2, 1, 49, 36, 23, 62","Single-player, Multi-player, PvP, Online PvP, Steam Cloud, Family Sharing",1,Action
6080,Thrillville®: Off the Rails™,https://shared.akamai.steamstatic.com/store_item_assets/steam/apps/6080/header.jpg?t=1757539645,http://www.lucasarts.com/games/thrillvilleofftherails/,2009-07-08,False,9.75,EUR,"Thrillville™: Off the Rails lives up to its name with 20 death-defying rides so outrageous, they inspire the same word from every park visitor who sees them: “WHOA!” Players build these incredible “WHOA Coasters” to leap from one track to another, launch through the air like cannonballs, blast through a burning ring of fire and more. But the new fun doesn’t stop there. Off the Rails features 34 playable multiplayer minigames, 15 all-new theme areas, over 40 thrill rides, a new story that ties together more than 100 missions, and social interaction with park guests that’s better than ever. The in-depth conversations both advance the plot and suggest better ways to manage the park. But is every guest to be trusted? Experience the visceral fun of interacting with a theme park you create. Build and ride your own creations, talk and joke with all your guests, and play dozens of minigames. Visit 15 themed areas, like Battleville, Winterville, Spaceville and Aeroville, all spread throughout five new parks. Create 20 death-defying WHOA Coasters such as: Hotrod Stunt - A nitro boost propels a car across a broken track. Pendulizer - A giant arm grabs the car just before a gap in the track, whips it around in a full circle, then sets it down on the other side. Escape Drop - The track holds the car stationary as it lifts itself from level ground to a full 90-degree drop. Then it lets go. Distinguish your rides even more with enhanced customization options. Attach animatronics, flowers and flaming hoops to all of your coasters and rides. Play 34 minigames – 14 new, 20 returning from the original Thrillville but with new levels.","Thrillville™: Off the Rails lives up to its name with 20 death-defying rides! Players can build incredible coasters to leap from one track to another, launch through the air like cannonballs, blast through a burning rings of fire and more!","Thrillville™: Off the Rails lives up to its name with 20 death-defying rides so outrageous, they inspire the same word from every park visitor who sees them: “WHOA!” Players build these incredible “WHOA Coasters” to leap from one track to another, launch through the air like cannonballs, blast through a burning ring of fire and more. But the new fun doesn’t stop there. Off the Rails features 34 playable multiplayer minigames, 15 all-new theme areas, over 40 thrill rides, a new story that ties together more than 100 missions, and social interaction with park guests that’s better than ever. The in-depth conversations both advance the plot and suggest better ways to manage the park. But is every guest to be trusted? Experience the visceral fun of interacting with a theme park you create. Build and ride your own creations, talk and joke with all your guests, and play dozens of minigames. Visit 15 themed areas, like Battleville, Winterville, Spaceville and Aeroville, all spread throughout five new parks. Create 20 death-defying WHOA Coasters such as: Hotrod Stunt - A nitro boost propels a car across a broken track. Pendulizer - A giant arm grabs the car just before a gap in the track, whips it around in a full circle, then sets it down on the other side. Escape Drop - The track holds the car stationary as it lifts itself from level ground to a full 90-degree drop. Then it lets go. Distinguish your rides even more with enhanced customization options. Attach animatronics, flowers and flaming hoops to all of your coasters and rides. Play 34 minigames – 14 new, 20 returning from the original Thrillville but with new levels.",0,0,812,True,False,False,70,https://www.metacritic.com/game/pc/thrillville-off-the-rails?ftag=MCD-06-10aaa1f,,,"English, French, German, Italian, Spanish - Spain","English, French, German, Italian, Spanish - Spain",Frontier,LucasArts,"2, 1, 49, 37, 9, 39, 24, 18, 23, 44, 62","Single-player, Multi-player, PvP, Shared/Split Screen PvP, Co-op, Shared/Split Screen Co-op, Shared/Split Screen, Partial Controller Support, Steam Cloud, Remote Play Together, Family Sharing","1, 25, 9, 28, 2","Action, Adventure, Racing, Simulation, Strategy"
6100,Eets,https://shared.akamai.steamstatic.com/store_item_assets/steam/apps/6100/b97e6e9de18d08941c872fc73abae7c2dc91ccfe/header.jpg?t=1782411549,http://www.eetsgame.com,2006-12-20,True,0.0,,"Eets may have a cute outer-shell, but its Lemmings meets The Incredible Machine gameplay, crazy characters and over 100 increasingly tricky puzzles quickly sucks in even the most seasoned player.","Eets may have a cute outer-shell, but its Lemmings meets The Incredible Machine gameplay, crazy characters and over 100 increasingly tricky puzzles quickly sucks in even the most seasoned player.","Eets may have a cute outer-shell, but its Lemmings meets The Incredible Machine gameplay, crazy characters and over 100 increasingly tricky puzzles quickly sucks in even the most seasoned player.",0,0,0,True,True,True,81,https://www.metacritic.com/game/pc/eets?ftag=MCD-06-10aaa1f,,,English,,Klei Entertainment,Klei Entertainment,"2, 62","Single-player, Family Sharing","4, 23, 2, 37","Casual, Indie, Strategy, Free To Play"
6120,Shank,https://shared.akamai.steamstatic.com/store_item_assets/steam/apps/6120/header.jpg?t=1781207027,http://www.shankgame.com,2010-10-25,False,9.99,EUR,"Shank is the cult-classic revival of the sidescrolling beat-em-up. Play as Shank in an over-the-top grindhouse game, packed to the rim with enemies, bosses, combos, and more by the award-winning team at Klei Entertainment. The 2D sidescroller beat-em-up is finally on Steamplay, now with improved controls and tuning updates based on popular feedback! Shank will have you shooting and slashing your way through hordes of enemies in a stylized slaughter fest. Embark on a brutal path of blood soaked revenge as Shank battles his way through the criminal underground in his quest for retribution. Boasting fast-paced bloody action, silky smooth controls and a signature pulpy grindhouse art style, Shank is a must-play for action fans.Key Features:Violent graphic novel art style:Beautiful and fluid graphic novel art and animation styled by veteran director Jeff Agala. Weapon-based combo system:String together endless combos of mayhem and destruction on the fly and pummel your opponents to the ground using an exhaustive arsenal of weapons.Gorgeous, fully animated story cinematics:Watch Shanks brutal story unfold through beautiful fully animated cut scenes.Brutal Boss Battles:Over 8 different massive and unique bloody boss battles.Two-Player Local Co-Op:Murder with a friend. Play in a separate backstory in the two-player co-op mode and face a legion of well-armed enemies in the prequel to the single player experience.","Shank is the cult-classic revival of the sidescrolling beat-em-up. Play as Shank in an over-the-top grindhouse game, packed to the rim with enemies, bosses, combos, and more by the award-winning team at Klei Entertainment.","Shank is the cult-classic revival of the sidescrolling beat-em-up. Play as Shank in an over-the-top grindhouse game, packed to the rim with enemies, bosses, combos, and more by the award-winning team at Klei Entertainment. The 2D sidescroller beat-em-up is finally on Steamplay, now with improved controls and tuning updates based on popular feedback! Shank will have you shooting and slashing your way through hordes of enemies in a stylized slaughter fest. Embark on a brutal path of blood soaked revenge as Shank battles his way through the criminal underground in his quest for retribution. Boasting fast-paced bloody action, silky smooth controls and a signature pulpy grindhouse art style, Shank is a must-play for action fans.Key Features:Violent graphic novel art style:Beautiful and fluid graphic novel art and animation styled by veteran director Jeff Agala. Weapon-based combo system:String together endless combos of mayhem and destruction on the fly and pummel your opponents to the ground using an exhaustive arsenal of weapons.Gorgeous, fully animated story cinematics:Watch Shanks brutal story unfold through beautiful fully animated cut scenes.Brutal Boss Battles:Over 8 different massive and unique bloody boss battles.Two-Player Local Co-Op:Murder with a friend. Play in a separate backstory in the two-player co-op mode and face a legion of well-armed enemies in the prequel to the single player experience.",0,12,3025,True,True,True,67,https://www.metacritic.com/game/pc/shank?ftag=MCD-06-10aaa1f,http://support.kleientertainment.com,support@kleientertainment.com,English,English,Klei Entertainment,Klei Entertainment,"2, 1, 24, 22, 28, 23, 43, 44, 62","Single-player, Multi-player, Shared/Split Screen, Steam Achievements, Full controller support, Steam Cloud, Remote Play on TV, Remote Play Together, Family Sharing","1, 23","Action, Indie"
6200,Ghost Master®,https://shared.akamai.steamstatic.com/store_item_assets/steam/apps/6200/header.jpg?t=1759952256,,2006-12-21,False,4.99,EUR,"Grim spectres, howling banshees, and sly gremlins are yours to command as you unleash ghastly spirits on the town of Gravenville and scare the wits out of its citizens. In the world of the Ghost Master, spooks do your bidding, as you solve puzzles and unlock mysteries in a challenge that combines the best of strategy, adventure, and resource management games. Up to 15 unique, hair-raising adventures with multi-branching scenarios - all within a coherent plot and complete virtual world. Spook's-eye view - an innovative 3-D camera lets you view the action from the perspective of humans or ghosts. Revolutionary special effects, incredibly detailed characters, and macabre settings inspired by classic horror films. Groundbreaking artificial intelligence-interact with up to 30 AI-driven characters at every level. Eleven expansive and distinctive locations, including the town's lunatic asylum, military base, sorority and frat houses, and police station.Ghost Master © 2003 Empire Interactive Europe Ltd. Developed by Sick Puppies, a studio of Empire Interactive. Europe Ltd. Ghost Master, Empire and ""E"" are trademarks or registered trademarks of Empire Interactive. Europe Ltd. in the UK, Europe and/or other countries. All rights reserved.","Grim spectres, howling banshees, and sly gremlins are yours to command as you unleash ghastly spirits on the town of Gravenville and scare the wits out of its citizens. In the world of the Ghost Master, spooks do your bidding, as you solve puzzles and unlock mysteries in a challenge that combines the best of strategy, adventure, and...","Grim spectres, howling banshees, and sly gremlins are yours to command as you unleash ghastly spirits on the town of Gravenville and scare the wits out of its citizens. In the world of the Ghost Master, spooks do your bidding, as you solve puzzles and unlock mysteries in a challenge that combines the best of strategy, adventure, and resource management games. Up to 15 unique, hair-raising adventures with multi-branching scenarios - all within a coherent plot and complete virtual world. Spook's-eye view - an innovative 3-D camera lets you view the action from the perspective of humans or ghosts. Revolutionary special effects, incredibly detailed characters, and macabre settings inspired by classic horror films. Groundbreaking artificial intelligence-interact with up to 30 AI-driven characters at every level. Eleven expansive and distinctive locations, including the town's lunatic asylum, military base, sorority and frat houses, and police station.Ghost Master © 2003 Empire Interactive Europe Ltd. Developed by Sick Puppies, a studio of Empire Interactive. Europe Ltd. Ghost Master, Empire and ""E"" are trademarks or registered trademarks of Empire Interactive. Europe Ltd. in the UK, Europe and/or other countries. All rights reserved.",0,0,1718,True,False,False,81,https://www.metacritic.com/game/pc/ghost-master?ftag=MCD-06-10aaa1f,http://strategyfirst.com/products/support.html,,"English, French, German, Italian, Spanish - Spain",,Sick Puppies,Strategy First,"2, 62","Single-player, Family Sharing",2,Strategy
6210,Vegas: Make It Big™,https://shared.akamai.steamstatic.com/store_item_assets/steam/apps/6210/header.jpg?t=1759941666,http://drstudios.co.uk/games/vegas-make-it-big/,2006-12-21,False,4.99,EUR,"Develop a state-of-the art Las Vegas resort complex, using all the money and management skill you can. Customers on the living, breathing Las Vegas boulevard are Notoriously hard to satisfy - can you win the hearts and wallets of Vegas? Amazing real-time 3D graphics show off your resort to the max. Experience grand panoramic views, or get up close and personal to fine-tune the inside and outside of your perfect Vegas paradise. Fulfill the needs of 5000+ individual guests 500+ vehicles include cars, taxis, limos and helicopters 10 resort styles, inspired by amazing cultures and themes Relaxed attractions provide a welcome break Create a wedding chapel on the spur of the moment Breathtaking rides and attractions User friendly controls make resort construction simple Fully customizable - adjust goals, competition and difficulty Develop not just the outside of your resort, but the inside too Hire and fire staff, based on true-to-life skills and qualities Adjust the stakes in your favor and Make It Big! VEGA$: Make It Big &copy 2003 Empire Interactive Europe Limited. Designed and developed by Deep Red Games Limited. Empire, ""E"" and Make It Big are trademarks or registered trademarks of Empire Interactive Europe Limited in the UK, Europe and/or other countries. All other trademarks and trade names are the property of their respective owners. All rights reserved.","Develop a state-of-the art Las Vegas resort complex, using all the money and management skill you can. Customers on the living, breathing Las Vegas boulevard are Notoriously hard to satisfy - can you win the hearts and wallets of Vegas? Amazing real-time 3D graphics show off your resort to the max.","Develop a state-of-the art Las Vegas resort complex, using all the money and management skill you can. Customers on the living, breathing Las Vegas boulevard are Notoriously hard to satisfy - can you win the hearts and wallets of Vegas? Amazing real-time 3D graphics show off your resort to the max. Experience grand panoramic views, or get up close and personal to fine-tune the inside and outside of your perfect Vegas paradise. Fulfill the needs of 5000+ individual guests 500+ vehicles include cars, taxis, limos and helicopters 10 resort styles, inspired by amazing cultures and themes Relaxed attractions provide a welcome break Create a wedding chapel on the spur of the moment Breathtaking rides and attractions User friendly controls make resort construction simple Fully customizable - adjust goals, competition and difficulty Develop not just the outside of your resort, but the inside too Hire and fire staff, based on true-to-life skills and qualities Adjust the stakes in your favor and Make It Big! VEGA$: Make It Big &copy 2003 Empire Interactive Europe Limited. Designed and developed by Deep Red Games Limited. Empire, ""E"" and Make It Big are trademarks or registered trademarks of Empire Interactive Europe Limited in the UK, Europe and/or other countries. All other trademarks and trade names are the property of their respective owners. All rights reserved.",0,0,137,True,False,False,,,,,English,,Deepred,Strategy First,"2, 62","Single-player, Family Sharing",2,Strategy
6220,FlatOut,https://shared.akamai.steamstatic.com/store_item_assets/steam/apps/6220/header.jpg?t=1765237361,,2007-02-02,False,6.99,EUR,"Drivers thrown across the track, shattered fences, mangled cars, exploding tire walls, and that's just the first corner! Use every trick, shortcut and jump as you battle 7 rivals for the championship.FlatOut delivers a thrilling combination of high-octane racing, smash-em-up demolition derby action and death defying stunts propelling the driver through the windshield!Wreak havoc, as you race on 36 tracks in fully destructible environments. Choose among 16 different upgrade-able cars that take realistic damage, affecting their appearance and drivability.FlatOut features 6 death defying minigames (High Jump, Long Jump, Darts, Bowling, Bullseye, Clown) and 6 destruction arenas and dirt tracks (Demolition Dash, Super Mud Mayhem, Demolition Sandpit, Circle of Eight, Super Roundabout, Crashalley Run).Win all of them, because if you're not the first you're the last! A sophisticated physics engine, enabling ragdoll animations and a very advanced collision model Bonus mini-games including Figure of 8 and Demolition Bowl 36 race tracks with fully destructible environments and 16 badass, customizable cars!",Ram through pile-ups and smash through your windshield as you push racing to the edge! FlatOut™ delivers more heart-stopping thrills than any sane driver can handle!,"Drivers thrown across the track, shattered fences, mangled cars, exploding tire walls, and that's just the first corner! Use every trick, shortcut and jump as you battle 7 rivals for the championship.FlatOut delivers a thrilling combination of high-octane racing, smash-em-up demolition derby action and death defying stunts propelling the driver through the windshield!Wreak havoc, as you race on 36 tracks in fully destructible environments. Choose among 16 different upgrade-able cars that take realistic damage, affecting their appearance and drivability.FlatOut features 6 death defying minigames (High Jump, Long Jump, Darts, Bowling, Bullseye, Clown) and 6 destruction arenas and dirt tracks (Demolition Dash, Super Mud Mayhem, Demolition Sandpit, Circle of Eight, Super Roundabout, Crashalley Run).Win all of them, because if you're not the first you're the last! A sophisticated physics engine, enabling ragdoll animations and a very advanced collision model Bonus mini-games including Figure of 8 and Demolition Bowl 36 race tracks with fully destructible environments and 16 badass, customizable cars!",0,18,5847,True,False,False,72,https://www.metacritic.com/game/pc/flatout?ftag=MCD-06-10aaa1f,http://www.strategyfirst.com/contact-us/,support@strategyfirst.com,"English, French, German, Italian, Spanish - Spain, Czech, Hungarian, Polish, Russian, Simplified Chinese, Traditional Chinese","English, Traditional Chinese","Bugbear Entertainment, ZOOM Platform Media, Jordan Freeman Group",Strategy First,"2, 1, 49, 47, 22, 28, 29, 51, 30, 55, 57, 23, 62","Single-player, Multi-player, PvP, LAN PvP, Steam Achievements, Full controller support, Steam Trading Cards, Steam Workshop, Steam Workshop, DualShock Controller Support, DualSense Controller Support, Steam Cloud, Family Sharing","1, 9, 28","Action, Racing, Simulation"
6250,Making History: The Calm & the Storm,https://shared.akamai.steamstatic.com/store_item_assets/steam/apps/6250/header.jpg?t=1759941835,http://www.making-history.com/,2007-03-13,False,3.99,EUR,"Making History® delivers the open-ended gameplay of strategy-game classics, but with compelling new economic, military, and diplomatic systems and deep research that lets you play with real historical challenges. The game drops you into a rich WWII world where every nation has its own agenda, and where events can turn on a single alliance. Work with your nation's historic strengths and weaknesses. Build up your industry, infrastructure, economy, military. Create alliances. Then reshape your strategy as the world evolves with each turn. Rich WWII world: MAKING HISTORY: The Calm & the Storm includes over 80 nations and 800+ regions. Each nation is given detailed characteristics built on extensive research, including economic and military strengths, diplomatic relations, ideology, and technical advancement. Each region features terrain, infrastructure, resource production and more. You are your Nation: Jump into a world in motion where every nation is pursuing its own agenda, and where events can turn on the breaking of a single alliance. Devise strategies based on your nation's historic strengths and weaknesses' and revise your plans as the world evolves in response to your actions. Play as the United Kingdom, France, Germany, Italy, Japan, the USSR, the United States, or China. Multi-Turn Combat: An innovative combat system allows many approaches to engagements from massive assaults to holding actions. Supplies, reinforcements and geography all affect your battle plan. More Military Options: Use unique unit abilities to blitzkrieg with armor, fight attrition battles with hordes of infantry, decimate enemy industry with strategic bombers, and bomb fleets from a distance with a carrier task force. With scientific research you can unlock more advanced military units, and every unit features a detailed 3D model. Sophisticated World Economy: The game's economic system models the connections between world power and economic strength. Players control trade, aid, industrial development, infrastructure investments, and a deep field of research. Powerful Alliance System: As you make and break alliances, declare war and propose peace, each action affects your relations with other nations, and their willingness to ally with you. If you lack strong allies, you may find other nations are more are more likely to attack. Historic Scenarios: Six scenarios let you start at a crucial historic moment, focus on a specific event, or play the whole war. Scenarios cover the fall of France, Pearl Harbor, the D-Day invasion of Europe, the Sudeten crisis and more, and each is based on detailed research. You can work to succeed where others failed, or take a different path and see what happens. Superb replayability: Each scenario drops you into a different firestorm. Each nation you play presents unique challenges. Everything evolves from your economic and military choices, the alliances you make, and the actions and reactions of the world's other nations. Single and Multiplayer Turn-Based Gameplay: Innovative simultaneous-turn-based play is quick and responsive, and keeps you in control with no waiting. Play with up to eight others in multiplayer mode, using in-game chat to devise joint strategies and secret pacts. Will you be a trusted ally or a backstabbing tyrant? Built for Modding: Use included Scenario Editor to modify scenarios or create your own.","Making History® delivers the open-ended gameplay of strategy-game classics, but with compelling new economic, military, and diplomatic systems and deep research that lets you play with real historical challenges.","Making History® delivers the open-ended gameplay of strategy-game classics, but with compelling new economic, military, and diplomatic systems and deep research that lets you play with real historical challenges. The game drops you into a rich WWII world where every nation has its own agenda, and where events can turn on a single alliance. Work with your nation's historic strengths and weaknesses. Build up your industry, infrastructure, economy, military. Create alliances. Then reshape your strategy as the world evolves with each turn. Rich WWII world: MAKING HISTORY: The Calm & the Storm includes over 80 nations and 800+ regions. Each nation is given detailed characteristics built on extensive research, including economic and military strengths, diplomatic relations, ideology, and technical advancement. Each region features terrain, infrastructure, resource production and more. You are your Nation: Jump into a world in motion where every nation is pursuing its own agenda, and where events can turn on the breaking of a single alliance. Devise strategies based on your nation's historic strengths and weaknesses' and revise your plans as the world evolves in response to your actions. Play as the United Kingdom, France, Germany, Italy, Japan, the USSR, the United States, or China. Multi-Turn Combat: An innovative combat system allows many approaches to engagements from massive assaults to holding actions. Supplies, reinforcements and geography all affect your battle plan. More Military Options: Use unique unit abilities to blitzkrieg with armor, fight attrition battles with hordes of infantry, decimate enemy industry with strategic bombers, and bomb fleets from a distance with a carrier task force. With scientific research you can unlock more advanced military units, and every unit features a detailed 3D model. Sophisticated World Economy: The game's economic system models the connections between world power and economic strength. Players control trade, aid, industrial development, infrastructure investments, and a deep field of research. Powerful Alliance System: As you make and break alliances, declare war and propose peace, each action affects your relations with other nations, and their willingness to ally with you. If you lack strong allies, you may find other nations are more are more likely to attack. Historic Scenarios: Six scenarios let you start at a crucial historic moment, focus on a specific event, or play the whole war. Scenarios cover the fall of France, Pearl Harbor, the D-Day invasion of Europe, the Sudeten crisis and more, and each is based on detailed research. You can work to succeed where others failed, or take a different path and see what happens. Superb replayability: Each scenario drops you into a different firestorm. Each nation you play presents unique challenges. Everything evolves from your economic and military choices, the alliances you make, and the actions and reactions of the world's other nations. Single and Multiplayer Turn-Based Gameplay: Innovative simultaneous-turn-based play is quick and responsive, and keeps you in control with no waiting. Play with up to eight others in multiplayer mode, using in-game chat to devise joint strategies and secret pacts. Will you be a trusted ally or a backstabbing tyrant? Built for Modding: Use included Scenario Editor to modify scenarios or create your own.",0,0,554,True,False,False,70,https://www.metacritic.com/game/pc/making-history-the-calm-and-the-storm?ftag=MCD-06-10aaa1f,,,English,,Muzzy Lane,Strategy First,"2, 1, 62","Single-player, Multi-player, Family Sharing","1, 2","Action, Strategy"
6270,Ducati World Championship,https://shared.akamai.steamstatic.com/store_item_assets/steam/apps/6270/header.jpg?t=1759941771,http://www.artematica.com/index.php?lang=en&amp;sezione=gamesdetails&amp;idGame=3,2007-09-21,False,3.99,EUR,"Feel the rush of motorcycle racing with Ducati World Championship. Select your machine from over 70 original Ducati models, perfectly simulated replicas of the real thing. With Ducati World Championship you don't have to settle on one model - you can have them all! Ducati World Championship features more than 70 superbly modeled motorbikes from 4 different categories &#151; Classics, Sports, Road and Grand Prix. There are over 34 exciting circuits to race on with an incredible amount of extras to unlock. A 360-degree view into the world of motorcycle racing enables players to be a pilot racing in the amateur, semi professional and professional racing classes, intent on reaching the Superbike and the Grand World Championship. Play against your friends in split-screen multiplayer mode. 60 tournaments in five different game modes. Burn up the track at over 210 MPH on your Ducati Desmosedici Choose from more than 70 motorbikes from four different categories &#151; Classics, Sports, Road and Grand Prix. 34 adrenalin-pumping circuits with a huge amount of unlockable extra content. Varied weather and track conditions with realistic lighting effects Learn how to become a champion rider with Loris' Riding Lessons! Work your way up through the challenging Career Mode with increasingly faster bikes and gorgeous Race Queens! Three different playing modes - arcade, normal and simulation - give you countless options and endless hours of fun!","Feel the rush of motorcycle racing with Ducati World Championship. Select your machine from over 70 original Ducati models, perfectly simulated replicas of the real thing. With Ducati World Championship you don't have to settle on one model - you can have them all!","Feel the rush of motorcycle racing with Ducati World Championship. Select your machine from over 70 original Ducati models, perfectly simulated replicas of the real thing. With Ducati World Championship you don't have to settle on one model - you can have them all! Ducati World Championship features more than 70 superbly modeled motorbikes from 4 different categories &#151; Classics, Sports, Road and Grand Prix. There are over 34 exciting circuits to race on with an incredible amount of extras to unlock. A 360-degree view into the world of motorcycle racing enables players to be a pilot racing in the amateur, semi professional and professional racing classes, intent on reaching the Superbike and the Grand World Championship. Play against your friends in split-screen multiplayer mode. 60 tournaments in five different game modes. Burn up the track at over 210 MPH on your Ducati Desmosedici Choose from more than 70 motorbikes from four different categories &#151; Classics, Sports, Road and Grand Prix. 34 adrenalin-pumping circuits with a huge amount of unlockable extra content. Varied weather and track conditions with realistic lighting effects Learn how to become a champion rider with Loris' Riding Lessons! Work your way up through the challenging Career Mode with increasingly faster bikes and gorgeous Race Queens! Three different playing modes - arcade, normal and simulation - give you countless options and endless hours of fun!",0,0,161,True,False,False,35,https://www.metacritic.com/game/pc/ducati-world-championship?ftag=MCD-06-10aaa1f,,,"English, French, Spanish - Spain",,Artematica Entertainment,Strategy First,"2, 1, 62","Single-player, Multi-player, Family Sharing",9,Racing
6300,Dreamfall: The Longest Journey,https://shared.akamai.steamstatic.com/store_item_assets/steam/apps/6300/header.jpg?t=1592476034,http://www.dreamfall.com/,2007-01-12,False,19.99,EUR,"Dreamfall: The Longest Journey, winner of multiple E3 awards as the best game in its genre, is the continuation of a saga that began in the award-winning The Longest Journey, considered to be one of the finest adventure games ever made. In Dreamfall, players are taken on an epic journey of exploration and adventure as they venture through a thrilling and emotional storyline. Dreamfall features a fully interactive world where beautiful music, stunning graphics, fascinating characters and unparalleled gameplay variety promises to bring the adventure genre into a new era. Prepare for a spiritual, fantastic and powerful gaming experience. Unparalleled Gameplay Variety Never before has an adventure game brought this much gameplay variety! Use your brains or your brawn; sneak, fight or talk your way through the many challenges the game offers. Be polite or rude, threaten or sweet talk; in Dreamfall you make the choice, resulting in a game where you never quite know what to expect next. Three Playable Characters Experience the story from three separate perspectives, and learn how their destinies blend together in an epic finale. Each character has unique abilities and world views, giving you constant gameplay variations. Three Worlds Dreamfall spans three beautifully realized worlds, multiple chapters and a stunning amount of detailed locations. Travel across a futuristic version of our earth, journey into a magical fantasy realm and unravel the mysteries of the Winter. Unique World Interaction Bridging the gap between the classic point and click adventure game, where you could click on any given point at the screen, and the action adventure, where you need to move up to an object to interact with it, Dreamfall introduces the brand new focus field feature. In this easy-to-use context-sensitive interface you can scan your entire visible environment as seen by the characters, and use it to get information on far away objects as well as triggering remote gameplay opportunities. Mature ""Thriller""-type Storyline Dreamfall delivers a mature and compelling storyline that mixes the futuristic, fantastic and spiritual with a tale of murder, deceit and a conspiracy threatening our very existence. Bringing the classic adventure game into the world of the modern action game, Dreamfall delivers a rare and special story experience. Stunning Sounds and Soundtrack Listen to an emotional and epic soundtrack in 7.1 surround. Hear gripping voices as recorded by more than 50 professional actors, and enjoy soundscapes bringing players to the edge of their seats. A game for everyone 50% of the players of the original The Longest Journey were women. With its cinematic approach, believable characters, mature storyline and easy-to- grasp interface, Dreamfall is a game that any teenager or adult can pick up and enjoy, regardless of their gaming background.","Dreamfall: The Longest Journey, winner of multiple E3 awards as the best game in its genre, is the continuation of a saga that began in the award-winning The Longest Journey, considered to be one of the finest adventure games ever made.","Dreamfall: The Longest Journey, winner of multiple E3 awards as the best game in its genre, is the continuation of a saga that began in the award-winning The Longest Journey, considered to be one of the finest adventure games ever made. In Dreamfall, players are taken on an epic journey of exploration and adventure as they venture through a thrilling and emotional storyline. Dreamfall features a fully interactive world where beautiful music, stunning graphics, fascinating characters and unparalleled gameplay variety promises to bring the adventure genre into a new era. Prepare for a spiritual, fantastic and powerful gaming experience. Unparalleled Gameplay Variety Never before has an adventure game brought this much gameplay variety! Use your brains or your brawn; sneak, fight or talk your way through the many challenges the game offers. Be polite or rude, threaten or sweet talk; in Dreamfall you make the choice, resulting in a game where you never quite know what to expect next. Three Playable Characters Experience the story from three separate perspectives, and learn how their destinies blend together in an epic finale. Each character has unique abilities and world views, giving you constant gameplay variations. Three Worlds Dreamfall spans three beautifully realized worlds, multiple chapters and a stunning amount of detailed locations. Travel across a futuristic version of our earth, journey into a magical fantasy realm and unravel the mysteries of the Winter. Unique World Interaction Bridging the gap between the classic point and click adventure game, where you could click on any given point at the screen, and the action adventure, where you need to move up to an object to interact with it, Dreamfall introduces the brand new focus field feature. In this easy-to-use context-sensitive interface you can scan your entire visible environment as seen by the characters, and use it to get information on far away objects as well as triggering remote gameplay opportunities. Mature ""Thriller""-type Storyline Dreamfall delivers a mature and compelling storyline that mixes the futuristic, fantastic and spiritual with a tale of murder, deceit and a conspiracy threatening our very existence. Bringing the classic adventure game into the world of the modern action game, Dreamfall delivers a rare and special story experience. Stunning Sounds and Soundtrack Listen to an emotional and epic soundtrack in 7.1 surround. Hear gripping voices as recorded by more than 50 professional actors, and enjoy soundscapes bringing players to the edge of their seats. A game for everyone 50% of the players of the original The Longest Journey were women. With its cinematic approach, believable characters, mature storyline and easy-to- grasp interface, Dreamfall is a game that any teenager or adult can pick up and enjoy, regardless of their gaming background.",0,0,1085,True,False,False,75,https://www.metacritic.com/game/pc/dreamfall-the-longest-journey?ftag=MCD-06-10aaa1f,,,English,,Funcom,Funcom,"2, 62","Single-player, Family Sharing","25, 3","Adventure, RPG"
6310,The Longest Journey,https://shared.akamai.steamstatic.com/store_item_assets/steam/apps/6310/header.jpg?t=1675333329,http://www.longestjourney.com,2007-05-01,False,9.99,EUR,"The Longest Journey is an amazing graphical adventure, where the player controls the protagonist, April Ryan, on her journey between parallel universes. Embark on an exciting and original journey of discovery, where you will explore, solve puzzles, meet new people, face terrifying monsters, learn, grow, and live the adventure of a lifetime! Over 150 locations spanning two distinct and detailed worlds More than 70 speaking characters 40+ hours of gameplay 20+ minutes of high-resolution pre-rendered video footage Cinematic musical score","The Longest Journey is an amazing graphical adventure, where the player controls the protagonist, April Ryan, on her journey between parallel universes.","The Longest Journey is an amazing graphical adventure, where the player controls the protagonist, April Ryan, on her journey between parallel universes. Embark on an exciting and original journey of discovery, where you will explore, solve puzzles, meet new people, face terrifying monsters, learn, grow, and live the adventure of a lifetime! Over 150 locations spanning two distinct and detailed worlds More than 70 speaking characters 40+ hours of gameplay 20+ minutes of high-resolution pre-rendered video footage Cinematic musical score",0,0,1882,True,False,False,91,https://www.metacritic.com/game/pc/the-longest-journey?ftag=MCD-06-10aaa1f,,,English,,Funcom,Funcom,"2, 62","Single-player, Family Sharing","1, 25, 3","Action, Adventure, RPG"
6370,Bloodline Champions,https://shared.akamai.steamstatic.com/store_item_assets/steam/apps/6370/header.jpg?t=1769727071,http://www.bloodlinechampions.com,2011-10-28,True,0.0,,"Engage in the most intense and fast paced player vs player action as you take control over one of several different bloodlines, each with their own unique weapons and abilities.Free to play and critically acclaimed, Bloodline Champions is a next generation online multiplayer arena game where skill and team play is the most important factor to win. Every ability requires aiming and can be avoided by enemy players. Join the fight today and experience the unique combination of a top down shooter and a fast paced fighting game together with a healthy amount of RPG elements.Key features: Experience intense, adrenaline-fueled multiplayer battles with thousands of other players. Choose your character from more than twenty bloodlines, each with their own abilities and specialties. From the fire-wielding Igniter to the elusive Ranid Assassin, each offers a unique experience! Earn experience and rise in level to unlock upgrades that will let you customize your bloodline according to your play style! Direct controls, cursor-based aiming, focused characters and an easy-to-learn interface allow you to enjoy Bloodline Champions just minutes into your first battle! Thanks to a robust matchmaking system you will be off onto the fields of battle immediately after joining. Play up to five versus five battles, either with strangers automatically matched to your level or with a team of your best friends!Short and intense battles, focus on player skill, and an elaborate stat-tracking system makes Bloodline Champions perfect for competitive gaming. Vibrant graphics, a unique art style and a superb sound design brings the world of Bloodline Champions to life as you keep yourself busy with dealing out death and destruction.","Bloodline Champions is a Free-to-Play online PvP Arena game where players engage in short, intense battles of up to ten players divided into two teams. Each player takes control over one of several bloodlines, each with their own unique weapons and abilities. Easy to learn, challenging to master.","Engage in the most intense and fast paced player vs player action as you take control over one of several different bloodlines, each with their own unique weapons and abilities.Free to play and critically acclaimed, Bloodline Champions is a next generation online multiplayer arena game where skill and team play is the most important factor to win. Every ability requires aiming and can be avoided by enemy players. Join the fight today and experience the unique combination of a top down shooter and a fast paced fighting game together with a healthy amount of RPG elements.Key features: Experience intense, adrenaline-fueled multiplayer battles with thousands of other players. Choose your character from more than twenty bloodlines, each with their own abilities and specialties. From the fire-wielding Igniter to the elusive Ranid Assassin, each offers a unique experience! Earn experience and rise in level to unlock upgrades that will let you customize your bloodline according to your play style! Direct controls, cursor-based aiming, focused characters and an easy-to-learn interface allow you to enjoy Bloodline Champions just minutes into your first battle! Thanks to a robust matchmaking system you will be off onto the fields of battle immediately after joining. Play up to five versus five battles, either with strangers automatically matched to your level or with a team of your best friends!Short and intense battles, focus on player skill, and an elaborate stat-tracking system makes Bloodline Champions perfect for competitive gaming. Vibrant graphics, a unique art style and a superb sound design brings the world of Bloodline Champions to life as you keep yourself busy with dealing out death and destruction.",3,0,0,True,False,False,79,https://www.metacritic.com/game/pc/bloodline-champions?ftag=MCD-06-10aaa1f,http://bloodlinechampions.com/support/,support@stunlockstudios.com,"English, French, German, Spanish - Spain",,Stunlock Studios,Stunlock Studios,"2, 1, 20","Single-player, Multi-player, MMO","1, 37, 29","Action, Free To Play, Massively Multiplayer"
6400,Joint Task Force,https://shared.akamai.steamstatic.com/store_item_assets/steam/apps/6400/header.jpg?t=1447350970,http://www.jointtaskforce.com/,2007-03-27,False,6.59,EUR,"Joint Task Force is the real-time strategy (RTS) game where you command the frontline forces in tomorrow's most hazardous conflicts. Lead twenty dramatic missions in explosive war-zones including the Middle East, Central Asia, and the Balkans. Experience the evolution of warfare firsthand as you bring superior tactics and military technology to bear against dangerous and unconventional forces. No game has been so gritty or immediate. Use the principle of combined arms to your maximum advantage. All battlefield units - including infantry, tanks, artillery, reconnaissance and helicopters - are strongest when used together. Your men's lives depend on your level-headed strategy. Elaborate story line, 5 campaigns and 1 tutorial Manipulate media and civilians Invest in your heroes; take them to the next mission News channel which provides background information and live coverage of battle Satellite recon at your disposal Several terrain types: Desert, Winter Valley, Rocky Mountain, Jungle and Cave Realistic physics for units and buildings Dynamic weather with effect on game flow Destructable terrain objects Multiplayer modes include: Domination, Deathmatch and Cooperative mode Campaign playable in multiplayer Multiplayer modes will be able to handle 8 players over LAN and internet. With a brand new multiplayer mode.","Joint Task Force is the real-time strategy (RTS) game where you command the frontline forces in tomorrow's most hazardous conflicts. Lead twenty dramatic missions in explosive war-zones including the Middle East, Central Asia, and the Balkans.","Joint Task Force is the real-time strategy (RTS) game where you command the frontline forces in tomorrow's most hazardous conflicts. Lead twenty dramatic missions in explosive war-zones including the Middle East, Central Asia, and the Balkans. Experience the evolution of warfare firsthand as you bring superior tactics and military technology to bear against dangerous and unconventional forces. No game has been so gritty or immediate. Use the principle of combined arms to your maximum advantage. All battlefield units - including infantry, tanks, artillery, reconnaissance and helicopters - are strongest when used together. Your men's lives depend on your level-headed strategy. Elaborate story line, 5 campaigns and 1 tutorial Manipulate media and civilians Invest in your heroes; take them to the next mission News channel which provides background information and live coverage of battle Satellite recon at your disposal Several terrain types: Desert, Winter Valley, Rocky Mountain, Jungle and Cave Realistic physics for units and buildings Dynamic weather with effect on game flow Destructable terrain objects Multiplayer modes include: Domination, Deathmatch and Cooperative mode Campaign playable in multiplayer Multiplayer modes will be able to handle 8 players over LAN and internet. With a brand new multiplayer mode.",0,0,276,True,False,False,68,https://www.metacritic.com/game/pc/joint-task-force?ftag=MCD-06-10aaa1f,,,"English, French, German, Italian, Spanish - Spain",,Most Wanted Entertainment,HD Publishing,"2, 1, 9, 24, 44, 62","Single-player, Multi-player, Co-op, Shared/Split Screen, Remote Play Together, Family Sharing","1, 2","Action, Strategy"
6420,Nexus - The Jupiter Incident,https://shared.akamai.steamstatic.com/store_item_assets/steam/apps/6420/header.jpg?t=1786442155,,2007-07-03,False,9.99,EUR,"At the dawn of the 22nd century, the conquest of space and the colonization of the solar system is being monopolized by several huge and ambitious mega-corporations. Although extremely delicate and vulnerable, a balance is maintained by these companies. At the very edge of the solar system the companies make a discovery which will shift the technological advantage and upset the balance. And so a new conflict is born: ""The Jupiter Incident"".Nexus - The Jupiter Incident is a real-time mission-based tactical space game featuring spectacular real time battles and breathtaking motion picture quality. Focus on tactics and action as you control up to a dozen battleships encountering aliens, unknown solar systems and astrophysical phenomena in your struggle to save Earth. Are you ready to take on the challenge?Epic campaign with 6 episodes and more than 26 thrilling missionsDiverse mission types: espionage, fight, stealth, sabotage, rescue, science, etc.Control up to 10 extremely detailed, customizable spaceships from basic to simulation level6 different alien species with race-specific tactics and 30 alien spaceships More than 50 unique characters and 90 different weapons and devices Flexible starmap system: animated map objects, light flares, etc. Zoom in on more than 350 planets, moons, comets, etc. in a fully 3D environmentPlanet movement based on real physics","Ambitious megacorporations monopolize the conquest of space and the colonization of the solar system. At the very edge of the solar system, the companies make a discovery that will shift the technological advantage and upset the balance. And so a new conflict is born: ""The Jupiter Incident.""","More from HandyGamesAbout the GameAt the dawn of the 22nd century, the conquest of space and the colonization of the solar system is being monopolized by several huge and ambitious mega-corporations. Although extremely delicate and vulnerable, a balance is maintained by these companies. At the very edge of the solar system the companies make a discovery which will shift the technological advantage and upset the balance. And so a new conflict is born: ""The Jupiter Incident"".Nexus - The Jupiter Incident is a real-time mission-based tactical space game featuring spectacular real time battles and breathtaking motion picture quality. Focus on tactics and action as you control up to a dozen battleships encountering aliens, unknown solar systems and astrophysical phenomena in your struggle to save Earth. Are you ready to take on the challenge?Epic campaign with 6 episodes and more than 26 thrilling missionsDiverse mission types: espionage, fight, stealth, sabotage, rescue, science, etc.Control up to 10 extremely detailed, customizable spaceships from basic to simulation level6 different alien species with race-specific tactics and 30 alien spaceships More than 50 unique characters and 90 different weapons and devices Flexible starmap system: animated map objects, light flares, etc. Zoom in on more than 350 planets, moons, comets, etc. in a fully 3D environmentPlanet movement based on real physics",1,0,986,True,False,False,77,https://www.metacritic.com/game/pc/nexus-the-jupiter-incident?ftag=MCD-06-10aaa1f,,support@quanticlab.com,"English, French, Italian, German, Russian, Hungarian","English, German, Russian, Hungarian",Mithis Games,THQ Nordic Mobile,"2, 1, 17, 62","Single-player, Multi-player, Includes level editor, Family Sharing","23, 28, 2","Indie, Simulation, Strategy"
6510,Lost Planet™: Extreme Condition,https://shared.akamai.steamstatic.com/store_item_assets/steam/apps/6510/header.jpg?t=1709710940,,2007-06-29,False,3.44,EUR,"Driven to the brink of extinction on ice-covered wastelands, humankind fights to survive. Battle to survive against gargantuan alien Akrid and treacherous Snow Pirates on the vast and frozen landscape of EDN III. With no allies at your side, the only thing you can trust is your instincts.Combining a gripping single player campaign and intense multiplayer modes with support for up to 16 players online, Lost Planet is an epic gaming masterpiece. Enormous world maps unfold as players battle across vast snow fields and deserted cities either on foot or in armed, robotic Vital Suits.Key Features:Intense action - A fast-paced third-person shooter with all the depth, intrigue, and intensity of a science fiction classic.Foot and vehicle based gameplay - Command highly powered armed vehicles and weapons, including transformable snow vessels.Vast environments - Snowstorms, arctic winds, towering buildings and mountains of ice are all stunningly realized as battles occur above and below ground, creating a truly immersive and cinematic event of epic proportions.Battle hordes of colossal Akrid.Command heavily armored Vital Suits.Intense 16 multiplayer action.Enhanced DirectX 10 graphics.","Driven to the brink of extinction on ice-covered wastelands, humankind fights to survive. Battle to survive against gargantuan alien Akrid and treacherous Snow Pirates on the vast and frozen landscape of EDN III.","Driven to the brink of extinction on ice-covered wastelands, humankind fights to survive. Battle to survive against gargantuan alien Akrid and treacherous Snow Pirates on the vast and frozen landscape of EDN III. With no allies at your side, the only thing you can trust is your instincts.Combining a gripping single player campaign and intense multiplayer modes with support for up to 16 players online, Lost Planet is an epic gaming masterpiece. Enormous world maps unfold as players battle across vast snow fields and deserted cities either on foot or in armed, robotic Vital Suits.Key Features:Intense action - A fast-paced third-person shooter with all the depth, intrigue, and intensity of a science fiction classic.Foot and vehicle based gameplay - Command highly powered armed vehicles and weapons, including transformable snow vessels.Vast environments - Snowstorms, arctic winds, towering buildings and mountains of ice are all stunningly realized as battles occur above and below ground, creating a truly immersive and cinematic event of epic proportions.Battle hordes of colossal Akrid.Command heavily armored Vital Suits.Intense 16 multiplayer action.Enhanced DirectX 10 graphics.",0,0,1873,True,False,False,66,https://www.metacritic.com/game/pc/lost-planet-extreme-condition?ftag=MCD-06-10aaa1f,,,"English, French, German, Italian, Spanish - Spain, Japanese, Korean","English, Korean","CAPCOM Co., Ltd.",Capcom,"2, 1, 18, 8, 62","Single-player, Multi-player, Partial Controller Support, Valve Anti-Cheat enabled, Family Sharing","1, 25","Action, Adventure"
6600,Bullet Candy,https://shared.akamai.steamstatic.com/store_item_assets/steam/apps/6600/header.jpg?t=1779875793,https://charliemakesthings.com/,2007-02-14,False,5.19,EUR,"Bullet Candy is a fast paced, action packed arena shooter. There are a variety of combo systems and many secret techniques that you can employ to get the best score and weapon upgrades possible. Viewed from a top-down perspective, Bullet Candy allows for a true 360° shoot-em-up experience. With all of your enemies in view at all times it's easy to see and, more importantly, shoot them into tiny little pieces. Features: Bullet Candy features over 50 levels in arcade mode (150 in extend mode) and three challenging difficulty settings.Compete with the thousands of other players around the globe for the top spot with the in-game online high score tables!Tons of unlockables including Survival mode and Asteroid mode (both with their own online score boards).The Suicide Action allows you to kill yourself while keeping your score multipliers and bonus weapons intact.Collect all 20 Steam Achievements","Bullet Candy is a fast paced, action packed arena shooter. There are a variety of combo systems and many secret techniques that you can employ to get the best score and weapon upgrades possible. Viewed from a top-down perspective, Bullet Candy allows for a true 360° shoot-em-up experience.","Bullet Candy is a fast paced, action packed arena shooter. There are a variety of combo systems and many secret techniques that you can employ to get the best score and weapon upgrades possible. Viewed from a top-down perspective, Bullet Candy allows for a true 360° shoot-em-up experience. With all of your enemies in view at all times it's easy to see and, more importantly, shoot them into tiny little pieces. Features: Bullet Candy features over 50 levels in arcade mode (150 in extend mode) and three challenging difficulty settings.Compete with the thousands of other players around the globe for the top spot with the in-game online high score tables!Tons of unlockables including Survival mode and Asteroid mode (both with their own online score boards).The Suicide Action allows you to kill yourself while keeping your score multipliers and bonus weapons intact.Collect all 20 Steam Achievements",0,20,0,True,False,False,,,https://charliemakesthings.com/,charlie@charliemakesthings.com,English,,R C Knight,,"2, 22, 62","Single-player, Steam Achievements, Family Sharing","4, 23","Casual, Indie"
6800,Commandos: Behind Enemy Lines,https://shared.akamai.steamstatic.com/store_item_assets/steam/apps/6800/header.jpg?t=1744213285,,2007-03-15,False,2.24,EUR,"Commandos: Behind Enemy Lines is a real-time tactics game set in World War II that puts you in command of a small squad of elite troopers. Send them behind enemy lines on a series of hazardous missions, and bring them back alive. Clever strategy has never been so furiously action-packed. Study the enemy's movements, develop a careful plan, synchronize your men, and launch them on a swift and fierce attack using all your power and skill.You control 6 individual commandos each with a unique combat skill set.Thwart the German war machine by means of sabotage and tactical genius.Zoomable isometric camera allows for up to 6 simultaneous camera angles.20 missions throughout Europe and Northern Africa.Co-op multiplayer mode on a LAN or over the internet.","Commandos: Behind Enemy Lines is a real-time tactics game set in World War II that puts you in command of a small squad of elite troopers. Send them behind enemy lines on a series of hazardous missions, and bring them back alive.","Commandos: Behind Enemy Lines is a real-time tactics game set in World War II that puts you in command of a small squad of elite troopers. Send them behind enemy lines on a series of hazardous missions, and bring them back alive. Clever strategy has never been so furiously action-packed. Study the enemy's movements, develop a careful plan, synchronize your men, and launch them on a swift and fierce attack using all your power and skill.You control 6 individual commandos each with a unique combat skill set.Thwart the German war machine by means of sabotage and tactical genius.Zoomable isometric camera allows for up to 6 simultaneous camera angles.20 missions throughout Europe and Northern Africa.Co-op multiplayer mode on a LAN or over the internet.",0,0,3504,True,False,False,,,,support@kalypsomedia.com,English,,Pyro Studios,Kalypso Media Digital,"2, 1, 9, 62","Single-player, Multi-player, Co-op, Family Sharing",1,Action
6810,Commandos: Beyond the Call of Duty,https://shared.akamai.steamstatic.com/store_item_assets/steam/apps/6810/header.jpg?t=1744213385,,2007-03-15,False,2.24,EUR,"You have been selected for active service in the Commandos Corps, and must now mobilize in a series of 8 new dangerous missions. You may come with experience of action 'Behind Enemy Lines' or perhaps you are just a rookie - whatever you are, you will be given the opportunity to push your daring and tactical ability to the limit. As the leader of a small elite unit operating deep within enemy territory, you will experience new challenges and goals with these new missions. Plus new vehicles, buildings, weapons and 2 levels of difficulty will satisfy both Commandos veterans and new recruits.Distract and confuse the enemy soldiers by throwing stones and cigarette boxes.Kidnap German soldiers, destroy train-mounted artillery and sabotage prototype aircraft.Eliminate opponents from considerable distance with the Enfield long-range weapon.Two new characters; a female member of the Dutch resistance, and a Major from the Yugoslav Partisan forces.Use ether, handcuffs, a club or your own fists to subdue the enemy.","You have been selected for active service in the Commandos Corps, and must now mobilize in a series of 8 new dangerous missions.","You have been selected for active service in the Commandos Corps, and must now mobilize in a series of 8 new dangerous missions. You may come with experience of action 'Behind Enemy Lines' or perhaps you are just a rookie - whatever you are, you will be given the opportunity to push your daring and tactical ability to the limit. As the leader of a small elite unit operating deep within enemy territory, you will experience new challenges and goals with these new missions. Plus new vehicles, buildings, weapons and 2 levels of difficulty will satisfy both Commandos veterans and new recruits.Distract and confuse the enemy soldiers by throwing stones and cigarette boxes.Kidnap German soldiers, destroy train-mounted artillery and sabotage prototype aircraft.Eliminate opponents from considerable distance with the Enfield long-range weapon.Two new characters; a female member of the Dutch resistance, and a Major from the Yugoslav Partisan forces.Use ether, handcuffs, a club or your own fists to subdue the enemy.",0,0,971,True,False,False,,,,support@kalypsomedia.com,English,,Pyro Studios,Kalypso Media Digital,"2, 1, 9, 62","Single-player, Multi-player, Co-op, Family Sharing",1,Action
6830,Commandos 2: Men of Courage,https://shared.akamai.steamstatic.com/store_item_assets/steam/apps/6830/header.jpg?t=1744213353,,2007-03-15,False,2.24,EUR,"Commandos 2: Men of Courage is a tactical action/strategy game set against the backdrop of World War II. Take control of an elite group of commandos who must venture deep into enemy territory and utilize their combined expertise to complete a series of mission-based objectives. Go covert into new environments based on authentic WWII locations: the heart of the third Reich, a northern European submarine installation, the headquarters of the Japanese army and more.Interact like never before with the environment: steal enemy uniforms and weapons, climb poles, swing from cables, swim, utilize vehicles, and climb in/out of buildings, ships, planes.Control nine commandos: including a green beret, sniper, demolitions expert, seductress, thief, and even a dog.All new 3D engine: rotate the environment 360 degrees, move seamlessly in/out of buildings, submarines, planes and under water, and zoom in/out on the environment.Innovative camera control: simultaneous control of multiple gameplay windows in real time.Authentic WWII scenarios: 10 missions spanning 9 different environments in night and day with realistic weather effects.Multiplayer: Go to war with others in a cooperative multiplayer mode (Multiplayer available in PC version only!).New WWII vehicles and weapons: including jeeps, tanks, trucks, ships, bazookas and flame-throwers.",Commandos 2: Men of Courage is a tactical action/strategy game set against the backdrop of World War II. Take control of an elite group of commandos who must venture deep into enemy territory and utilize their combined expertise to complete a series of mission-based objectives.,"Commandos 2: Men of Courage is a tactical action/strategy game set against the backdrop of World War II. Take control of an elite group of commandos who must venture deep into enemy territory and utilize their combined expertise to complete a series of mission-based objectives. Go covert into new environments based on authentic WWII locations: the heart of the third Reich, a northern European submarine installation, the headquarters of the Japanese army and more.Interact like never before with the environment: steal enemy uniforms and weapons, climb poles, swing from cables, swim, utilize vehicles, and climb in/out of buildings, ships, planes.Control nine commandos: including a green beret, sniper, demolitions expert, seductress, thief, and even a dog.All new 3D engine: rotate the environment 360 degrees, move seamlessly in/out of buildings, submarines, planes and under water, and zoom in/out on the environment.Innovative camera control: simultaneous control of multiple gameplay windows in real time.Authentic WWII scenarios: 10 missions spanning 9 different environments in night and day with realistic weather effects.Multiplayer: Go to war with others in a cooperative multiplayer mode (Multiplayer available in PC version only!).New WWII vehicles and weapons: including jeeps, tanks, trucks, ships, bazookas and flame-throwers.",0,0,2397,True,False,False,87,https://www.metacritic.com/game/pc/commandos-2-men-of-courage?ftag=MCD-06-10aaa1f,,support@kalypsomedia.com,"English, German","English, German",Pyro Studios,Kalypso Media Digital,"2, 1, 9, 62","Single-player, Multi-player, Co-op, Family Sharing",2,Strategy
6840,Commandos 3: Destination Berlin,https://shared.akamai.steamstatic.com/store_item_assets/steam/apps/6840/header.jpg?t=1744213318,,2007-03-15,False,2.24,EUR,"Commandos 3: Destination Berlin is a game of real-time tactics that places you in command of an elite unit of Special Forces behind enemy lines in the European theater of World War II. From the shores of France to the heart of the Third Reich, strike fast from land or sea infiltrating hostile territories and conducting raids to disrupt the German war machine.Engage the enemy across Europe, from the Eastern front of Stalingrad, to the Gestapo Headquarters in Berlin, to the D-Day assault on Omaha Beach, each offering unique tactical situations and more action than ever before in the series.Navigate detailed interior and exterior environments using ambushes, assaults, stealth and sabotage to disrupt enemy advances.Prepare your commandos for a variety of strategies as enemy bombing raids destroy and alter the surrounding environment, requiring you to change your tactics on the fly.Experience WWII warfare head-to-head in a variety of all new deathmatch and cooperative multiplayer modes.Improved accessibility: Commandos 3: Destination Berlin features more detailed, smaller maps providing more action-orientated missions that form part of an overall campaign.",Commandos 3: Destination Berlin is a game of real-time tactics that places you in command of an elite unit of Special Forces behind enemy lines in the European theater of World War II.,"Commandos 3: Destination Berlin is a game of real-time tactics that places you in command of an elite unit of Special Forces behind enemy lines in the European theater of World War II. From the shores of France to the heart of the Third Reich, strike fast from land or sea infiltrating hostile territories and conducting raids to disrupt the German war machine.Engage the enemy across Europe, from the Eastern front of Stalingrad, to the Gestapo Headquarters in Berlin, to the D-Day assault on Omaha Beach, each offering unique tactical situations and more action than ever before in the series.Navigate detailed interior and exterior environments using ambushes, assaults, stealth and sabotage to disrupt enemy advances.Prepare your commandos for a variety of strategies as enemy bombing raids destroy and alter the surrounding environment, requiring you to change your tactics on the fly.Experience WWII warfare head-to-head in a variety of all new deathmatch and cooperative multiplayer modes.Improved accessibility: Commandos 3: Destination Berlin features more detailed, smaller maps providing more action-orientated missions that form part of an overall campaign.",0,0,942,True,False,False,72,https://www.metacritic.com/game/pc/commandos-3-destination-berlin?ftag=MCD-06-10aaa1f,,support@kalypsomedia.com,English,,Pyro Studios,Kalypso Media Digital,"2, 1, 9, 62","Single-player, Multi-player, Co-op, Family Sharing",1,Action
6850,Hitman 2: Silent Assassin,https://shared.akamai.steamstatic.com/store_item_assets/steam/apps/6850/header.jpg?t=1732293077,http://www.hitman.com,2007-03-15,False,0.89,EUR,"Enter the realm of a retired assassin, forced back into action by treason. You may be a hired killer but you still have a sense of loyalty and justice. Visit the dark recesses of a world corrupted by crime, greed, degradation and dishonor. And a past that catches up with you. Trust no one - if the price is right, the finger of your most trusted ally will be on the trigger. Your targets may hide in the most remote areas of the planet, but their destruction is never prevented - only postponed. Learn your trade - master your tools - overcome your obstacles - outsmart your enemies - eliminate your targets. Remember: rash decisions bleed consequences. Know when to strike instantly, know when to take your time. Chance favors the prepared. Failure is not an option. Pick up contracts in exotic locations around the globe: Sicily, St. Petersburg, Japan, Malaysia, and India. Operate in a non-linear world where the outcome of your actions and proficiency as a hitman are measured on a balance between stealth and aggression. Stalk and eliminate your targets up close and personal, in either 1st or 3rd person perspectives. Execute your assignments with a diverse arsenal of equipment, from armor-piercing sniper rifles and explosives to chloroform and poison darts. Acquire and carry weapons and tools from mission to mission through an enhanced inventory and save-game system. Original soundtrack composed by Jesper Kyd and performed by The Budapest Symphony Orchestra.","Enter the realm of a retired assassin, forced back into action by treason. You may be a hired killer but you still have a sense of loyalty and justice. Visit the dark recesses of a world corrupted by crime, greed, degradation and dishonor. And a past that catches up with you.","Enter the realm of a retired assassin, forced back into action by treason. You may be a hired killer but you still have a sense of loyalty and justice. Visit the dark recesses of a world corrupted by crime, greed, degradation and dishonor. And a past that catches up with you. Trust no one - if the price is right, the finger of your most trusted ally will be on the trigger. Your targets may hide in the most remote areas of the planet, but their destruction is never prevented - only postponed. Learn your trade - master your tools - overcome your obstacles - outsmart your enemies - eliminate your targets. Remember: rash decisions bleed consequences. Know when to strike instantly, know when to take your time. Chance favors the prepared. Failure is not an option. Pick up contracts in exotic locations around the globe: Sicily, St. Petersburg, Japan, Malaysia, and India. Operate in a non-linear world where the outcome of your actions and proficiency as a hitman are measured on a balance between stealth and aggression. Stalk and eliminate your targets up close and personal, in either 1st or 3rd person perspectives. Execute your assignments with a diverse arsenal of equipment, from armor-piercing sniper rifles and explosives to chloroform and poison darts. Acquire and carry weapons and tools from mission to mission through an enhanced inventory and save-game system. Original soundtrack composed by Jesper Kyd and performed by The Budapest Symphony Orchestra.",0,0,3735,True,False,False,87,https://www.metacritic.com/game/pc/hitman-2-silent-assassin?ftag=MCD-06-10aaa1f,http://steamcommunity.com/app/6850/discussions/,,English,,Io-Interactive A/S,Io-Interactive A/S,"2, 23, 62","Single-player, Steam Cloud, Family Sharing",1,Action
6860,Hitman: Blood Money,https://shared.akamai.steamstatic.com/store_item_assets/steam/apps/6860/header.jpg?t=1732283123,http://www.hitman.com/,2007-03-15,False,9.75,EUR,"Money Talks. Silence Pays. Prepare to Make a Killing. When assassins from Agent 47's contract agency, The ICA, are eliminated in a series of hits, it seems a larger, more powerful agency has entered the fray. Sensing he may be a target, 47 travels to America, and prepares to make a killing. 'Blood Money' system: the cleaner the 'hit' the more money you receive which can be spent on bribing witnesses and police to reduce your notoriety, weapon customisation, specialist equipment and information. Customisable weapons: modify Agent 47's custom weapons in a variety of ways including sound, recoil, rate of fire, damage, reload speed, accuracy and zoom. Strong narrative: who is wiping out the ICA and what is their motivation? New engine: the world of the assassin has never been so interactive or looked so good! New gameplay techniques: including disarm, distraction, accidents, body disposal, human shield and decoy weapons. New control and camera system: Agent 47 now moves independently of the camera. New moves: Agent 47 can now climb, hide, scale ledges and automatically pass low obstacles. Improved AI: guards will follow blood trails, investigate suspicious items and behaviour. New pathfinder engine provides improved tracking and movement with realistic enemy behaviour and interaction. Soundtrack by BAFTA-winning composer Jesper Kyd.","Money Talks. Silence Pays. Prepare to Make a Killing. When assassins from Agent 47's contract agency, The ICA, are eliminated in a series of hits, it seems a larger, more powerful agency has entered the fray. Sensing he may be a target, 47 travels to America, and prepares to make a killing.","Money Talks. Silence Pays. Prepare to Make a Killing. When assassins from Agent 47's contract agency, The ICA, are eliminated in a series of hits, it seems a larger, more powerful agency has entered the fray. Sensing he may be a target, 47 travels to America, and prepares to make a killing. 'Blood Money' system: the cleaner the 'hit' the more money you receive which can be spent on bribing witnesses and police to reduce your notoriety, weapon customisation, specialist equipment and information. Customisable weapons: modify Agent 47's custom weapons in a variety of ways including sound, recoil, rate of fire, damage, reload speed, accuracy and zoom. Strong narrative: who is wiping out the ICA and what is their motivation? New engine: the world of the assassin has never been so interactive or looked so good! New gameplay techniques: including disarm, distraction, accidents, body disposal, human shield and decoy weapons. New control and camera system: Agent 47 now moves independently of the camera. New moves: Agent 47 can now climb, hide, scale ledges and automatically pass low obstacles. Improved AI: guards will follow blood trails, investigate suspicious items and behaviour. New pathfinder engine provides improved tracking and movement with realistic enemy behaviour and interaction. Soundtrack by BAFTA-winning composer Jesper Kyd.",0,0,13605,True,False,False,82,https://www.metacritic.com/game/pc/hitman-blood-money?ftag=MCD-06-10aaa1f,http://steamcommunity.com/app/6860/discussions/,,English,,Io-Interactive A/S,Io-Interactive A/S,"2, 23, 62","Single-player, Steam Cloud, Family Sharing",1,Action
6870,Battlestations: Midway,https://shared.akamai.steamstatic.com/store_item_assets/steam/apps/6870/header.jpg?t=1592490116,http://www.battlestations.net/,2007-03-15,False,6.99,EUR,"Battlestations: Midway is an immense action game that drops players into massive air, sea, and undersea battles from Pearl Harbor to Midway. Players command massive fleet attacks and take direct, real-time, control of every plane, battleship, and submarine in the battle.Battlestations: Midway's blends intense 3rd-person action with epic, large-scale naval combat and brings to life the great Pacific battles of the World War II. From the chaos of Pearl Harbor, through the Philippines, Java and the Coral Sea all the way to the epic Battle of Midway.Innovative gameplay lets players take direct control of over 60 different warships, planes and submarines from a 3rd-person perspective. Players can instantly switch to and control nearly every vehicle in the battle.The game features 11 large-scale campaigns with 12 bonus challenge missions.FEATURES:Revolutionary gameplay: Experience epic WWII combat from multiple perspectives as you jump between dozens of units, playing as a pilot, a gunner, a submarine captain or even carrier fleet commander.Massive air, sea, and undersea battlefields: Every battle takes place simultaneously in the air, on and under the sea. Movement of your fleet and the individual efforts of any one vehicle is critical to success.Sixty warships: Features the Wildcat and Zero Fighter planes, the Dauntless Divebombers, the B17 and B24 bombers, the USS Lexington and USS Yorktown carriers, and Japan's infamous super battleship, The Yamato.Realism: Cutting-edge graphics bring the Pacific oceans and island chains alive with lush real-world environments, dynamic weather effects and incredibly detailed vehicles and weaponry.Featuring 11 massive campaigns with 12 bonus challenge missions and an immersive storyline.","Battlestations: Midway is an immense action game that drops players into massive air, sea, and undersea battles from Pearl Harbor to the Battle of Midway.","Battlestations: Midway is an immense action game that drops players into massive air, sea, and undersea battles from Pearl Harbor to Midway. Players command massive fleet attacks and take direct, real-time, control of every plane, battleship, and submarine in the battle.Battlestations: Midway's blends intense 3rd-person action with epic, large-scale naval combat and brings to life the great Pacific battles of the World War II. From the chaos of Pearl Harbor, through the Philippines, Java and the Coral Sea all the way to the epic Battle of Midway.Innovative gameplay lets players take direct control of over 60 different warships, planes and submarines from a 3rd-person perspective. Players can instantly switch to and control nearly every vehicle in the battle.The game features 11 large-scale campaigns with 12 bonus challenge missions.FEATURES:Revolutionary gameplay: Experience epic WWII combat from multiple perspectives as you jump between dozens of units, playing as a pilot, a gunner, a submarine captain or even carrier fleet commander.Massive air, sea, and undersea battlefields: Every battle takes place simultaneously in the air, on and under the sea. Movement of your fleet and the individual efforts of any one vehicle is critical to success.Sixty warships: Features the Wildcat and Zero Fighter planes, the Dauntless Divebombers, the B17 and B24 bombers, the USS Lexington and USS Yorktown carriers, and Japan's infamous super battleship, The Yamato.Realism: Cutting-edge graphics bring the Pacific oceans and island chains alive with lush real-world environments, dynamic weather effects and incredibly detailed vehicles and weaponry.Featuring 11 massive campaigns with 12 bonus challenge missions and an immersive storyline.",0,0,860,True,False,False,76,https://www.metacritic.com/game/pc/battlestations-midway?ftag=MCD-06-10aaa1f,,,"English, French, German, Italian, Spanish - Spain",,Eidos Interactive,Square Enix,"2, 62","Single-player, Family Sharing",1,Action
6880,Just Cause,https://shared.akamai.steamstatic.com/store_item_assets/steam/apps/6880/header.jpg?t=1782912503,http://www.eidosinteractive.co.uk/gss/justcause/,2007-03-15,False,6.99,EUR,"Your world...Your rules! In Just Cause, you are a Latin field operative and specialist in regime change backed by top secret US government agency who will overthrow the corrupt government of San Esperito. The rogue South American state is suspected of stockpiling Weapons of Mass Destruction, and it's your mission to negate the threat this poses to world peace. It could be to your advantage that the tropical paradise is about to implode as various factions vie for power - it just needs a gentle nudge in the right direction. Just Cause offers the freedom to tackle your assignments however you want: playing the island's factions against one another, inciting a rebellion among the masses and building alliances with rebel forces and drug cartels. The action takes place in an incredibly detailed game world which consists of over 250,000 acres of mountains, jungles, beaches, cities and villages. The island can be explored by land, sea and air, as you will have at your disposal one of the most varied and exciting array of vehicles ever seen in a video game. Freeform game-play: approach missions in any way you like, or break off from the fight and enjoy exploring the islands. Over 250K acres of land to explore: the largest environment ever seen in a game! Over-the-top Stunts: jump from vehicle-to-vehicle, parasail, skydive and base-jump... Massive selection of vehicles: over 100 of the most varied, exciting array of land, sea and air vehicles ever seen in a video game. Avalanche Engine™: procedurally generated landscape delivers a huge, beautiful, detailed world while eliminating loading times. Wealth of missions: story missions, side-missions, bonus missions and many more; ensuring plenty of action spread throughout the islands. Support team: Sheldon and Kane, two US government secret agents, will provide you with reconnaissance info, extraction and vehicle drops. Fly: The best way to explore San Esperito is by air!",Your world...Your rules!,"JUST CAUSE 4About the GameYour world...Your rules! In Just Cause, you are a Latin field operative and specialist in regime change backed by top secret US government agency who will overthrow the corrupt government of San Esperito. The rogue South American state is suspected of stockpiling Weapons of Mass Destruction, and it's your mission to negate the threat this poses to world peace. It could be to your advantage that the tropical paradise is about to implode as various factions vie for power - it just needs a gentle nudge in the right direction. Just Cause offers the freedom to tackle your assignments however you want: playing the island's factions against one another, inciting a rebellion among the masses and building alliances with rebel forces and drug cartels. The action takes place in an incredibly detailed game world which consists of over 250,000 acres of mountains, jungles, beaches, cities and villages. The island can be explored by land, sea and air, as you will have at your disposal one of the most varied and exciting array of vehicles ever seen in a video game. Freeform game-play: approach missions in any way you like, or break off from the fight and enjoy exploring the islands. Over 250K acres of land to explore: the largest environment ever seen in a game! Over-the-top Stunts: jump from vehicle-to-vehicle, parasail, skydive and base-jump... Massive selection of vehicles: over 100 of the most varied, exciting array of land, sea and air vehicles ever seen in a video game. Avalanche Engine™: procedurally generated landscape delivers a huge, beautiful, detailed world while eliminating loading times. Wealth of missions: story missions, side-missions, bonus missions and many more; ensuring plenty of action spread throughout the islands. Support team: Sheldon and Kane, two US government secret agents, will provide you with reconnaissance info, extraction and vehicle drops. Fly: The best way to explore San Esperito is by air!",0,0,4545,True,False,False,75,https://www.metacritic.com/game/pc/just-cause?ftag=MCD-06-10aaa1f,https://support.eu.square-enix.com/contact.php?id=2149&amp;la=2,,English,,Avalanche Studios,Square Enix,"2, 67, 68, 80, 74, 69, 65, 23, 62","Single-player, Camera Comfort, Custom Volume Controls, #category_playable_at_your_own_pace, Playable without Timed Input, Stereo Sound, Subtitle Options, Steam Cloud, Family Sharing",1,Action
6900,Hitman: Codename 47,https://shared.akamai.steamstatic.com/store_item_assets/steam/apps/6900/header.jpg?t=1732283914,http://www.hitman.com,2007-03-15,False,0.79,EUR,"As the enigmatic Hitman, you must use stealth and tactical problem solving to enter, execute and exit your assignment with minimum attention and maximum effectiveness. For a price, you have access to the most devious devices, but how you use them will determine if you retire as a millionaire or get permanently retired. The Hitman is the world's most accomplished and wealthy assassin; however, he is plagued by a troubling past of deception and genetic butchery. The ingenious story will evolve over five chapters of heart-stopping action. Remember, the world of contract hits rewards a quick intellect more than a quick trigger finger. Features Plan each assignment carefully to account for a variety of weapons, surveillance data, and multiple paths to completion. Sharpen your skills through a comprehensive weapons and agility training session. Access black market weapons, decoys, traps, and personnel from an innovative currency reward system. Artificial intelligence redefines the genre of the ""Thinking Shooter."" Gripping and mature plot driven by stunning cinematic visuals. Ground-breaking 3D engine offers full object physics, deformations, weapons modeling and unsurpassed character animations","As the enigmatic Hitman, you must use stealth and tactical problem solving to enter, execute and exit your assignment with minimum attention and maximum effectiveness. For a price, you have access to the most devious devices, but how you use them will determine if you retire as a millionaire or get permanently retired.","As the enigmatic Hitman, you must use stealth and tactical problem solving to enter, execute and exit your assignment with minimum attention and maximum effectiveness. For a price, you have access to the most devious devices, but how you use them will determine if you retire as a millionaire or get permanently retired. The Hitman is the world's most accomplished and wealthy assassin; however, he is plagued by a troubling past of deception and genetic butchery. The ingenious story will evolve over five chapters of heart-stopping action. Remember, the world of contract hits rewards a quick intellect more than a quick trigger finger. Features Plan each assignment carefully to account for a variety of weapons, surveillance data, and multiple paths to completion. Sharpen your skills through a comprehensive weapons and agility training session. Access black market weapons, decoys, traps, and personnel from an innovative currency reward system. Artificial intelligence redefines the genre of the ""Thinking Shooter."" Gripping and mature plot driven by stunning cinematic visuals. Ground-breaking 3D engine offers full object physics, deformations, weapons modeling and unsurpassed character animations",0,0,4235,True,False,False,73,https://www.metacritic.com/game/pc/hitman-codename-47?ftag=MCD-06-10aaa1f,http://steamcommunity.com/app/6900/discussions/,,"English, French, Italian, German, Spanish - Spain","English, Spanish - Spain",IO Interactive A/S,IO Interactive A/S,"2, 23, 62","Single-player, Steam Cloud, Family Sharing",1,Action
6910,Deus Ex: Game of the Year Edition,https://shared.akamai.steamstatic.com/store_item_assets/steam/apps/6910/a59f78bdeac034d05cd6aec0d0e68b188d242990/header.jpg?t=1779722450,,2007-03-29,False,6.99,EUR,"The year is 2052 and the world is a dangerous and chaotic place. Terrorists operate openly - killing thousands; drugs, disease and pollution kill even more. The world's economies are close to collapse and the gap between the insanely wealthy and the desperately poor grows ever wider. Worst of all, an ages old conspiracy bent on world domination has decided that the time is right to emerge from the shadows and take control.Key Features: Real role-playing from an immersive 3D, first-person perspective. The game includes action, character interaction and problem solving. Realistic, recognizable locations. Many of the locations are built from actual blueprints of real places set in a near future scenario. A game filled with people rather than monsters. This creates empathy with the game characters and enhances the realism of the game world. Rich character development systems: Skills, augmentations, weapon and item selections and multiple solutions to problems ensure that no two players will end the game with similar characters. Multiple solutions to problems and character development choices ensure a varied game experience. Talk, fight or use skills to get past obstacles as the game adapts itself to your style of play. Strong storyline: Built on ""real"" conspiracy theories, current events and expected advancements in technology. If it's in the game, someone, somewhere believes","The year is 2052. The world's economies are close to collapse and the gap between the insanely wealthy and the desperately poor grows ever wider. Worst of all, an ages old conspiracy bent on world domination has decided that the time is right to emerge from the shadows and take control.","The year is 2052 and the world is a dangerous and chaotic place. Terrorists operate openly - killing thousands; drugs, disease and pollution kill even more. The world's economies are close to collapse and the gap between the insanely wealthy and the desperately poor grows ever wider. Worst of all, an ages old conspiracy bent on world domination has decided that the time is right to emerge from the shadows and take control.Key Features: Real role-playing from an immersive 3D, first-person perspective. The game includes action, character interaction and problem solving. Realistic, recognizable locations. Many of the locations are built from actual blueprints of real places set in a near future scenario. A game filled with people rather than monsters. This creates empathy with the game characters and enhances the realism of the game world. Rich character development systems: Skills, augmentations, weapon and item selections and multiple solutions to problems ensure that no two players will end the game with similar characters. Multiple solutions to problems and character development choices ensure a varied game experience. Talk, fight or use skills to get past obstacles as the game adapts itself to your style of play. Strong storyline: Built on ""real"" conspiracy theories, current events and expected advancements in technology. If it's in the game, someone, somewhere believes",0,0,13715,True,False,False,90,https://www.metacritic.com/game/pc/deus-ex?ftag=MCD-06-10aaa1f,https://support.eidosmontreal.com/,,English,,Ion Storm,Eidos Interactive Corp.,"2, 1, 28, 55, 57, 62","Single-player, Multi-player, Full controller support, DualShock Controller Support, DualSense Controller Support, Family Sharing",1,Action
6920,Deus Ex: Invisible War,https://shared.akamai.steamstatic.com/store_item_assets/steam/apps/6920/header.jpg?t=1762984154,,2007-03-29,False,1.74,EUR,"Approximately 20 years after the events depicted in Deus Ex, the world is only beginning to recover from a Catastrophic worldwide depression. In the Chaotic period of recovery, several religious and political factions see an opportunity to re-shape a worldwide government to their agendas, understanding that the right moves now could determine the shape of human society for decades - even centuries - to come. In this techno-nightmare, take part in the dark struggle to raise the world from its own ashes. Dynamic and innovative 1st person-action/adventure brings a level of reality unprecedented in a videogame.Biotech modifications allow players to see through walls, leap 40 feet into the air, regenerate critical body damage or render yourself radar invisible.Globe-hop to real world locations such as Seattle, Antarctica, and Cairo.Cunning stealth gameplay, with darkness and sound affecting enemy awareness.Variable gameplay offers multiple solutions to problems and support for varying stylistic approaches.Non-lethal, non-violent resolution to conflict, allowing players to make ethical statements through their actions. The player's progress through the game is supported by an unprecedented freedom of action by a dynamic, non-linear story with responsive plot branches.","Approximately 20 years after Deus Ex, the world is only beginning to recover from a catastrophic worldwide depression. In this techno-nightmare, take part in the dark struggle to raise the world from its own ashes.","Approximately 20 years after the events depicted in Deus Ex, the world is only beginning to recover from a Catastrophic worldwide depression. In the Chaotic period of recovery, several religious and political factions see an opportunity to re-shape a worldwide government to their agendas, understanding that the right moves now could determine the shape of human society for decades - even centuries - to come. In this techno-nightmare, take part in the dark struggle to raise the world from its own ashes. Dynamic and innovative 1st person-action/adventure brings a level of reality unprecedented in a videogame.Biotech modifications allow players to see through walls, leap 40 feet into the air, regenerate critical body damage or render yourself radar invisible.Globe-hop to real world locations such as Seattle, Antarctica, and Cairo.Cunning stealth gameplay, with darkness and sound affecting enemy awareness.Variable gameplay offers multiple solutions to problems and support for varying stylistic approaches.Non-lethal, non-violent resolution to conflict, allowing players to make ethical statements through their actions. The player's progress through the game is supported by an unprecedented freedom of action by a dynamic, non-linear story with responsive plot branches.",0,0,2192,True,False,False,80,https://www.metacritic.com/game/pc/deus-ex-invisible-war?ftag=MCD-06-10aaa1f,https://support.eidosmontreal.com/,,English,,Ion Storm,Eidos Interactive Corp.,"2, 28, 55, 57, 62","Single-player, Full controller support, DualShock Controller Support, DualSense Controller Support, Family Sharing",1,Action
6980,Thief: Deadly Shadows,https://shared.akamai.steamstatic.com/store_item_assets/steam/apps/6980/header.jpg?t=1700763742,,2007-03-29,False,1.79,EUR,"You are Garrett, the master thief. Rarely seen and never caught, Garrett is the best that ever was. Able to sneak past any guard, pick any lock, and break into the most ingeniously secured residences. Garrett steals from the wealthy and gives to himself, making his living in the dark and foreboding City. Here crime and corruption are commonplace, wealthy nobles prey on the poor and each other, and magic and machinery coexist uneasily. World weary and cynical, Garrett wants nothing more than to be left alone to ply his trade. But things never work out that way. Cutting-edge Action Stealth Gameplay - Hide in the shadows, sneak past the guards, or ambush them from the darkness! Huge Arsenal of Thieves' Tools - Including lock picks, a blackjack, arrows, wall climbing gloves, oil flasks, flash bombs, and a dagger. An Entire City to Explore - Break into any building, mug nobles on the streets, spend your loot, and earn a reputation. Feel like a real thief in a cityscape of unparalleled responsiveness and interactivity. Advanced Artificial Intelligence - AI guards that see and hear, track evidence and suspiciousness, search for intruders, fight, give chase, and perform lip synching, facial expressions, and hundreds of lines of real-time dialog. Dynamic Lighting and Shadow System - Every character and object casts realistic, dynamic shadows that effect stealth gameplay.","You are Garrett, the master thief. Rarely seen and never caught, Garrett is the best that ever was. Able to sneak past any guard, pick any lock, and break into the most ingeniously secured residences. Garrett steals from the wealthy and gives to himself, making his living in the dark and foreboding City.","You are Garrett, the master thief. Rarely seen and never caught, Garrett is the best that ever was. Able to sneak past any guard, pick any lock, and break into the most ingeniously secured residences. Garrett steals from the wealthy and gives to himself, making his living in the dark and foreboding City. Here crime and corruption are commonplace, wealthy nobles prey on the poor and each other, and magic and machinery coexist uneasily. World weary and cynical, Garrett wants nothing more than to be left alone to ply his trade. But things never work out that way. Cutting-edge Action Stealth Gameplay - Hide in the shadows, sneak past the guards, or ambush them from the darkness! Huge Arsenal of Thieves' Tools - Including lock picks, a blackjack, arrows, wall climbing gloves, oil flasks, flash bombs, and a dagger. An Entire City to Explore - Break into any building, mug nobles on the streets, spend your loot, and earn a reputation. Feel like a real thief in a cityscape of unparalleled responsiveness and interactivity. Advanced Artificial Intelligence - AI guards that see and hear, track evidence and suspiciousness, search for intruders, fight, give chase, and perform lip synching, facial expressions, and hundreds of lines of real-time dialog. Dynamic Lighting and Shadow System - Every character and object casts realistic, dynamic shadows that effect stealth gameplay.",0,0,2344,True,False,False,85,https://www.metacritic.com/game/pc/thief-deadly-shadows?ftag=MCD-06-10aaa1f,https://support.eidosmontreal.com/,,English,,Ion Storm,Eidos Interactive Corp.,"2, 28, 55, 57, 62","Single-player, Full controller support, DualShock Controller Support, DualSense Controller Support, Family Sharing",1,Action
7000,Tomb Raider: Legend,https://shared.akamai.steamstatic.com/store_item_assets/steam/apps/7000/header.jpg?t=1729009388,http://www.tombraider.com/legend/,2007-03-29,False,0.97,EUR,"Follow Lara Croft down a path of discovery as she travels the globe to remote, exotic locales in search of one of history's greatest artifacts that unleashes unwelcome figures from Lara's mysterious past. With guns blazing, Lara must use her athletic ability and intellectual wits to explore vast, treacherous tombs, riddled with challenging puzzles and deadly traps. Experience an adrenaline-fueled adventure in Tomb Raider: Legend!KEY FEATURES:Travel the globe as Lara Croft, the critically-acclaimed dual-pistol wielding heroine, of the classic Tomb Raider series. Discover tombs and explore living breathing, lost ancient realms which hold clues to the secrets of Lara's past. Physics, water, and fire systems bring perilous environments of Lara's world alive, creating new deadly challenges and obstacles.Intuitive and fluid control system allows for seamless handling of any obstacle and interaction with dynamic surfaces.Utilize an arsenal of new weapons, communication devices, a grappling hook, and other tools, to achieve your goals. Explore ancient tombs, treacherous jungles, snowy mountain ranges, and more!","Follow Lara Croft down a path of discovery as she travels the globe to remote, exotic locales in search of one of history's greatest artifacts, that unleashes unwelcome figures from Lara's mysterious past.","Follow Lara Croft down a path of discovery as she travels the globe to remote, exotic locales in search of one of history's greatest artifacts that unleashes unwelcome figures from Lara's mysterious past. With guns blazing, Lara must use her athletic ability and intellectual wits to explore vast, treacherous tombs, riddled with challenging puzzles and deadly traps. Experience an adrenaline-fueled adventure in Tomb Raider: Legend!KEY FEATURES:Travel the globe as Lara Croft, the critically-acclaimed dual-pistol wielding heroine, of the classic Tomb Raider series. Discover tombs and explore living breathing, lost ancient realms which hold clues to the secrets of Lara's past. Physics, water, and fire systems bring perilous environments of Lara's world alive, creating new deadly challenges and obstacles.Intuitive and fluid control system allows for seamless handling of any obstacle and interaction with dynamic surfaces.Utilize an arsenal of new weapons, communication devices, a grappling hook, and other tools, to achieve your goals. Explore ancient tombs, treacherous jungles, snowy mountain ranges, and more!",0,0,5402,True,False,False,82,https://www.metacritic.com/game/pc/tomb-raider-legend?ftag=MCD-06-10aaa1f,,,"English, French, Italian, German, Spanish - Spain",,Crystal Dynamics,Crystal Dynamics,"2, 28, 62","Single-player, Full controller support, Family Sharing","1, 25","Action, Adventure"
7010,Project: Snowblind,https://shared.akamai.steamstatic.com/store_item_assets/steam/apps/7010/header.jpg?t=1721932681,http://www.projectsnowblind.com/,2007-03-29,False,5.99,EUR,"Experience the dramatic intensity of the frontlines of a war through the eyes of the first of a new breed of super soldiers in this gritty and epic first-person action game. An augmented super-soldier must stop a renegade regime from eradicating the civilized world. Hong Kong, 2065. 2nd Lt. Nathan Frost is just a regular grunt in an international army called the Liberty Coalition. When he takes massive injuries from an explosion on the battlefield, Frost undergoes an experimental procedure. The outcome of the surgery is something more than human; a transformation that makes him a unique weapons-grade warrior, with abilities that far surpass those of the average soldier. Empowered with these extra-normal abilities via implanted augmentations, Frost is immediately sent to the frontlines of a war as a secret weapon against the destructive regime. Stranded in hostile territory, cut off from command and far outnumbered, Frost and a handful of men must try and stop the entire renegade militia's plan threatening to plunge the world into darkness. Engage in battle online multiplayer with up to 16 players & voice over IP support in classic and new multiplayer modes. A wide variety of game pacing ranges from the frenetic chaos of battlefield action to tactical stealth infiltration style missions. Equip yourself with an arsenal of experimental weaponry such as the Riot Wall™ and Attack Drones, and other high tech gadgetry. Used in combination, the equipment yields a variety and depth of gameplay never before realized, especially in multiplayer play. In multiplayer, vehicles are co-operatively used; one guy drives while the other mans the mounted turrets. Augmentations such as Invisibility, Reflex Boost and Electrical Storm give you an edge on the battlefield against your highly equipped and battle-ready foe. Pick-up & play, visceral action pulls the player through a cinematically immersive storyline from Minute One of play. 11 missions spanning across 16 maps including the Opera House turned Prison, a Buddhist Temple converted to a Military Base, and the sprawling urban Wastelands.","Experience the dramatic intensity of the frontlines of a war through the eyes of the first of a new breed of super soldiers in this gritty and epic first-person action game. An augmented super-soldier must stop a renegade regime from eradicating the civilized world. Hong Kong, 2065. 2nd Lt.","Experience the dramatic intensity of the frontlines of a war through the eyes of the first of a new breed of super soldiers in this gritty and epic first-person action game. An augmented super-soldier must stop a renegade regime from eradicating the civilized world. Hong Kong, 2065. 2nd Lt. Nathan Frost is just a regular grunt in an international army called the Liberty Coalition. When he takes massive injuries from an explosion on the battlefield, Frost undergoes an experimental procedure. The outcome of the surgery is something more than human; a transformation that makes him a unique weapons-grade warrior, with abilities that far surpass those of the average soldier. Empowered with these extra-normal abilities via implanted augmentations, Frost is immediately sent to the frontlines of a war as a secret weapon against the destructive regime. Stranded in hostile territory, cut off from command and far outnumbered, Frost and a handful of men must try and stop the entire renegade militia's plan threatening to plunge the world into darkness. Engage in battle online multiplayer with up to 16 players & voice over IP support in classic and new multiplayer modes. A wide variety of game pacing ranges from the frenetic chaos of battlefield action to tactical stealth infiltration style missions. Equip yourself with an arsenal of experimental weaponry such as the Riot Wall™ and Attack Drones, and other high tech gadgetry. Used in combination, the equipment yields a variety and depth of gameplay never before realized, especially in multiplayer play. In multiplayer, vehicles are co-operatively used; one guy drives while the other mans the mounted turrets. Augmentations such as Invisibility, Reflex Boost and Electrical Storm give you an edge on the battlefield against your highly equipped and battle-ready foe. Pick-up & play, visceral action pulls the player through a cinematically immersive storyline from Minute One of play. 11 missions spanning across 16 maps including the Opera House turned Prison, a Buddhist Temple converted to a Military Base, and the sprawling urban Wastelands.",0,0,717,True,False,False,76,https://www.metacritic.com/game/pc/project-snowblind?ftag=MCD-06-10aaa1f,,,English,,Crystal Dynamics,Square Enix,"2, 1, 62","Single-player, Multi-player, Family Sharing",1,Action
7020,Rogue Trooper,https://shared.akamai.steamstatic.com/store_item_assets/steam/apps/7020/header.jpg?t=1579791638,http://www.rebellion.co.uk/games/rogue-trooper,2007-03-29,False,2.43,EUR,"Nu Earth: a poisoned planet where endless war rages between the Norts and the Southers. A futile struggle on a hostile planet with no end in sight.But there are tales of a lone warrior. A man who can appear out of thin air and take out whole platoons, then disappear back into the shadows to which he belongs. A man who knows no allegiance but to his own mission and is hell-bent on revenge. He is the ultimate soldier, the last survivor of the massacred Genetic Infantrymen......the Rogue Trooper!Intense 3rd-person action on the battlefields of Nu Earth.Use of Helm, Gunnar and Bagman: Rogue's friends brought to life in his equipment, adding depth to the gaming experience.Ability to create the type of ammunition you want, when you want it.Dynamically use the environment to your advantage - conform to objects and terrain, and fire from protected positions. Athletically climb over the environment to gain the advantage over your enemy. Run, leap, and dive for cover.Use the unique upgradeable abilities of your Bio-chipped equipment to strategically outwit your foes.Intense LAN multiplayer action.Note: Multiplayer available via LAN only.","Nu Earth: a poisoned planet where endless war rages between the Norts and the Southers. A futile struggle on a hostile planet with no end in sight. But there are tales of a lone warrior. A man who knows no allegiance, the Rogue Trooper!","Nu Earth: a poisoned planet where endless war rages between the Norts and the Southers. A futile struggle on a hostile planet with no end in sight.But there are tales of a lone warrior. A man who can appear out of thin air and take out whole platoons, then disappear back into the shadows to which he belongs. A man who knows no allegiance but to his own mission and is hell-bent on revenge. He is the ultimate soldier, the last survivor of the massacred Genetic Infantrymen......the Rogue Trooper!Intense 3rd-person action on the battlefields of Nu Earth.Use of Helm, Gunnar and Bagman: Rogue's friends brought to life in his equipment, adding depth to the gaming experience.Ability to create the type of ammunition you want, when you want it.Dynamically use the environment to your advantage - conform to objects and terrain, and fire from protected positions. Athletically climb over the environment to gain the advantage over your enemy. Run, leap, and dive for cover.Use the unique upgradeable abilities of your Bio-chipped equipment to strategically outwit your foes.Intense LAN multiplayer action.Note: Multiplayer available via LAN only.",0,0,490,True,False,False,69,https://www.metacritic.com/game/pc/rogue-trooper?ftag=MCD-06-10aaa1f,https://rebellion.com/support/,,"English, French, German, Italian, Spanish - Spain",,Rebellion,Rebellion,"2, 1, 9, 62","Single-player, Multi-player, Co-op, Family Sharing",1,Action
7110,Jade Empire™: Special Edition,https://shared.akamai.steamstatic.com/store_item_assets/steam/apps/7110/header.jpg?t=1777494940,http://www.bioware.com/en/games/#previous-games,2007-02-27,False,14.99,EUR,"Step into the role of an aspiring martial-arts master and follow the path of the open palm or the closed fist. In this multi-award-winning action-RPG, your choices and actions will determine the fate of the entire Jade Empire. Will you prevent the destruction of this beautiful land, or will you crush it beneath your heel? Are you a warrior who uses his strength and fighting mastery to bring peace, or will you instead use your power to bring pain and ruin? The choice is yours. The Original Award Winning Jade Empire An incredible, engaging story that makes you the noble hero or the treacherous villain! A wealth of fascinating characters to interact with. Beautiful, mysterious lands to explore, discover, and save...or conquer. A rich blend of role-playing and exciting real-time combat. New monsters and enemies. New fighting styles. Customizable, intuitive controls including support for game-pads and keyboard/mouse. Increased graphics resolutions and new visual effects. Improved combat AI and difficulty levels. New world map interface.",Step into the role of an aspiring martial-arts master and follow the path of the open palm or the closed fist.,"Step into the role of an aspiring martial-arts master and follow the path of the open palm or the closed fist. In this multi-award-winning action-RPG, your choices and actions will determine the fate of the entire Jade Empire. Will you prevent the destruction of this beautiful land, or will you crush it beneath your heel? Are you a warrior who uses his strength and fighting mastery to bring peace, or will you instead use your power to bring pain and ruin? The choice is yours. The Original Award Winning Jade Empire An incredible, engaging story that makes you the noble hero or the treacherous villain! A wealth of fascinating characters to interact with. Beautiful, mysterious lands to explore, discover, and save...or conquer. A rich blend of role-playing and exciting real-time combat. New monsters and enemies. New fighting styles. Customizable, intuitive controls including support for game-pads and keyboard/mouse. Increased graphics resolutions and new visual effects. Improved combat AI and difficulty levels. New world map interface.",0,0,1883,True,False,False,81,https://www.metacritic.com/game/pc/jade-empire-special-edition?ftag=MCD-06-10aaa1f,,,"English, French, German, Italian, Spanish - Spain",,BioWare,"BioWare, Electronic Arts","2, 18, 62","Single-player, Partial Controller Support, Family Sharing",3,RPG
7200,Trackmania United Forever,https://shared.akamai.steamstatic.com/store_item_assets/steam/apps/7200/header.jpg?t=1680016410,http://www.tm-united.com/,2008-04-16,False,29.99,EUR,"TrackMania is the most entertaining car racing game ever. Millions of players play it in single or multiplayer modes. TrackMania United Forever is the ultimate TrackMania edition thanks to the numerous additions and innovations it has to offer. This version brings together all the environments of the series and comes with a huge, enriched single-player campaign including 4 different modes and 420 progressively difficult tracks.Drive at mind-blowing speed on today's most spectacular tracks. Soaring jumps, loops, hairpin bends, turbo boosts, track-breakers, rails and ramps...every track delivers a new and intense experience, offering sensational gaming across single and multiplayer modes.Features:4 single player modes (Race, Platform, Stunt and Puzzle) on 420 spectacular progressively challenging tracks. 7 types of vehicles offering different gameplay and driving experiences in 7 TrackMania environments - of which one, Stadium, is compatible with the free game, TrackMania Nations Forever Solo and team based multiplayer modes. Join millions of players online on the TrackMania servers. A spectacular graphics update for the three historic environments (Desert, Snow and Rally. Integrated peer-to-peer sharing system to showcase all of your customizations with your opponents (modified vehicles, avatar...). Earn ""Coppers"", the virtual currency of TrackMania players, by winning medals in solo mode or by trading your TrackMania creations with other players (cars, skins, tracks, videos...) Official rankings in solo and multiplayer. In solo play, along with earning medals for great racing, you can participate in official rankings by recording your best times on the game's tracks. Create your own tracks, vehicles and videos with the TrackMania editors, paint shop and movie studio! Continue with all your data from TrackMania Nations Forever, including medals, ladder positions, scores, and friends.",TrackMania is the most entertaining car racing game ever. Millions of players play it in single or multiplayer modes. TrackMania United Forever is the ultimate TrackMania edition thanks to the numerous additions and innovations it has to offer.,"TrackMania is the most entertaining car racing game ever. Millions of players play it in single or multiplayer modes. TrackMania United Forever is the ultimate TrackMania edition thanks to the numerous additions and innovations it has to offer. This version brings together all the environments of the series and comes with a huge, enriched single-player campaign including 4 different modes and 420 progressively difficult tracks.Drive at mind-blowing speed on today's most spectacular tracks. Soaring jumps, loops, hairpin bends, turbo boosts, track-breakers, rails and ramps...every track delivers a new and intense experience, offering sensational gaming across single and multiplayer modes.Features:4 single player modes (Race, Platform, Stunt and Puzzle) on 420 spectacular progressively challenging tracks. 7 types of vehicles offering different gameplay and driving experiences in 7 TrackMania environments - of which one, Stadium, is compatible with the free game, TrackMania Nations Forever Solo and team based multiplayer modes. Join millions of players online on the TrackMania servers. A spectacular graphics update for the three historic environments (Desert, Snow and Rally. Integrated peer-to-peer sharing system to showcase all of your customizations with your opponents (modified vehicles, avatar...). Earn ""Coppers"", the virtual currency of TrackMania players, by winning medals in solo mode or by trading your TrackMania creations with other players (cars, skins, tracks, videos...) Official rankings in solo and multiplayer. In solo play, along with earning medals for great racing, you can participate in official rankings by recording your best times on the game's tracks. Create your own tracks, vehicles and videos with the TrackMania editors, paint shop and movie studio! Continue with all your data from TrackMania Nations Forever, including medals, ladder positions, scores, and friends.",0,0,2485,True,False,False,80,https://www.metacritic.com/game/pc/trackmania-united?ftag=MCD-06-10aaa1f,https://support.ubi.com/en-US/,,"English, French, German, Italian, Spanish - Spain, Portuguese - Portugal, Japanese, Traditional Chinese, Korean, #lang_slovakian, Dutch, Russian, Hungarian, Czech, Polish",,Nadeo,Ubisoft,"2, 1, 17, 62","Single-player, Multi-player, Includes level editor, Family Sharing",9,Racing
7210,"Runaway, A Road Adventure",https://shared.akamai.steamstatic.com/store_item_assets/steam/apps/7210/header.jpg?t=1650986919,http://www.runaway-thegame.com/,2007-03-14,False,4.99,EUR,"New York, 2000......Without knowing how or why, Brian, a student on the verge of graduating from college, is attacked by Mafia gangsters. During his desperate getaway, in the company of a mysterious striptease dancer, he ends up meeting a wide range of unusual characters. But which ones are trying to help him and which ones are planning to blow his head off? You will have to be very ingenious to figure it out, without forgetting that nobody is who they seem in this explosive mixture of murder, money, ambition, santeria rituals and deception...a whole lot of deception. Approximately 100 settings that are visually rich, containing 30 interactive characters. Characters with soft edges, real-time lighting and shading effects, camera changes, panoramic shots and more. High-quality stereo sound, an original soundtrack with over 24 songs. 3D characters with a cartoon look and high-impact visual features that include 2D and 3D in an unmatchable style.","New York, 2000......Without knowing how or why, Brian, a student on the verge of graduating from college, is attacked by Mafia gangsters. During his desperate getaway, in the company of a mysterious striptease dancer, he ends up meeting a wide range of unusual characters.","New York, 2000......Without knowing how or why, Brian, a student on the verge of graduating from college, is attacked by Mafia gangsters. During his desperate getaway, in the company of a mysterious striptease dancer, he ends up meeting a wide range of unusual characters. But which ones are trying to help him and which ones are planning to blow his head off? You will have to be very ingenious to figure it out, without forgetting that nobody is who they seem in this explosive mixture of murder, money, ambition, santeria rituals and deception...a whole lot of deception. Approximately 100 settings that are visually rich, containing 30 interactive characters. Characters with soft edges, real-time lighting and shading effects, camera changes, panoramic shots and more. High-quality stereo sound, an original soundtrack with over 24 songs. 3D characters with a cartoon look and high-impact visual features that include 2D and 3D in an unmatchable style.",0,0,677,True,False,False,74,https://www.metacritic.com/game/pc/runaway-a-road-adventure?ftag=MCD-06-10aaa1f,,,"English, French","English, French",Pendulo Studios,Focus Entertainment,"2, 62","Single-player, Family Sharing",25,Adventure
7220,"Runaway, The Dream of The Turtle",https://shared.akamai.steamstatic.com/store_item_assets/steam/apps/7220/header.jpg?t=1650987235,http://www.runaway-thegame.com/,2007-03-14,False,4.99,EUR,"Travel to the four corners of the world with Brian and Gina in a crazy story packed full of surprises. Pirates, spies, surfers, soldiers, and even aliens get in on the act - all combining to create a wonderfully rewarding experience to savour and remember forever! With loveable characters, rib-cracking humour, brain-tickling puzzles and stunning graphics, Runaway, The Dream of the Turtle is a glorious sight to behold. Runaway, The Dream of the Turtle is an adventure game that is a pure pleasure to play. A beautifully produced adventure game, with rich scenarios, ever-present humour and captivating puzzles. Hundreds of places to explore throughout the world. Over an hour of superb animated sequences bring to life the intrigue, plot twists and many comic moments. High quality sound featuring cinema quality dubbing, as well an original and hugely inspirational soundtrack with both vocal and instrumental tracks.","Travel to the four corners of the world with Brian and Gina in a crazy story packed full of surprises. Pirates, spies, surfers, soldiers, and even aliens get in on the act - all combining to create a wonderfully rewarding experience to savour and remember forever!","Travel to the four corners of the world with Brian and Gina in a crazy story packed full of surprises. Pirates, spies, surfers, soldiers, and even aliens get in on the act - all combining to create a wonderfully rewarding experience to savour and remember forever! With loveable characters, rib-cracking humour, brain-tickling puzzles and stunning graphics, Runaway, The Dream of the Turtle is a glorious sight to behold. Runaway, The Dream of the Turtle is an adventure game that is a pure pleasure to play. A beautifully produced adventure game, with rich scenarios, ever-present humour and captivating puzzles. Hundreds of places to explore throughout the world. Over an hour of superb animated sequences bring to life the intrigue, plot twists and many comic moments. High quality sound featuring cinema quality dubbing, as well an original and hugely inspirational soundtrack with both vocal and instrumental tracks.",0,0,335,True,False,False,,,,,"English, French",,Pendulo Studios,Focus Entertainment,"2, 62","Single-player, Family Sharing",25,Adventure
7260,Loki,https://shared.akamai.steamstatic.com/store_item_assets/steam/apps/7260/header.jpg?t=1562029560,,2007-10-05,False,9.99,EUR,"A fantasy voyage through the great mythologies, Loki allows the player to take on the role of one of the four heroes of the game, each drawn from a different mythology: a mighty Norse fighter, a fierce Greek warrior, a powerful Egyptian magician or an Aztec shaman who masters the secrets of the spirit world. Whatever hero the player adopts, he must come to the aid of the gods he worships. He will come to realize that behind the chaos that is threatening his world lies Seth, the Egyptian god of darkness and evil, who has returned from the kingdom of the dead. The hero must therefore undertake an epic journey across the various epochs and myths. He will fight a multitude of monsters of all shapes and sizes, and even overthrow a few gods, on his way to preventing Seth establish his wicked reign. An epic adventure across four great mythologies - Aztec, Egyptian, Greek and Norse - allowing the player to live through many of the key episodes that mark these cultures (the siege of Troy, Ragnarok, ......) and setting him in the path of the most prominent figures within each episode (Achilles, Thor, Akhenaton...) Choose from four different heroes with radically different attributes and powers. Each hero has a vast array of spells and skills to help him through his quest. More than 100 monsters of all shapes and sizes. Dare to take on mythological creatures that struck fear into the hearts of our ancestors (Fenrir the giant wolf, the Minotaur in his labyrinth, ...) Innumerable story lines through random generation of decors and items, so that nobody lives the same experience and allowing the game to be played many times without the hero ever having the same set of weapons, armour or spells. Weapons, being made of two parts (loosely «handle» + «cutting edge») and from different materials, can be customised at the village forge to change characteristics. Magic runes, found along the way, can multiply a weapon's power.","A fantasy voyage through the great mythologies, Loki allows the player to take on the role of one of the four heroes of the game, each drawn from a different mythology: a mighty Norse fighter, a fierce Greek warrior, a powerful Egyptian magician or an Aztec shaman who masters the secrets of the spirit world.","A fantasy voyage through the great mythologies, Loki allows the player to take on the role of one of the four heroes of the game, each drawn from a different mythology: a mighty Norse fighter, a fierce Greek warrior, a powerful Egyptian magician or an Aztec shaman who masters the secrets of the spirit world. Whatever hero the player adopts, he must come to the aid of the gods he worships. He will come to realize that behind the chaos that is threatening his world lies Seth, the Egyptian god of darkness and evil, who has returned from the kingdom of the dead. The hero must therefore undertake an epic journey across the various epochs and myths. He will fight a multitude of monsters of all shapes and sizes, and even overthrow a few gods, on his way to preventing Seth establish his wicked reign. An epic adventure across four great mythologies - Aztec, Egyptian, Greek and Norse - allowing the player to live through many of the key episodes that mark these cultures (the siege of Troy, Ragnarok, ......) and setting him in the path of the most prominent figures within each episode (Achilles, Thor, Akhenaton...) Choose from four different heroes with radically different attributes and powers. Each hero has a vast array of spells and skills to help him through his quest. More than 100 monsters of all shapes and sizes. Dare to take on mythological creatures that struck fear into the hearts of our ancestors (Fenrir the giant wolf, the Minotaur in his labyrinth, ...) Innumerable story lines through random generation of decors and items, so that nobody lives the same experience and allowing the game to be played many times without the hero ever having the same set of weapons, armour or spells. Weapons, being made of two parts (loosely «handle» + «cutting edge») and from different materials, can be customised at the village forge to change characteristics. Magic runes, found along the way, can multiply a weapon's power.",0,0,217,True,False,False,61,https://www.metacritic.com/game/pc/loki?ftag=MCD-06-10aaa1f,,,English,,Cyanide Studios,,"2, 1, 62","Single-player, Multi-player, Family Sharing",3,RPG
7340,Azada,https://shared.akamai.steamstatic.com/store_item_assets/steam/apps/7340/header.jpg?t=1764676175,http://www.bigfishgames.com/download-games/1689/azada/index.html,2010-04-21,False,9.99,EUR,"Trapped in a magical puzzle book, the adventurous Titus needs your help to release him from his spell. To do this, you must solve the tricky puzzles of Azada™. Crack the series of puzzles and fill in the missing pages of the enchanted book to free Titus from his prison. Loads of unique puzzles to solve. Boss Puzzles and surprises along the way. Hidden clues unlock levels!","Trapped in a magical puzzle book, the adventurous Titus needs your help to release him from his spell. To do this, you must solve the tricky puzzles of Azada™. Crack the series of puzzles and fill in the missing pages of the enchanted book to free Titus from his prison. Loads of unique puzzles to solve.","Trapped in a magical puzzle book, the adventurous Titus needs your help to release him from his spell. To do this, you must solve the tricky puzzles of Azada™. Crack the series of puzzles and fill in the missing pages of the enchanted book to free Titus from his prison. Loads of unique puzzles to solve. Boss Puzzles and surprises along the way. Hidden clues unlock levels!",0,0,0,True,False,False,,,,,English,,Big Fish Games,BFG Entertainment,"2, 62","Single-player, Family Sharing","4, 23","Casual, Indie"
7510,X-Blades,https://shared.akamai.steamstatic.com/store_item_assets/steam/apps/7510/header.jpg?t=1718187381,http://www.x-blades.com/,2009-04-30,False,12.79,EUR,"In X-Blades, the player takes on the role of the enchanting heroine Ayumi, who survives a breathtaking dance of blades through the Hordes of Darkness. The long-haired beautiful anime, with her pistol blades and mind-blowing leaps, whirls and swirls from one fantastic level to the next.In brief: An anime-style, opulent hack n' slay spectacle for fans of entertaining action games. X-Blades creates a fantastic universe around the attractive heroine, who has to fend off innumerable monsters and imposing boss opponents with her power and tactics. A long list of all sorts of magic spells widens the range of potential forms of attack. Once Ayumi has collected enough experience points, she can activate new skills. The anime-style level design is what really gives X-Blades its special flair. Around 40 magical indoor and outdoor worlds dazzle in an enthralling rhapsody of color. Action and magical effects are impressively incorporated through the use of cinema stylistics such as bullet time or motion blurring.Offense is the best form of defense!Forget the competition - I'll give you all the action you'll ever need! OK... I am a treasure hunter, so my motives maybe aren't always angelic - but my ""Slash Dance"" through the hordes of the Dark is a thing of beauty! Innovative Gunblades and an arsenal of spectacular spells, power-ups and incredible leap combos - you have to catch the cinematic presentation of my adventures - awesome!FEATURES:An absorbing fantasy story with 40 spectacular landscapesMore than 25 types of magic in different classesLearn to play easily with 4 difficulty modes AND alternative endings that depend on your actions!Innovative Gunblades for long-range and close combat, plus new weapons and new outfitsRPG elements in the upgrading of skills and weapons, demonic special mode for the heroine (that's me!)Hidden Power-ups and a Stats screen will hook you into exploring all the levelsOver 30 classes of opponents, plus powerful Boss opponents and an ingenious level design","In X-Blades, the player takes on the role of the enchanting heroine Ayumi, who survives a breathtaking dance of blades through the Hordes of Darkness. The long-haired beautiful anime, with her pistol blades and mind-blowing leaps, whirls and swirls from one fantastic level to the next.","In X-Blades, the player takes on the role of the enchanting heroine Ayumi, who survives a breathtaking dance of blades through the Hordes of Darkness. The long-haired beautiful anime, with her pistol blades and mind-blowing leaps, whirls and swirls from one fantastic level to the next.In brief: An anime-style, opulent hack n' slay spectacle for fans of entertaining action games. X-Blades creates a fantastic universe around the attractive heroine, who has to fend off innumerable monsters and imposing boss opponents with her power and tactics. A long list of all sorts of magic spells widens the range of potential forms of attack. Once Ayumi has collected enough experience points, she can activate new skills. The anime-style level design is what really gives X-Blades its special flair. Around 40 magical indoor and outdoor worlds dazzle in an enthralling rhapsody of color. Action and magical effects are impressively incorporated through the use of cinema stylistics such as bullet time or motion blurring.Offense is the best form of defense!Forget the competition - I'll give you all the action you'll ever need! OK... I am a treasure hunter, so my motives maybe aren't always angelic - but my ""Slash Dance"" through the hordes of the Dark is a thing of beauty! Innovative Gunblades and an arsenal of spectacular spells, power-ups and incredible leap combos - you have to catch the cinematic presentation of my adventures - awesome!FEATURES:An absorbing fantasy story with 40 spectacular landscapesMore than 25 types of magic in different classesLearn to play easily with 4 difficulty modes AND alternative endings that depend on your actions!Innovative Gunblades for long-range and close combat, plus new weapons and new outfitsRPG elements in the upgrading of skills and weapons, demonic special mode for the heroine (that's me!)Hidden Power-ups and a Stats screen will hook you into exploring all the levelsOver 30 classes of opponents, plus powerful Boss opponents and an ingenious level design",3,0,1036,True,True,True,54,https://www.metacritic.com/game/pc/x-blades?ftag=MCD-06-10aaa1f,http://www.topware.com/us/x-blades.html,support@topware.com,"English, French, German, Italian, Spanish - Spain",,Gaijin Entertainment,Topware Interactive,"2, 29, 18, 62","Single-player, Steam Trading Cards, Partial Controller Support, Family Sharing","72, 73, 1, 25, 3","Nudity, Violent, Action, Adventure, RPG"
7520,Two Worlds II HD,https://shared.akamai.steamstatic.com/store_item_assets/steam/apps/7520/header.jpg?t=1666025333,http://www.twoworlds2.com,2011-02-03,False,24.5,EUR,"Updated HD Version 2.06 (August 2018)A breathtaking journey into Antaloor's past. After the downfall of Aziraal, God of Fire, the Dark Lord Gandohar has nearly achieved his objective to disrupt the balance between the elements. Dark magic surges into the land to fill the void. Recognizing the potential for complete control over the dark powers, Gandohar starts to use the power of Aziraal trap within Kyra, the descendant of the Orphans. Despite her ancestry, Kyra cannot endure the strain. With Antaloor already in his clutches, Gandohar concocts a new plan from his stronghold in Oswaroth. There are still those who struggle against the tyrant, hoping to shift the balance of forces in their favor. The fight for Antaloor continues... Five years have passed since dramatic events brought the whole world to the edge of the abyss. The hero is a prisoner in the dungeons of Gandohar's castle. His hopes of saving his sister vanished with his freedom. Just as despair threatens to overcome him, hope comes from where he would have least expected. The Orcs, a race the hero had always hated, have put together a rescue squad that frees the hero from his bonds. He emerges into a land desecrated by evil. He embarks on a journey to shed light on Gandohar's dark past, hoping to discover a weak point in his enemy's defense. If he fails, he will lose his sister forever. Gameplay A perfect mix of flexibility, creativity and state-of-the-art technology ""Two Worlds II"" is a perfect blend of classic and innovated RPG features, atmosphere, and technology. A complex quest system and an exciting main story draw you into the world of Antaloor, made richer by secondary quest scenarios. Rich gameplay and engaging atmosphere propel the story and captures attention, promising danger and exploration throughout the many quests and video sequences. Enhanced AI, balancing standards, experienced authors, an active combat system, the innovative DEMONS™ magic management, and the PAPAK™ alchemy system guarantee enjoyment for new and experienced gamers. An artistic system of attack and defense moves has been integrated into the game. Parries and changing hit results creates a real opportunity for tactics and excitement, as the AI engage in combat and employ strategy of their own. The game also offers extreme flexibility in the weapon and armament design possibilities. The cornerstone at the heart of this feature is the newly created 'CRAFT'™ tool. Players can break down items into their basic materials and create new unique items. ""Two Worlds II"" is also graphically superb. The powerful GRACE™ engine offers technological highlights such as an unlimited number of dynamic light sources, 24 bit HDR post-processing, and Real Eye Adaptation. It will drastically reduce loading times, improve general game performance, and enable full gameplay with only moderate hardware requirements. Key features:A flexible combat system with variable attack moves, parrying and special tricks State-of-the-art technology, thanks to a powerful GRACE™ engine and special tools Lots of mini-games for breaking up gameplay Intuitive user interface for the DEMONS™ Magic system and the PAPAC™ Alchemy system Mercenaries and magically-created beings accompany the player Complex object management with movable and usable items Special CRAFT™ tool enables the individual configuration of armor and weapons Many Boss opponents, including special combat strategies and unique rewards Flexible MoSens system guarantees realistic every day and combat movements Various ways of moving, like walking, running, sprinting, riding, swimming, sailing and teleporting Captivating background story with numerous cutscenes Extensive Multiplayer part including building/setup simulation",Check out the new Velvet Edition bundle including both Two Worlds II and Pirates of the Flying Fortress DLC.,"Updated HD Version 2.06 (August 2018)A breathtaking journey into Antaloor's past. After the downfall of Aziraal, God of Fire, the Dark Lord Gandohar has nearly achieved his objective to disrupt the balance between the elements. Dark magic surges into the land to fill the void. Recognizing the potential for complete control over the dark powers, Gandohar starts to use the power of Aziraal trap within Kyra, the descendant of the Orphans. Despite her ancestry, Kyra cannot endure the strain. With Antaloor already in his clutches, Gandohar concocts a new plan from his stronghold in Oswaroth. There are still those who struggle against the tyrant, hoping to shift the balance of forces in their favor. The fight for Antaloor continues... Five years have passed since dramatic events brought the whole world to the edge of the abyss. The hero is a prisoner in the dungeons of Gandohar's castle. His hopes of saving his sister vanished with his freedom. Just as despair threatens to overcome him, hope comes from where he would have least expected. The Orcs, a race the hero had always hated, have put together a rescue squad that frees the hero from his bonds. He emerges into a land desecrated by evil. He embarks on a journey to shed light on Gandohar's dark past, hoping to discover a weak point in his enemy's defense. If he fails, he will lose his sister forever. Gameplay A perfect mix of flexibility, creativity and state-of-the-art technology ""Two Worlds II"" is a perfect blend of classic and innovated RPG features, atmosphere, and technology. A complex quest system and an exciting main story draw you into the world of Antaloor, made richer by secondary quest scenarios. Rich gameplay and engaging atmosphere propel the story and captures attention, promising danger and exploration throughout the many quests and video sequences. Enhanced AI, balancing standards, experienced authors, an active combat system, the innovative DEMONS™ magic management, and the PAPAK™ alchemy system guarantee enjoyment for new and experienced gamers. An artistic system of attack and defense moves has been integrated into the game. Parries and changing hit results creates a real opportunity for tactics and excitement, as the AI engage in combat and employ strategy of their own. The game also offers extreme flexibility in the weapon and armament design possibilities. The cornerstone at the heart of this feature is the newly created 'CRAFT'™ tool. Players can break down items into their basic materials and create new unique items. ""Two Worlds II"" is also graphically superb. The powerful GRACE™ engine offers technological highlights such as an unlimited number of dynamic light sources, 24 bit HDR post-processing, and Real Eye Adaptation. It will drastically reduce loading times, improve general game performance, and enable full gameplay with only moderate hardware requirements. Key features:A flexible combat system with variable attack moves, parrying and special tricks State-of-the-art technology, thanks to a powerful GRACE™ engine and special tools Lots of mini-games for breaking up gameplay Intuitive user interface for the DEMONS™ Magic system and the PAPAC™ Alchemy system Mercenaries and magically-created beings accompany the player Complex object management with movable and usable items Special CRAFT™ tool enables the individual configuration of armor and weapons Many Boss opponents, including special combat strategies and unique rewards Flexible MoSens system guarantees realistic every day and combat movements Various ways of moving, like walking, running, sprinting, riding, swimming, sailing and teleporting Captivating background story with numerous cutscenes Extensive Multiplayer part including building/setup simulation",14,66,3873,True,True,False,75,https://www.metacritic.com/game/pc/two-worlds-ii?ftag=MCD-06-10aaa1f,http://www.topware.com,support@topware.com,"English, French, German, Italian, Spanish - Spain, Czech, Polish, Russian","English, German, Russian",Reality Pump Studios,"Topware Interactive, ACE","2, 1, 49, 36, 9, 38, 27, 22, 28, 29, 35, 23, 43, 62","Single-player, Multi-player, PvP, Online PvP, Co-op, Online Co-op, Cross-Platform Multiplayer, Steam Achievements, Full controller support, Steam Trading Cards, In-App Purchases, Steam Cloud, Remote Play on TV, Family Sharing",3,RPG
7530,Two Worlds II Castle Defense,https://shared.akamai.steamstatic.com/store_item_assets/steam/apps/7530/header.jpg?t=1577597494,http://www.twoworlds2.com/cd/about-en.html,2011-06-14,False,9.75,EUR,"While the bloody battle between Gandohar’s troops and the armies of the Orcs is raging in front of the gates of Oswaroth, the emperor waits in the depths of his palace on the outcome of the struggle for power. However, he does not know that an elite troop of Orcs, led by Rogdor, is making its way through secret paths into the fortress and is now close to the portals of the throne room... Gameplay Utilize the opportunity to slip into the role of the Emperor Gandohar and his henchman Sordahon! These villains from the ""Two Worlds"" universe are now playable for the first time ever in this strategy game, thus opening an entirely new perspective into the vast world of Antaloor. Using foresight and skill, you must defend abandoned ruins, dark forests and winding catacombs against the onrushing Orcs. Ward off each attack with clever tactics and weaponry, defending Gandohar's throne in the Oswaroth fortress! Are you ready to break the high score and confront the ultimate Castle Defense challenge against opponents from around the world? Key features: Comprehensive campaign mode provides an immersive approach to this strategic title Jump right into the Arena mode for instant action Content based on both ""Two Worlds"" role-playing games A range of environments including ruins, forests and catacombs Two distinct playable characters to lead your army, both equipped with special attacks such as Fire Damage or Ice Bomb Six uniquely different, upgradeable combat units such as Magicians and Rangers Dozens of different enemy archetypes in over 20 independent classes Advanced unit management with a variety of powers at your disposal Massive levels with up to 50 units on-screen simultaneously Individual graphics and sound settings Atmospherically dense level based soundtrack Competitive online high-score hunting in Campaign and Arena modes","While the bloody battle between Gandohar’s troops and the armies of the Orcs is raging in front of the gates of Oswaroth, the emperor waits in the depths of his palace on the outcome of the struggle for power.","While the bloody battle between Gandohar’s troops and the armies of the Orcs is raging in front of the gates of Oswaroth, the emperor waits in the depths of his palace on the outcome of the struggle for power. However, he does not know that an elite troop of Orcs, led by Rogdor, is making its way through secret paths into the fortress and is now close to the portals of the throne room... Gameplay Utilize the opportunity to slip into the role of the Emperor Gandohar and his henchman Sordahon! These villains from the ""Two Worlds"" universe are now playable for the first time ever in this strategy game, thus opening an entirely new perspective into the vast world of Antaloor. Using foresight and skill, you must defend abandoned ruins, dark forests and winding catacombs against the onrushing Orcs. Ward off each attack with clever tactics and weaponry, defending Gandohar's throne in the Oswaroth fortress! Are you ready to break the high score and confront the ultimate Castle Defense challenge against opponents from around the world? Key features: Comprehensive campaign mode provides an immersive approach to this strategic title Jump right into the Arena mode for instant action Content based on both ""Two Worlds"" role-playing games A range of environments including ruins, forests and catacombs Two distinct playable characters to lead your army, both equipped with special attacks such as Fire Damage or Ice Bomb Six uniquely different, upgradeable combat units such as Magicians and Rangers Dozens of different enemy archetypes in over 20 independent classes Advanced unit management with a variety of powers at your disposal Massive levels with up to 50 units on-screen simultaneously Individual graphics and sound settings Atmospherically dense level based soundtrack Competitive online high-score hunting in Campaign and Arena modes",0,0,307,True,True,False,,,http://www.twoworlds2.com/cd/,support@topware.com,"English, French, German, Italian, Russian, Spanish - Spain","English, Spanish - Spain",Reality Pump Studios,Topware Interactive,"2, 29, 23, 62","Single-player, Steam Trading Cards, Steam Cloud, Family Sharing",2,Strategy
7600,Sid Meier's Railroads!,https://shared.akamai.steamstatic.com/store_item_assets/steam/apps/7600/header.jpg?t=1777585143,http://www.2kgames.com/railroads/railroads.html,2007-05-04,False,9.99,EUR,"Sid Meier's Railroads! marks the return of the watershed title in simulation/strategy gaming that launched the popular ""tycoon"" genre, and inspired a new generation of games. Sid Meier's Railroads! comes home to its original creator, the legendary Sid Meier, who, together with his team at Firaxis Games, will take this game to a whole new level of fun! The greatest railroad building game of all time is back in a vibrant 3D world delivering a streamlined interface and unmatched gameplay, that's easy to learn yet challenging to master. Creators of the world's best strategy game, Civilization IV, Sid Meier and Firaxis Games put you in charge of building the greatest rail empire in the nation - managing trains, cargo and your bottom line - while engaging in all-out corporate warfare against rival tycoons, slick entrepreneurs, and robber barons! *Multiplayer available in LAN mode only.","Sid Meier's Railroads! marks the return of the watershed title in simulation/strategy gaming that launched the popular ""tycoon"" genre, and inspired a new generation of games. Sid Meier's Railroads!","Sid Meier's Railroads! marks the return of the watershed title in simulation/strategy gaming that launched the popular ""tycoon"" genre, and inspired a new generation of games. Sid Meier's Railroads! comes home to its original creator, the legendary Sid Meier, who, together with his team at Firaxis Games, will take this game to a whole new level of fun! The greatest railroad building game of all time is back in a vibrant 3D world delivering a streamlined interface and unmatched gameplay, that's easy to learn yet challenging to master. Creators of the world's best strategy game, Civilization IV, Sid Meier and Firaxis Games put you in charge of building the greatest rail empire in the nation - managing trains, cargo and your bottom line - while engaging in all-out corporate warfare against rival tycoons, slick entrepreneurs, and robber barons! *Multiplayer available in LAN mode only.",0,0,2623,True,True,False,77,https://www.metacritic.com/game/pc/sid-meiers-railroads!?ftag=MCD-06-10aaa1f,,,"English, French, German, Italian, Spanish - Spain",,"Firaxis Games, Feral Interactive (Mac)","2K, Feral Interactive (Mac)","2, 1, 62","Single-player, Multi-player, Family Sharing",2,Strategy
7610,Railroad Tycoon 3,https://shared.akamai.steamstatic.com/store_item_assets/steam/apps/7610/header.jpg?t=1569013196,,2007-05-04,False,9.99,EUR,"Railroad Tycoon 3 features 25 scenarios challenging players to recreate magnificent feats of railroading history from around the world. Players can lay track (including tunnels and overpasses), pick from over 40 locomotives from early steams to modern bullets, choose to haul over 35 types of cargo in a dynamic economy, and participate in an advanced stock market. The new 3-D engine takes the franchise to the next level, allowing smooth scaling from an 'eye in the sky' view of an entire continent down to super detailed close-up of a beautifully modeled train, building, or just the landscape. Railroad Tycoon 3 also includes more multiplayer support than its predecessor, integrating an on-line chat and matchmaking service. To top everything off, the game's soundtrack features another installment of some of the best authentic blues, bluegrass, and Americana music around. Multiplayer available in LAN mode only.","Railroad Tycoon 3 features 25 scenarios challenging players to recreate magnificent feats of railroading history from around the world. Players can lay track (including tunnels and overpasses), pick from over 40 locomotives from early steams to modern bullets, choose to haul over 35 types of cargo in a dynamic economy, and participate in...","Railroad Tycoon 3 features 25 scenarios challenging players to recreate magnificent feats of railroading history from around the world. Players can lay track (including tunnels and overpasses), pick from over 40 locomotives from early steams to modern bullets, choose to haul over 35 types of cargo in a dynamic economy, and participate in an advanced stock market. The new 3-D engine takes the franchise to the next level, allowing smooth scaling from an 'eye in the sky' view of an entire continent down to super detailed close-up of a beautifully modeled train, building, or just the landscape. Railroad Tycoon 3 also includes more multiplayer support than its predecessor, integrating an on-line chat and matchmaking service. To top everything off, the game's soundtrack features another installment of some of the best authentic blues, bluegrass, and Americana music around. Multiplayer available in LAN mode only.",0,0,1126,True,False,False,80,https://www.metacritic.com/game/pc/railroad-tycoon-3?ftag=MCD-06-10aaa1f,http://support.2k.com/home,,"English, French, German, Italian, Spanish - Spain",,PopTop,2K,"2, 1, 62","Single-player, Multi-player, Family Sharing",2,Strategy
7620,Railroad Tycoon II Platinum,https://shared.akamai.steamstatic.com/store_item_assets/steam/apps/7620/header.jpg?t=1569013478,,2007-05-04,False,4.99,EUR,"Includes Railroad Tycoon II and the expansion The Second Century It can take you from New York to South Africa. It can take you from the year 1804 to the year 2000. It can take you from penniless manual laborer to powerful multi-millionaire. It can take you from a normal, well-adjusted, well-rounded person to an obsessed, singled-minded, one-tracked train head. This is a real railroad game, not just a strategy game that happens to involve railroads. If you want to hop on a plane, car or ship, hop on another game. This game is about trains for people who love trains. Everything about the game is centered around an authentic look and feeling of the railways. Period video and pictures are interlaced with the game. The design and interface are true to the character of the fabled late 1800's railroads. A.I. opponents are based on real people. And all maps are real (based on satellite photography from US Geological Service and other sources).",Includes Railroad Tycoon II and the expansion The Second Century It can take you from New York to South Africa. It can take you from the year 1804 to the year 2000. It can take you from penniless manual laborer to powerful multi-millionaire.,"Includes Railroad Tycoon II and the expansion The Second Century It can take you from New York to South Africa. It can take you from the year 1804 to the year 2000. It can take you from penniless manual laborer to powerful multi-millionaire. It can take you from a normal, well-adjusted, well-rounded person to an obsessed, singled-minded, one-tracked train head. This is a real railroad game, not just a strategy game that happens to involve railroads. If you want to hop on a plane, car or ship, hop on another game. This game is about trains for people who love trains. Everything about the game is centered around an authentic look and feeling of the railways. Period video and pictures are interlaced with the game. The design and interface are true to the character of the fabled late 1800's railroads. A.I. opponents are based on real people. And all maps are real (based on satellite photography from US Geological Service and other sources).",0,0,1340,True,False,False,89,https://www.metacritic.com/game/pc/railroad-tycoon-ii?ftag=MCD-06-10aaa1f,,,English,,PopTop,2K,"2, 62","Single-player, Family Sharing",2,Strategy
7650,X-COM: Terror From the Deep,https://shared.akamai.steamstatic.com/store_item_assets/steam/apps/7650/header.jpg?t=1568749080,,2007-05-04,False,4.99,EUR,"The war continues... X-COM: UFO Defense brought you to a galactic battlefield. X-COM: Terror from the Deep brings the alien terror into a totally new dimension.Seeking to take advantage of a weakened Earth, X-COM's deep space foes unexpectedly change strategy and launch a powerful second front against planet Earth.In the dark depths of vast oceans, long sleeping forces are awakened by reanimation signals sent out across the galactic silence by their interstellar brothers and sisters. Slowly but surely, an army of hibernating alien sea creatures awakens. Your combat now extends to the strange new worlds of the deep where superior alien technologies threaten the very survival of this planet - your planet - Earth.Sequel to the hugely successful X-COM: UFO DefenseActual undersea geoscape mapping system with rich topographic detailFull array of undersea military technologyRich graphics feature water coloration and wrecksMultilevel tactical maps featuring both underseascapes and buildingsAlien encyclopedia features mutation technology and new watery denizens","The war continues... X-COM: UFO Defense brought you to a galactic battlefield. X-COM: Terror from the Deep brings the alien terror into a totally new dimension.Seeking to take advantage of a weakened Earth, X-COM's deep space foes unexpectedly change strategy and launch a powerful second front against planet Earth.","The war continues... X-COM: UFO Defense brought you to a galactic battlefield. X-COM: Terror from the Deep brings the alien terror into a totally new dimension.Seeking to take advantage of a weakened Earth, X-COM's deep space foes unexpectedly change strategy and launch a powerful second front against planet Earth.In the dark depths of vast oceans, long sleeping forces are awakened by reanimation signals sent out across the galactic silence by their interstellar brothers and sisters. Slowly but surely, an army of hibernating alien sea creatures awakens. Your combat now extends to the strange new worlds of the deep where superior alien technologies threaten the very survival of this planet - your planet - Earth.Sequel to the hugely successful X-COM: UFO DefenseActual undersea geoscape mapping system with rich topographic detailFull array of undersea military technologyRich graphics feature water coloration and wrecksMultilevel tactical maps featuring both underseascapes and buildingsAlien encyclopedia features mutation technology and new watery denizens",0,0,763,True,False,False,,,,,"English, French, German, Spanish - Spain",,"MicroProse Software, Inc",2K,"2, 62","Single-player, Family Sharing",2,Strategy
7660,X-COM: Apocalypse,https://shared.akamai.steamstatic.com/store_item_assets/steam/apps/7660/header.jpg?t=1571243661,,2008-09-04,False,4.99,EUR,"There's something evil in the city tonight... Earth has been ravaged by human excess, petty conflict and alien invasion. The world's population has been herded into huge cities, the first of which was Mega Primus. 2084: A Utopia shattered, social collapse and civil unrest reigns in Mega Primus. Fiendish aliens terrorize the city. UFOs swarm through Dimensional Gateways. The city's under siege from an unknown enemy. Your mission, as X-COM Commander, is to combat alien aggression and uncover their deadly intentions. But Beware! Alien infiltration into the city and its politics could see you under fire from criminal gangs, religious sects, and even the police! Alien fleets fill the skies, creatures terrorize the city, chaos reigns... Welcome to the war, welcome to the Apocalypse. Features: Explosive third game from the highly successful and thrilling X-Com series, following X-COM: UFO Defense and X-COM: Terror from the Deep. Battle alien invasion fleets over the city of Mega Primus in real-time. Combat the alien infestation in real-time or turn-based tactical missions. Research alien-based technology. Create newer and more destructive weaponry. Destroy alien sympathizers and stem alien infiltration. Wage war on new worlds in the Alien Dimension.","There's something evil in the city tonight... Earth has been ravaged by human excess, petty conflict and alien invasion. The world's population has been herded into huge cities, the first of which was Mega Primus. 2084: A Utopia shattered, social collapse and civil unrest reigns in Mega Primus. Fiendish aliens terrorize the city.","There's something evil in the city tonight... Earth has been ravaged by human excess, petty conflict and alien invasion. The world's population has been herded into huge cities, the first of which was Mega Primus. 2084: A Utopia shattered, social collapse and civil unrest reigns in Mega Primus. Fiendish aliens terrorize the city. UFOs swarm through Dimensional Gateways. The city's under siege from an unknown enemy. Your mission, as X-COM Commander, is to combat alien aggression and uncover their deadly intentions. But Beware! Alien infiltration into the city and its politics could see you under fire from criminal gangs, religious sects, and even the police! Alien fleets fill the skies, creatures terrorize the city, chaos reigns... Welcome to the war, welcome to the Apocalypse. Features: Explosive third game from the highly successful and thrilling X-Com series, following X-COM: UFO Defense and X-COM: Terror from the Deep. Battle alien invasion fleets over the city of Mega Primus in real-time. Combat the alien infestation in real-time or turn-based tactical missions. Research alien-based technology. Create newer and more destructive weaponry. Destroy alien sympathizers and stem alien infiltration. Wage war on new worlds in the Alien Dimension.",0,0,844,True,False,False,,,http://support.2k.com/hc/en-us/requests/new,,English,,"MicroProse Software, Inc",2K,"2, 62","Single-player, Family Sharing",2,Strategy
7670,BioShock™,https://shared.akamai.steamstatic.com/store_item_assets/steam/apps/7670/header.jpg?t=1730172622,http://www.BioShockGame.com,2007-08-21,False,4.99,EUR,"BioShock is a shooter unlike any you've ever played, loaded with weapons and tactics never seen. You'll have a complete arsenal at your disposal from simple revolvers to grenade launchers and chemical throwers, but you'll also be forced to genetically modify your DNA to create an even more deadly weapon: you. Injectable plasmids give you super human powers: blast electrical currents into water to electrocute multiple enemies, or freeze them solid and obliterate them with the swing of a wrench. No encounter ever plays out the same, and no two gamers will play the game the same way.Biologically modify your body: send fire storming from your fingertips and unleash a swarm of killer hornets hatched from the veins in your arms.Hack devices and systems, upgrade your weapons and craft new ammo variants.Turn everything into a weapon: the environment, your body, fire and water, and even your worst enemies.Explore an incredible and unique art deco world hidden deep under the ocean.BioShock: Breaking the MoldA free download that takes an inside look at the art of BioShock.","BioShock is a shooter unlike any you've ever played, loaded with weapons and tactics never seen. You'll have a complete arsenal at your disposal from simple revolvers to grenade launchers and chemical throwers, but you'll also be forced to genetically modify your DNA to create an even more deadly weapon: you.","BioShock is a shooter unlike any you've ever played, loaded with weapons and tactics never seen. You'll have a complete arsenal at your disposal from simple revolvers to grenade launchers and chemical throwers, but you'll also be forced to genetically modify your DNA to create an even more deadly weapon: you. Injectable plasmids give you super human powers: blast electrical currents into water to electrocute multiple enemies, or freeze them solid and obliterate them with the swing of a wrench. No encounter ever plays out the same, and no two gamers will play the game the same way.Biologically modify your body: send fire storming from your fingertips and unleash a swarm of killer hornets hatched from the veins in your arms.Hack devices and systems, upgrade your weapons and craft new ammo variants.Turn everything into a weapon: the environment, your body, fire and water, and even your worst enemies.Explore an incredible and unique art deco world hidden deep under the ocean.BioShock: Breaking the MoldA free download that takes an inside look at the art of BioShock.",0,0,25135,True,False,False,96,https://www.metacritic.com/game/pc/bioshock?ftag=MCD-06-10aaa1f,support.2k.com,,"English, French, German, Italian, Spanish - Spain","English, French, German, Italian, Spanish - Spain","2K Boston, 2K Australia",2K,"2, 18, 62","Single-player, Partial Controller Support, Family Sharing","1, 3","Action, RPG"
7730,X-COM: Interceptor,https://shared.akamai.steamstatic.com/store_item_assets/steam/apps/7730/header.jpg?t=1571243765,,2008-09-04,False,4.99,EUR,"They're back...only this time the heinous aliens are out to destroy Earth and rule the new frontier. As X-COM commander, it's your sole duty to protect humanity and the prized mining operations in outer space. You must strategically equip your X-COM fighters, amass a formidable arsenal and then fulfill your mandate by going head-to-head with the devious element. The action is fast. And the opposing forces are wicked. But if you are smart, diligent and quick, you will prevail in a masterfully fought campaign to save our planet from perilous collapse. Features: Wreak complete destruction in an addictive and seamless combination of combat action and strategy. Mastermind your plan by purchasing equipment, hiring pilots and researching new technologies. Pilot your own X-COM attack ship in a face-to-face 3D real-time first person environment.","They're back...only this time the heinous aliens are out to destroy Earth and rule the new frontier. As X-COM commander, it's your sole duty to protect humanity and the prized mining operations in outer space.","They're back...only this time the heinous aliens are out to destroy Earth and rule the new frontier. As X-COM commander, it's your sole duty to protect humanity and the prized mining operations in outer space. You must strategically equip your X-COM fighters, amass a formidable arsenal and then fulfill your mandate by going head-to-head with the devious element. The action is fast. And the opposing forces are wicked. But if you are smart, diligent and quick, you will prevail in a masterfully fought campaign to save our planet from perilous collapse. Features: Wreak complete destruction in an addictive and seamless combination of combat action and strategy. Mastermind your plan by purchasing equipment, hiring pilots and researching new technologies. Pilot your own X-COM attack ship in a face-to-face 3D real-time first person environment.",0,0,161,True,False,False,,,,,English,,"MicroProse Software, Inc",2K,"2, 1, 62","Single-player, Multi-player, Family Sharing",2,Strategy
7760,X-COM: UFO Defense,https://shared.akamai.steamstatic.com/store_item_assets/steam/apps/7760/header.jpg?t=1571243544,,2008-09-04,False,4.99,EUR,"You are in control of X-COM: an organization formed by the world's governments to fight the ever-increasing alien menace. Features: Command deadly close-combat battles Shooting down UFOs is just the beginning: you must then lead a squad of heavily-armed soldiers across different terrains as they investigate the UFO crash site. Tackle the aliens with automatic rifles, rocket launchers, and even tanks in the struggle to retrieve useful technology, weapons or life forms. Research and manufacture alien technologies Successful ground assault missions will allow X-COM scientists to analyze alien items. Each new breakthrough brings you a little closer to understanding the technology and culture of the alien races. Once you have sufficient research data on the UFO's superior weapons and crafts, you'll be able to manufacture weapons of equal capability. Develop a strategy to save the Earth You must make every crucial decision as you combat the powerful alien forces. But you'll also need to watch the world political situation: governments may be forced into secret pacts with the aliens and then begin to reduce X-COM funding.",You are in control of X-COM: an organization formed by the world's governments to fight the ever-increasing alien menace.,"You are in control of X-COM: an organization formed by the world's governments to fight the ever-increasing alien menace. Features: Command deadly close-combat battles Shooting down UFOs is just the beginning: you must then lead a squad of heavily-armed soldiers across different terrains as they investigate the UFO crash site. Tackle the aliens with automatic rifles, rocket launchers, and even tanks in the struggle to retrieve useful technology, weapons or life forms. Research and manufacture alien technologies Successful ground assault missions will allow X-COM scientists to analyze alien items. Each new breakthrough brings you a little closer to understanding the technology and culture of the alien races. Once you have sufficient research data on the UFO's superior weapons and crafts, you'll be able to manufacture weapons of equal capability. Develop a strategy to save the Earth You must make every crucial decision as you combat the powerful alien forces. But you'll also need to watch the world political situation: governments may be forced into secret pacts with the aliens and then begin to reduce X-COM funding.",0,0,3199,True,False,False,,,http://support.2k.com/home,,English,,"MicroProse Software, Inc",2K,"2, 62","Single-player, Family Sharing",2,Strategy
7770,X-COM: Enforcer,https://shared.akamai.steamstatic.com/store_item_assets/steam/apps/7770/header.jpg?t=1571243874,,2008-09-04,False,4.99,EUR,"X-COM: Earth's top-secret eXtraterrestrial COMbat unit The Place: America - early 21st century The Mission: Eradicate the extraterrestrials Alien forces have invaded Earth and are terrorizing the population. To combat this sinister threat, a lone X-COM scientist has created the Enforcer, a high-tech fighting machine made of earthly robotics and scavenged alien technology. Armed with the latest high-powered weapons, the Enforcer is sent into alien hot spots to fight in adrenaline-charged battles that rage on city streets, across rooftops and in the sewers. YOU are the Enforcer. Powered by the same game engine as Unreal Tournament™, X-COM ENFORCER™ puts you on the front line of an alien attack.",X-COM: Earth's top-secret eXtraterrestrial COMbat unit The Place: America - early 21st century The Mission: Eradicate the extraterrestrials Alien forces have invaded Earth and are terrorizing the population.,"X-COM: Earth's top-secret eXtraterrestrial COMbat unit The Place: America - early 21st century The Mission: Eradicate the extraterrestrials Alien forces have invaded Earth and are terrorizing the population. To combat this sinister threat, a lone X-COM scientist has created the Enforcer, a high-tech fighting machine made of earthly robotics and scavenged alien technology. Armed with the latest high-powered weapons, the Enforcer is sent into alien hot spots to fight in adrenaline-charged battles that rage on city streets, across rooftops and in the sewers. YOU are the Enforcer. Powered by the same game engine as Unreal Tournament™, X-COM ENFORCER™ puts you on the front line of an alien attack.",0,0,310,True,False,False,65,https://www.metacritic.com/game/pc/x-com-enforcer?ftag=MCD-06-10aaa1f,,,English,,"MicroProse Software, Inc",2K,"2, 1, 62","Single-player, Multi-player, Family Sharing",2,Strategy
